CustomerId,Date,Transaction Details,Type,Amount,Balance,Category
C1,01-09-2024,UPI/General Txn,CREDIT,222.55,25244.29,General
C1,01-09-2024,UPI/General Txn,DEBIT,783.74,67993.25,General
C1,01-09-2024,UPI/General Txn,DEBIT,4471.68,59458.76,General
C1,01-09-2024,UPI/General Txn,DEBIT,255.74,22645.16,General
C1,01-09-2024,UPI/General Txn,DEBIT,2576.24,56563.26,General
C1,01-09-2024,UPI/General Txn,CREDIT,3608.5,22823.62,General
C1,01-09-2024,UPI/General Txn,DEBIT,2987.4,76121.93,General
C1,01-09-2024,UPI/General Txn,CREDIT,882.33,34684.8,General
C1,02-09-2024,UPI/General Txn,CREDIT,1155.04,11118.82,General
C1,02-09-2024,UPI/General Txn,CREDIT,1961.64,84901.94,General
C1,02-09-2024,UPI/General Txn,DEBIT,3058.26,73243.45,General
C1,02-09-2024,UPI/General Txn,CREDIT,2727.52,8801.22,General
C1,02-09-2024,UPI/General Txn,CREDIT,1536.57,58157.86,General
C1,02-09-2024,UPI/General Txn,DEBIT,3552.4,66465.07,General
C1,02-09-2024,UPI/General Txn,DEBIT,3888.03,85676.45,General
C1,02-09-2024,UPI/General Txn,CREDIT,4345.77,28519.39,General
C1,02-09-2024,UPI/General Txn,CREDIT,3214.85,17102.76,General
C1,03-09-2024,UPI/General Txn,CREDIT,1126.58,70480.21,General
C1,03-09-2024,UPI/General Txn,DEBIT,3449.38,61303.97,General
C1,03-09-2024,UPI/General Txn,DEBIT,938.58,17176.85,General
C1,03-09-2024,UPI/General Txn,DEBIT,1959.33,68776.81,General
C1,03-09-2024,UPI/General Txn,DEBIT,4229.97,23675.76,General
C1,03-09-2024,UPI/General Txn,CREDIT,257.29,40715.31,General
C1,03-09-2024,UPI/General Txn,CREDIT,424.32,22050.03,General
C1,03-09-2024,UPI/General Txn,CREDIT,2546.23,15144.29,General
C1,03-09-2024,UPI/General Txn,CREDIT,784.19,74954.37,General
C1,03-09-2024,UPI/General Txn,CREDIT,2199.33,36837.65,General
C1,04-09-2024,UPI/General Txn,DEBIT,2596.68,75822.43,General
C1,04-09-2024,UPI/General Txn,DEBIT,4319.4,63117.16,General
C1,04-09-2024,UPI/General Txn,CREDIT,3981.19,60044.49,General
C1,04-09-2024,UPI/General Txn,CREDIT,1985.36,53382.32,General
C1,04-09-2024,UPI/General Txn,DEBIT,4858.28,68348.06,General
C1,04-09-2024,UPI/General Txn,CREDIT,661.3,77091.27,General
C1,04-09-2024,UPI/General Txn,CREDIT,1766.86,44041.76,General
C1,04-09-2024,UPI/General Txn,CREDIT,2323.25,97216.92,General
C1,04-09-2024,UPI/General Txn,DEBIT,3833.61,87181.34,General
C1,05-09-2024,UPI/General Txn,DEBIT,4224.18,16131.09,General
C1,05-09-2024,UPI/General Txn,DEBIT,3836.3,60295.51,General
C1,05-09-2024,UPI/General Txn,DEBIT,2494.17,92980.76,General
C1,05-09-2024,UPI/General Txn,CREDIT,4405.74,24705.78,General
C1,05-09-2024,UPI/General Txn,DEBIT,1280.27,9479.69,General
C1,05-09-2024,UPI/General Txn,DEBIT,2481.35,97820.46,General
C1,05-09-2024,UPI/General Txn,DEBIT,2710.26,13710.75,General
C1,05-09-2024,UPI/General Txn,DEBIT,2428.88,27240.61,General
C1,05-09-2024,UPI/General Txn,CREDIT,4374.92,96471.93,General
C1,05-09-2024,UPI/General Txn,DEBIT,4651.68,71581.95,General
C1,06-09-2024,UPI/General Txn,CREDIT,4976.23,44371.91,General
C1,06-09-2024,UPI/General Txn,DEBIT,2636.12,25542.66,General
C1,06-09-2024,UPI/General Txn,DEBIT,413.73,59242.56,General
C1,06-09-2024,UPI/General Txn,DEBIT,1227.56,1711.89,General
C1,06-09-2024,UPI/General Txn,DEBIT,3568.42,23665.24,General
C1,06-09-2024,UPI/General Txn,CREDIT,4536.56,8014.88,General
C1,06-09-2024,UPI/General Txn,CREDIT,1266.22,22209.44,General
C1,06-09-2024,UPI/General Txn,CREDIT,748.33,25056.73,General
C1,06-09-2024,UPI/General Txn,CREDIT,2417.57,19850.58,General
C1,06-09-2024,UPI/General Txn,CREDIT,574.96,36075.46,General
C1,06-09-2024,UPI/General Txn,DEBIT,2114.4,67663.09,General
C1,07-09-2024,UPI/General Txn,CREDIT,397,80258.66,General
C1,07-09-2024,UPI/General Txn,DEBIT,635.42,19830.68,General
C1,07-09-2024,UPI/General Txn,CREDIT,2298.21,19165.32,General
C1,07-09-2024,UPI/General Txn,DEBIT,2366.88,44869.94,General
C1,07-09-2024,UPI/General Txn,DEBIT,4320.61,6008.24,General
C1,07-09-2024,UPI/General Txn,DEBIT,4996.48,96930.63,General
C1,07-09-2024,UPI/General Txn,DEBIT,4639.2,17464.8,General
C1,07-09-2024,UPI/General Txn,DEBIT,2479.64,86600.39,General
C1,08-09-2024,UPI/General Txn,DEBIT,906.72,98545.58,General
C1,08-09-2024,UPI/General Txn,CREDIT,1399.49,29239.67,General
C1,08-09-2024,UPI/General Txn,CREDIT,3513.3,16324.89,General
C1,08-09-2024,UPI/General Txn,DEBIT,1553.87,58338.85,General
C1,08-09-2024,UPI/General Txn,CREDIT,2756.76,6659.36,General
C1,08-09-2024,UPI/General Txn,DEBIT,2962.47,6631.08,General
C1,08-09-2024,UPI/General Txn,DEBIT,2588.36,7783.61,General
C1,08-09-2024,UPI/General Txn,DEBIT,433.01,40973.78,General
C1,09-09-2024,UPI/General Txn,DEBIT,1306.46,62318.77,General
C1,09-09-2024,UPI/General Txn,CREDIT,2154.2,93535.92,General
C1,09-09-2024,UPI/General Txn,CREDIT,1100.87,24629.91,General
C1,09-09-2024,UPI/General Txn,CREDIT,2039.35,46265.23,General
C1,09-09-2024,UPI/General Txn,DEBIT,4652.19,1922.23,General
C1,09-09-2024,UPI/General Txn,DEBIT,3143.68,8252.81,General
C1,09-09-2024,UPI/General Txn,CREDIT,1144.46,14113.2,General
C1,09-09-2024,UPI/General Txn,DEBIT,1810.14,88047.75,General
C1,09-09-2024,UPI/General Txn,DEBIT,1910.68,44380.27,General
C1,09-09-2024,UPI/General Txn,CREDIT,2761.77,61556.1,General
C1,09-09-2024,UPI/General Txn,DEBIT,4937.44,67118.46,General
C1,09-09-2024,UPI/General Txn,DEBIT,2817.55,93954.07,General
C1,10-09-2024,UPI/General Txn,DEBIT,1395.88,74499.25,General
C1,10-09-2024,UPI/General Txn,CREDIT,861.69,60878.15,General
C1,10-09-2024,UPI/General Txn,DEBIT,3616.3,69062.22,General
C1,10-09-2024,UPI/General Txn,CREDIT,4279.27,25861,General
C1,10-09-2024,UPI/General Txn,DEBIT,4549.98,10137.55,General
C1,10-09-2024,UPI/General Txn,CREDIT,2175.52,5364.59,General
C1,10-09-2024,UPI/General Txn,DEBIT,1734.43,64074.22,General
C1,10-09-2024,UPI/General Txn,CREDIT,1383.58,55616.36,General
C1,10-09-2024,UPI/General Txn,DEBIT,2195.67,12075.51,General
C1,11-09-2024,UPI/General Txn,CREDIT,2773.39,58668.45,General
C1,11-09-2024,UPI/General Txn,DEBIT,825.66,5141.06,General
C1,11-09-2024,UPI/General Txn,DEBIT,1886.79,89993.54,General
C1,11-09-2024,UPI/General Txn,DEBIT,1129.38,67026.41,General
C1,11-09-2024,UPI/General Txn,CREDIT,1833.03,97409.87,General
C1,11-09-2024,UPI/General Txn,DEBIT,3772.44,86595.96,General
C1,11-09-2024,UPI/General Txn,DEBIT,4883.41,88260.2,General
C1,11-09-2024,UPI/General Txn,CREDIT,221.45,78456.26,General
C1,11-09-2024,UPI/General Txn,DEBIT,2117.39,27413.77,General
C1,12-09-2024,UPI/General Txn,DEBIT,1974.45,86000.73,General
C1,12-09-2024,UPI/General Txn,CREDIT,1189.93,35616.18,General
C1,12-09-2024,UPI/General Txn,DEBIT,4120.63,23069.43,General
C1,12-09-2024,UPI/General Txn,CREDIT,3334.16,33497.93,General
C1,12-09-2024,UPI/General Txn,CREDIT,4335.33,35763.47,General
C1,12-09-2024,UPI/General Txn,CREDIT,2596.09,93984.48,General
C1,12-09-2024,UPI/General Txn,CREDIT,665.17,18678.21,General
C1,12-09-2024,UPI/General Txn,CREDIT,4816.42,4787.46,General
C1,13-09-2024,UPI/General Txn,CREDIT,2229.36,44202.99,General
C1,13-09-2024,UPI/General Txn,DEBIT,4922.76,39134.35,General
C1,13-09-2024,UPI/General Txn,CREDIT,2925.28,5394.27,General
C1,13-09-2024,UPI/General Txn,DEBIT,2236.68,37057.93,General
C1,13-09-2024,UPI/General Txn,CREDIT,442.87,62692.39,General
C1,13-09-2024,UPI/General Txn,DEBIT,3350.6,72255.67,General
C1,13-09-2024,UPI/General Txn,CREDIT,1571.58,67022.4,General
C1,13-09-2024,UPI/General Txn,CREDIT,1698.3,55886.84,General
C1,13-09-2024,UPI/General Txn,CREDIT,1040.02,68054.48,General
C1,13-09-2024,UPI/General Txn,CREDIT,4523.75,41201.44,General
C1,13-09-2024,UPI/General Txn,CREDIT,4185.25,29404.46,General
C1,13-09-2024,UPI/General Txn,CREDIT,2206.45,47033.83,General
C1,14-09-2024,UPI/General Txn,CREDIT,3410.57,79579.8,General
C1,14-09-2024,UPI/General Txn,DEBIT,4803.18,66226.22,General
C1,14-09-2024,UPI/General Txn,CREDIT,1490.55,10245.33,General
C1,14-09-2024,UPI/General Txn,DEBIT,4764.8,67606.77,General
C1,14-09-2024,UPI/General Txn,DEBIT,1200.74,15588.04,General
C1,14-09-2024,UPI/General Txn,CREDIT,326.45,61516.12,General
C1,14-09-2024,UPI/General Txn,CREDIT,3865.6,42029.66,General
C1,14-09-2024,UPI/General Txn,DEBIT,3185.85,72116.25,General
C1,14-09-2024,UPI/General Txn,CREDIT,1981.49,25154.46,General
C1,14-09-2024,UPI/General Txn,DEBIT,3314.68,89373.32,General
C1,14-09-2024,UPI/General Txn,DEBIT,4316.16,78063.62,General
C1,15-09-2024,UPI/General Txn,CREDIT,961.84,5971.62,General
C1,15-09-2024,UPI/General Txn,DEBIT,1321.07,46189.72,General
C1,15-09-2024,UPI/General Txn,CREDIT,4026.94,95053.92,General
C1,15-09-2024,UPI/General Txn,CREDIT,4467.99,83226.35,General
C1,15-09-2024,UPI/General Txn,DEBIT,2784.57,74621.89,General
C1,15-09-2024,UPI/General Txn,CREDIT,2425.9,75425.9,General
C1,15-09-2024,UPI/General Txn,CREDIT,4215.33,76815.55,General
C1,15-09-2024,UPI/General Txn,DEBIT,2654.37,28185.15,General
C1,15-09-2024,UPI/General Txn,CREDIT,479.67,24214.86,General
C1,16-09-2024,UPI/General Txn,DEBIT,1666.58,14699.03,General
C1,16-09-2024,UPI/General Txn,DEBIT,1233.18,70935.5,General
C1,16-09-2024,UPI/General Txn,CREDIT,414.72,33757.26,General
C1,16-09-2024,UPI/General Txn,DEBIT,2383.03,21476.6,General
C1,16-09-2024,UPI/General Txn,DEBIT,2158.7,85816.47,General
C1,16-09-2024,UPI/General Txn,CREDIT,3851.41,48220.99,General
C1,16-09-2024,UPI/General Txn,CREDIT,4719.43,75594.04,General
C1,16-09-2024,UPI/General Txn,CREDIT,4281.89,54283.84,General
C1,16-09-2024,UPI/General Txn,DEBIT,3699.71,49334.72,General
C1,16-09-2024,UPI/General Txn,CREDIT,1437.38,3873.46,General
C1,17-09-2024,UPI/General Txn,CREDIT,3377.48,72693.96,General
C1,17-09-2024,UPI/General Txn,DEBIT,4218.48,98091.48,General
C1,17-09-2024,UPI/General Txn,CREDIT,2717.21,59597.38,General
C1,17-09-2024,UPI/General Txn,DEBIT,3348.7,64632.22,General
C1,17-09-2024,UPI/General Txn,CREDIT,764.93,18991.17,General
C1,17-09-2024,UPI/General Txn,CREDIT,1374.77,21954.37,General
C1,17-09-2024,UPI/General Txn,CREDIT,1701.54,28547.4,General
C1,17-09-2024,UPI/General Txn,CREDIT,4760.9,25974.88,General
C1,17-09-2024,UPI/General Txn,DEBIT,501.34,75153.4,General
C1,17-09-2024,UPI/General Txn,CREDIT,355.22,23197.99,General
C1,18-09-2024,UPI/General Txn,DEBIT,3928.04,75669.09,General
C1,18-09-2024,UPI/General Txn,DEBIT,4753.1,84083.66,General
C1,18-09-2024,UPI/General Txn,DEBIT,3144.54,13495.88,General
C1,18-09-2024,UPI/General Txn,DEBIT,3380.35,47038.36,General
C1,18-09-2024,UPI/General Txn,CREDIT,1355.59,17611.13,General
C1,18-09-2024,UPI/General Txn,DEBIT,3075.51,78001.4,General
C1,18-09-2024,UPI/General Txn,CREDIT,902.45,11701.78,General
C1,18-09-2024,UPI/General Txn,CREDIT,225.82,58003.88,General
C1,19-09-2024,UPI/General Txn,DEBIT,2043.61,8523.65,General
C1,19-09-2024,UPI/General Txn,DEBIT,3484.01,11088.23,General
C1,19-09-2024,UPI/General Txn,DEBIT,3885.16,79826.49,General
C1,19-09-2024,UPI/General Txn,DEBIT,2873.07,35373.17,General
C1,19-09-2024,UPI/General Txn,CREDIT,2199.05,7826.72,General
C1,19-09-2024,UPI/General Txn,DEBIT,3272.96,85107.99,General
C1,19-09-2024,UPI/General Txn,DEBIT,4129.42,43918.82,General
C1,19-09-2024,UPI/General Txn,CREDIT,1874.72,71023.56,General
C1,19-09-2024,UPI/General Txn,CREDIT,2233.89,61975.32,General
C1,19-09-2024,UPI/General Txn,CREDIT,4606.13,47022.5,General
C1,19-09-2024,UPI/General Txn,CREDIT,4146.1,32908.15,General
C1,20-09-2024,UPI/General Txn,DEBIT,4170.58,28613.9,General
C1,20-09-2024,UPI/General Txn,CREDIT,2308.93,57415.11,General
C1,20-09-2024,UPI/General Txn,CREDIT,3374.12,3841.3,General
C1,20-09-2024,UPI/General Txn,DEBIT,4269.67,49267.44,General
C1,20-09-2024,UPI/General Txn,CREDIT,1838.64,34693.55,General
C1,20-09-2024,UPI/General Txn,CREDIT,4413.57,56023.31,General
C1,20-09-2024,UPI/General Txn,DEBIT,2631.47,9475.68,General
C1,20-09-2024,UPI/General Txn,CREDIT,3628.37,55962.44,General
C1,20-09-2024,UPI/General Txn,CREDIT,1277.59,64944.39,General
C1,21-09-2024,UPI/General Txn,DEBIT,2296.06,10212.28,General
C1,21-09-2024,UPI/General Txn,DEBIT,1185.82,31314.4,General
C1,21-09-2024,UPI/General Txn,CREDIT,2949.62,55793.82,General
C1,21-09-2024,UPI/General Txn,CREDIT,1784.41,35829.24,General
C1,21-09-2024,UPI/General Txn,CREDIT,2323.35,25888.96,General
C1,21-09-2024,UPI/General Txn,DEBIT,691.21,32239.25,General
C1,21-09-2024,UPI/General Txn,DEBIT,3740.12,19962.56,General
C1,21-09-2024,UPI/General Txn,CREDIT,3719.16,72733.92,General
C1,21-09-2024,UPI/General Txn,CREDIT,4885.37,98070.55,General
C1,21-09-2024,UPI/General Txn,CREDIT,4179.88,23520.83,General
C1,21-09-2024,UPI/General Txn,DEBIT,979.26,71093.83,General
C1,22-09-2024,UPI/General Txn,DEBIT,1444.13,55782.54,General
C1,22-09-2024,UPI/General Txn,DEBIT,3517.35,64149.1,General
C1,22-09-2024,UPI/General Txn,DEBIT,3788.68,87399.25,General
C1,22-09-2024,UPI/General Txn,CREDIT,2912.91,48392.71,General
C1,22-09-2024,UPI/General Txn,DEBIT,1769.46,25995.36,General
C1,22-09-2024,UPI/General Txn,DEBIT,4322.44,82389.45,General
C1,22-09-2024,UPI/General Txn,DEBIT,2063.47,58125.09,General
C1,22-09-2024,UPI/General Txn,DEBIT,3463.61,15770.56,General
C1,22-09-2024,UPI/General Txn,CREDIT,2857.91,9432.91,General
C1,23-09-2024,UPI/General Txn,CREDIT,680.41,61025.45,General
C1,23-09-2024,UPI/General Txn,DEBIT,3974.63,77793.66,General
C1,23-09-2024,UPI/General Txn,CREDIT,1963.85,30437.96,General
C1,23-09-2024,UPI/General Txn,CREDIT,2983.77,31232.64,General
C1,23-09-2024,UPI/General Txn,DEBIT,3143.03,94811.43,General
C1,23-09-2024,UPI/General Txn,DEBIT,1118.16,27199.97,General
C1,23-09-2024,UPI/General Txn,DEBIT,497.82,18207.54,General
C1,23-09-2024,UPI/General Txn,DEBIT,467.82,41443.24,General
C1,23-09-2024,UPI/General Txn,CREDIT,3477.92,29834.67,General
C1,24-09-2024,UPI/General Txn,CREDIT,1511.71,70595.77,General
C1,24-09-2024,UPI/General Txn,DEBIT,2324.75,92467.19,General
C1,24-09-2024,UPI/General Txn,DEBIT,3960.36,43088.76,General
C1,24-09-2024,UPI/General Txn,DEBIT,2768.36,90932.73,General
C1,24-09-2024,UPI/General Txn,DEBIT,4150.49,6904.17,General
C1,24-09-2024,UPI/General Txn,CREDIT,3983.88,44476.19,General
C1,24-09-2024,UPI/General Txn,CREDIT,2396.62,70273.63,General
C1,24-09-2024,UPI/General Txn,CREDIT,4719.11,44338.13,General
C1,24-09-2024,UPI/General Txn,CREDIT,3030.38,73718.86,General
C1,25-09-2024,UPI/General Txn,DEBIT,1326.8,23663.52,General
C1,25-09-2024,UPI/General Txn,DEBIT,3404.06,99957.67,General
C1,25-09-2024,NEFT/TCS SALARY,CREDIT,80000,76547.79,Salary
C1,25-09-2024,NEFT/TCS SALARY,CREDIT,60000,99697.6,Salary
C1,25-09-2024,NEFT/INFOSYS SALARY,CREDIT,50000,35448.14,Salary
C1,25-09-2024,UPI/General Txn,DEBIT,1733.21,85915.58,General
C1,25-09-2024,NEFT/WIPRO SALARY,CREDIT,60000,94574.16,Salary
C1,25-09-2024,UPI/General Txn,DEBIT,4086.47,46027.76,General
C1,25-09-2024,NEFT/INFOSYS SALARY,CREDIT,50000,86626.15,Salary
C1,25-09-2024,UPI/General Txn,DEBIT,4142.14,66108.38,General
C1,25-09-2024,NEFT/TCS SALARY,CREDIT,50000,52325.5,Salary
C1,25-09-2024,NEFT/INFOSYS SALARY,CREDIT,80000,76239.06,Salary
C1,26-09-2024,UPI/General Txn,DEBIT,1408.58,92839.6,General
C1,26-09-2024,UPI/General Txn,CREDIT,2246.77,13021.18,General
C1,26-09-2024,UPI/General Txn,DEBIT,4868.42,71268.5,General
C1,26-09-2024,UPI/General Txn,DEBIT,1622.68,55672.89,General
C1,26-09-2024,UPI/General Txn,DEBIT,556.73,46683.34,General
C1,26-09-2024,UPI/General Txn,DEBIT,675.58,50339.17,General
C1,26-09-2024,UPI/General Txn,CREDIT,3611.36,42133.54,General
C1,26-09-2024,UPI/General Txn,CREDIT,2464.25,25129.36,General
C1,26-09-2024,UPI/General Txn,CREDIT,2801.2,19870.43,General
C1,27-09-2024,UPI/General Txn,DEBIT,2590.38,86538.67,General
C1,27-09-2024,UPI/General Txn,CREDIT,1453.61,34647.65,General
C1,27-09-2024,UPI/General Txn,CREDIT,3959.82,82234.4,General
C1,27-09-2024,UPI/General Txn,CREDIT,1485.91,83910.12,General
C1,27-09-2024,UPI/General Txn,CREDIT,2941.62,86660.8,General
C1,27-09-2024,UPI/General Txn,CREDIT,2288.08,35167.27,General
C1,27-09-2024,UPI/General Txn,CREDIT,2804.4,46079.12,General
C1,27-09-2024,UPI/General Txn,DEBIT,1676.71,98096.69,General
C1,27-09-2024,UPI/General Txn,CREDIT,1270.15,24122.68,General
C1,27-09-2024,UPI/General Txn,DEBIT,3900.17,32499.46,General
C1,27-09-2024,UPI/General Txn,CREDIT,2417.58,39221.8,General
C1,27-09-2024,UPI/General Txn,DEBIT,3352.08,50037.54,General
C1,28-09-2024,UPI/General Txn,CREDIT,718.61,87100.33,General
C1,28-09-2024,UPI/General Txn,CREDIT,4383.53,10871.46,General
C1,28-09-2024,UPI/General Txn,DEBIT,4561.16,72521.94,General
C1,28-09-2024,UPI/General Txn,DEBIT,2108.9,8408,General
C1,28-09-2024,UPI/General Txn,CREDIT,3929.47,34517.56,General
C1,28-09-2024,UPI/General Txn,DEBIT,3494.25,85324.76,General
C1,28-09-2024,UPI/General Txn,CREDIT,4276.47,95459.82,General
C1,28-09-2024,UPI/General Txn,CREDIT,3171.32,87365.92,General
C1,29-09-2024,UPI/General Txn,DEBIT,3125.55,63484.94,General
C1,29-09-2024,UPI/General Txn,DEBIT,4612.55,74929.87,General
C1,29-09-2024,UPI/General Txn,DEBIT,2226.46,76276.6,General
C1,29-09-2024,UPI/General Txn,DEBIT,3549.07,44924.18,General
C1,29-09-2024,UPI/General Txn,DEBIT,3500.61,5553.11,General
C1,29-09-2024,UPI/General Txn,CREDIT,4001.1,36487.87,General
C1,29-09-2024,UPI/General Txn,DEBIT,2210.37,53585.47,General
C1,29-09-2024,UPI/General Txn,DEBIT,2873.05,17828.38,General
C1,30-09-2024,UPI/General Txn,CREDIT,3086.51,62351.33,General
C1,30-09-2024,UPI/General Txn,DEBIT,1280.07,23986.66,General
C1,30-09-2024,UPI/General Txn,CREDIT,3225.73,26277.34,General
C1,30-09-2024,UPI/General Txn,CREDIT,146.05,90219.73,General
C1,30-09-2024,UPI/General Txn,DEBIT,3420.29,8312.33,General
C1,30-09-2024,UPI/General Txn,CREDIT,4731.65,64254.93,General
C1,30-09-2024,UPI/General Txn,CREDIT,2179.11,46226.75,General
C1,30-09-2024,UPI/General Txn,CREDIT,1580.4,85480.21,General
C1,01-10-2024,UPI/General Txn,CREDIT,1262.31,57906.38,General
C1,01-10-2024,UPI/General Txn,CREDIT,4964.19,3172.02,General
C1,01-10-2024,UPI/General Txn,CREDIT,4167.18,28173.56,General
C1,01-10-2024,UPI/General Txn,DEBIT,2873.05,91151.08,General
C1,01-10-2024,UPI/General Txn,CREDIT,3751.34,77798.36,General
C1,01-10-2024,UPI/General Txn,CREDIT,1227.58,22681.45,General
C1,01-10-2024,UPI/General Txn,CREDIT,1031.65,68098.68,General
C1,01-10-2024,UPI/General Txn,DEBIT,3632.55,63196.56,General
C1,02-10-2024,UPI/General Txn,CREDIT,1613.77,4303.09,General
C1,02-10-2024,UPI/General Txn,DEBIT,1887.82,9923.2,General
C1,02-10-2024,UPI/General Txn,CREDIT,1546.04,18388.37,General
C1,02-10-2024,UPI/General Txn,CREDIT,747.58,53554.38,General
C1,02-10-2024,UPI/General Txn,DEBIT,4576.09,26440.04,General
C1,02-10-2024,UPI/General Txn,CREDIT,4140.98,96771.02,General
C1,02-10-2024,UPI/General Txn,CREDIT,1546.19,80619.02,General
C1,02-10-2024,UPI/General Txn,DEBIT,2394.82,14934.94,General
C1,03-10-2024,UPI/General Txn,CREDIT,4314.69,96759.7,General
C1,03-10-2024,UPI/General Txn,CREDIT,4042.48,9939.98,General
C1,03-10-2024,UPI/General Txn,CREDIT,2033.42,54120.66,General
C1,03-10-2024,UPI/General Txn,CREDIT,2328.45,58871.45,General
C1,03-10-2024,UPI/General Txn,CREDIT,4129.84,11726.26,General
C1,03-10-2024,UPI/General Txn,DEBIT,1245.73,62335.14,General
C1,03-10-2024,UPI/General Txn,CREDIT,4721.53,91610.33,General
C1,03-10-2024,UPI/General Txn,DEBIT,1184.7,63904.99,General
C1,03-10-2024,UPI/General Txn,CREDIT,2374.91,65274.71,General
C1,04-10-2024,UPI/General Txn,DEBIT,784.91,31132.09,General
C1,04-10-2024,UPI/General Txn,DEBIT,2513.86,24245.2,General
C1,04-10-2024,UPI/General Txn,CREDIT,2733.98,45910.73,General
C1,04-10-2024,UPI/General Txn,CREDIT,3385.38,59146.69,General
C1,04-10-2024,UPI/General Txn,CREDIT,3660.34,65837.27,General
C1,04-10-2024,UPI/General Txn,CREDIT,4185.1,93966.25,General
C1,04-10-2024,UPI/General Txn,CREDIT,1470.73,22509.7,General
C1,04-10-2024,UPI/General Txn,DEBIT,2279.01,85689.57,General
C1,05-10-2024,UPI/General Txn,CREDIT,4906.55,54902.12,General
C1,05-10-2024,UPI/General Txn,CREDIT,4891.43,6994.46,General
C1,05-10-2024,UPI/General Txn,DEBIT,1451.82,94952.07,General
C1,05-10-2024,UPI/General Txn,DEBIT,4138.54,66614.11,General
C1,05-10-2024,UPI/General Txn,DEBIT,3244.35,6007.27,General
C1,05-10-2024,UPI/General Txn,DEBIT,1734.19,78910.83,General
C1,05-10-2024,UPI/General Txn,DEBIT,1105.51,59051.93,General
C1,05-10-2024,UPI/General Txn,DEBIT,4083.96,33527.4,General
C1,06-10-2024,UPI/General Txn,DEBIT,3964.35,28450.21,General
C1,06-10-2024,UPI/General Txn,DEBIT,4921.74,54481.33,General
C1,06-10-2024,UPI/General Txn,DEBIT,4012.72,66444.71,General
C1,06-10-2024,UPI/General Txn,DEBIT,226.32,36465.99,General
C1,06-10-2024,UPI/General Txn,CREDIT,3963.31,2562.33,General
C1,06-10-2024,UPI/General Txn,DEBIT,1400.3,74430.09,General
C1,06-10-2024,UPI/General Txn,DEBIT,2677.82,48148.35,General
C1,06-10-2024,UPI/General Txn,DEBIT,3912.28,45748.54,General
C1,06-10-2024,UPI/General Txn,DEBIT,1185.59,72997.06,General
C1,07-10-2024,UPI/General Txn,DEBIT,1577.99,7021.72,General
C1,07-10-2024,UPI/General Txn,CREDIT,2447.01,43201.09,General
C1,07-10-2024,UPI/General Txn,CREDIT,629.01,8275.58,General
C1,07-10-2024,UPI/General Txn,DEBIT,495.87,7502.54,General
C1,07-10-2024,UPI/General Txn,CREDIT,1447.58,38709.54,General
C1,07-10-2024,UPI/General Txn,CREDIT,3027.22,45917.83,General
C1,07-10-2024,UPI/General Txn,DEBIT,3066.59,79516.51,General
C1,07-10-2024,UPI/General Txn,DEBIT,660.63,43576.92,General
C1,07-10-2024,UPI/General Txn,CREDIT,4451.65,34554.23,General
C1,07-10-2024,UPI/General Txn,CREDIT,2322.14,73231.64,General
C1,07-10-2024,UPI/General Txn,CREDIT,1631.49,66845.68,General
C1,07-10-2024,UPI/General Txn,DEBIT,1934.08,68995.28,General
C1,08-10-2024,UPI/General Txn,DEBIT,428.95,10229.78,General
C1,08-10-2024,UPI/General Txn,CREDIT,573.17,81365.16,General
C1,08-10-2024,UPI/General Txn,CREDIT,2826.22,67331.31,General
C1,08-10-2024,UPI/General Txn,CREDIT,2112.96,86941.12,General
C1,08-10-2024,UPI/General Txn,CREDIT,3633.2,60440.6,General
C1,08-10-2024,UPI/General Txn,DEBIT,1823.07,16318.29,General
C1,08-10-2024,UPI/General Txn,DEBIT,2462.73,35661.29,General
C1,08-10-2024,UPI/General Txn,DEBIT,2825.7,76497.96,General
C1,08-10-2024,UPI/General Txn,CREDIT,2913.09,84670.36,General
C1,08-10-2024,UPI/General Txn,DEBIT,4875.28,61290.5,General
C1,08-10-2024,UPI/General Txn,CREDIT,3323.37,3866.36,General
C1,09-10-2024,UPI/General Txn,CREDIT,3543.22,92232.21,General
C1,09-10-2024,UPI/General Txn,DEBIT,1820.01,87116.41,General
C1,09-10-2024,UPI/General Txn,CREDIT,2874.97,7888.96,General
C1,09-10-2024,UPI/General Txn,DEBIT,3730.75,10084.01,General
C1,09-10-2024,UPI/General Txn,CREDIT,2699.37,42563.42,General
C1,09-10-2024,UPI/General Txn,CREDIT,1770.39,31852.1,General
C1,09-10-2024,UPI/General Txn,DEBIT,1689.48,88450.88,General
C1,09-10-2024,UPI/General Txn,DEBIT,862.34,67722.9,General
C1,09-10-2024,UPI/General Txn,CREDIT,1433.3,49080.51,General
C1,09-10-2024,UPI/General Txn,CREDIT,2266.02,22341.33,General
C1,10-10-2024,UPI/General Txn,CREDIT,657.71,11978.09,General
C1,10-10-2024,UPI/General Txn,CREDIT,3423.27,53166.48,General
C1,10-10-2024,UPI/General Txn,DEBIT,1611.26,40131.08,General
C1,10-10-2024,UPI/General Txn,DEBIT,3036.69,21237.89,General
C1,10-10-2024,UPI/General Txn,DEBIT,4732.09,76651.93,General
C1,10-10-2024,UPI/General Txn,DEBIT,1518.29,1765.26,General
C1,10-10-2024,UPI/General Txn,DEBIT,3760.37,13789.38,General
C1,10-10-2024,UPI/General Txn,DEBIT,2709.65,50525.97,General
C1,10-10-2024,UPI/General Txn,CREDIT,4183.44,8135.47,General
C1,10-10-2024,UPI/General Txn,DEBIT,4322.65,44185.74,General
C1,10-10-2024,UPI/General Txn,DEBIT,2352.8,86348.89,General
C1,10-10-2024,UPI/General Txn,CREDIT,2921.22,71240.4,General
C1,11-10-2024,UPI/General Txn,CREDIT,1518.62,3064.8,General
C1,11-10-2024,UPI/General Txn,CREDIT,1691.36,83370.57,General
C1,11-10-2024,UPI/General Txn,DEBIT,4606.87,44234.47,General
C1,11-10-2024,UPI/General Txn,CREDIT,618.73,59298.26,General
C1,11-10-2024,UPI/General Txn,CREDIT,2667.42,87181.92,General
C1,11-10-2024,UPI/General Txn,DEBIT,3754.44,33973.79,General
C1,11-10-2024,UPI/General Txn,DEBIT,923.85,53529.88,General
C1,11-10-2024,UPI/General Txn,CREDIT,1050.13,35758.87,General
C1,11-10-2024,UPI/General Txn,DEBIT,4795.29,24390.62,General
C1,11-10-2024,UPI/General Txn,DEBIT,817.58,18176.4,General
C1,11-10-2024,UPI/General Txn,DEBIT,849.06,18537.47,General
C1,12-10-2024,UPI/General Txn,CREDIT,2373.37,68432.21,General
C1,12-10-2024,UPI/General Txn,CREDIT,4422.04,86560.44,General
C1,12-10-2024,UPI/General Txn,DEBIT,3173.37,44536.52,General
C1,12-10-2024,UPI/General Txn,CREDIT,2397.71,79836.64,General
C1,12-10-2024,UPI/General Txn,CREDIT,2997.96,51226.35,General
C1,12-10-2024,UPI/General Txn,CREDIT,1621,4723.12,General
C1,12-10-2024,UPI/General Txn,CREDIT,1906.81,8596.37,General
C1,12-10-2024,UPI/General Txn,DEBIT,4334.83,61885.83,General
C1,12-10-2024,UPI/General Txn,CREDIT,2584.63,58452.61,General
C1,12-10-2024,UPI/General Txn,DEBIT,4775.73,45523.64,General
C1,12-10-2024,UPI/General Txn,DEBIT,4068.1,32831.15,General
C1,13-10-2024,UPI/General Txn,DEBIT,2556.7,45601.79,General
C1,13-10-2024,UPI/General Txn,CREDIT,4073.74,98256.17,General
C1,13-10-2024,UPI/General Txn,DEBIT,513.21,4875.07,General
C1,13-10-2024,UPI/General Txn,CREDIT,3567.35,52882.79,General
C1,13-10-2024,UPI/General Txn,CREDIT,3088.05,37912.35,General
C1,13-10-2024,UPI/General Txn,CREDIT,1486.18,77672.01,General
C1,13-10-2024,UPI/General Txn,DEBIT,3426.6,79133.47,General
C1,13-10-2024,UPI/General Txn,DEBIT,3271.8,33639.38,General
C1,13-10-2024,UPI/General Txn,CREDIT,2834.02,29130.55,General
C1,13-10-2024,UPI/General Txn,DEBIT,3646.29,34002.84,General
C1,13-10-2024,UPI/General Txn,DEBIT,2955.42,91757.9,General
C1,14-10-2024,UPI/General Txn,CREDIT,4841.71,13766.21,General
C1,14-10-2024,UPI/General Txn,DEBIT,3573.29,31648.61,General
C1,14-10-2024,UPI/General Txn,CREDIT,1945.73,81505.29,General
C1,14-10-2024,UPI/General Txn,DEBIT,3383.57,64956.46,General
C1,14-10-2024,UPI/General Txn,CREDIT,2174.69,2804.82,General
C1,14-10-2024,UPI/General Txn,DEBIT,1613.44,34831.5,General
C1,14-10-2024,UPI/General Txn,DEBIT,3854.17,23427.76,General
C1,14-10-2024,UPI/General Txn,DEBIT,774.07,30283.42,General
C1,14-10-2024,UPI/General Txn,DEBIT,3961.79,66530.99,General
C1,14-10-2024,UPI/General Txn,DEBIT,4394.32,60127.4,General
C1,15-10-2024,UPI/General Txn,DEBIT,895.01,72397.12,General
C1,15-10-2024,UPI/General Txn,CREDIT,314.09,67959.93,General
C1,15-10-2024,UPI/General Txn,CREDIT,1263.9,61448.95,General
C1,15-10-2024,UPI/General Txn,CREDIT,3786.72,24166.29,General
C1,15-10-2024,UPI/General Txn,CREDIT,1271.93,90493.46,General
C1,15-10-2024,UPI/General Txn,CREDIT,1050.68,46706.32,General
C1,15-10-2024,UPI/General Txn,CREDIT,1480.68,50787.76,General
C1,15-10-2024,UPI/General Txn,DEBIT,2151.44,81872.23,General
C1,15-10-2024,UPI/General Txn,DEBIT,4026.17,87427.19,General
C1,16-10-2024,UPI/General Txn,CREDIT,3241.78,55899.53,General
C1,16-10-2024,UPI/General Txn,DEBIT,602.69,29221.24,General
C1,16-10-2024,UPI/General Txn,CREDIT,3839.27,45482.6,General
C1,16-10-2024,UPI/General Txn,CREDIT,2615.43,10079.64,General
C1,16-10-2024,UPI/General Txn,CREDIT,4561.47,88578.35,General
C1,16-10-2024,UPI/General Txn,CREDIT,4659.31,6272.43,General
C1,16-10-2024,UPI/General Txn,DEBIT,2559.83,39230.45,General
C1,16-10-2024,UPI/General Txn,DEBIT,499.87,3790.57,General
C1,17-10-2024,UPI/General Txn,CREDIT,4211.96,79346.68,General
C1,17-10-2024,UPI/General Txn,CREDIT,774.24,91822.22,General
C1,17-10-2024,UPI/General Txn,DEBIT,2415.03,76125.27,General
C1,17-10-2024,UPI/General Txn,DEBIT,2398.64,90679.89,General
C1,17-10-2024,UPI/General Txn,DEBIT,193.12,83661.35,General
C1,17-10-2024,UPI/General Txn,CREDIT,2789.14,12007.5,General
C1,17-10-2024,UPI/General Txn,CREDIT,1511.7,13062.99,General
C1,17-10-2024,UPI/General Txn,CREDIT,1268.35,7217.91,General
C1,18-10-2024,UPI/General Txn,DEBIT,3024.02,63563.54,General
C1,18-10-2024,UPI/General Txn,DEBIT,2917.73,29835.93,General
C1,18-10-2024,UPI/General Txn,CREDIT,107.67,24815.86,General
C1,18-10-2024,UPI/General Txn,DEBIT,2141.18,52824.97,General
C1,18-10-2024,UPI/General Txn,DEBIT,1866.96,39654.92,General
C1,18-10-2024,UPI/General Txn,CREDIT,2403.66,98122.9,General
C1,18-10-2024,UPI/General Txn,DEBIT,1342.89,36352.29,General
C1,18-10-2024,UPI/General Txn,DEBIT,431.04,73561.16,General
C1,18-10-2024,UPI/General Txn,CREDIT,3178.46,14207.55,General
C1,18-10-2024,UPI/General Txn,CREDIT,1826.27,81537.38,General
C1,18-10-2024,UPI/General Txn,CREDIT,957.94,98101.1,General
C1,19-10-2024,UPI/General Txn,DEBIT,3195.51,7246.95,General
C1,19-10-2024,UPI/General Txn,CREDIT,3903.33,4661.4,General
C1,19-10-2024,UPI/General Txn,DEBIT,1087.8,88693.25,General
C1,19-10-2024,UPI/General Txn,CREDIT,1646.42,52022.98,General
C1,19-10-2024,UPI/General Txn,CREDIT,4946.7,26078.06,General
C1,19-10-2024,UPI/General Txn,DEBIT,3791.13,29324.98,General
C1,19-10-2024,UPI/General Txn,DEBIT,4324.48,86714.03,General
C1,19-10-2024,UPI/General Txn,DEBIT,1726.43,80134.9,General
C1,19-10-2024,UPI/General Txn,CREDIT,2241.06,74587.46,General
C1,19-10-2024,UPI/General Txn,CREDIT,4483.72,34564.63,General
C1,19-10-2024,UPI/General Txn,CREDIT,1015.4,37367.35,General
C1,20-10-2024,UPI/General Txn,DEBIT,1406.93,72981.05,General
C1,20-10-2024,UPI/General Txn,DEBIT,486.74,55001.97,General
C1,20-10-2024,UPI/General Txn,DEBIT,1673.94,33464.07,General
C1,20-10-2024,UPI/General Txn,CREDIT,1548.64,60659.54,General
C1,20-10-2024,UPI/General Txn,CREDIT,2187.97,35803.15,General
C1,20-10-2024,UPI/General Txn,CREDIT,307.54,61870.3,General
C1,20-10-2024,UPI/General Txn,DEBIT,2231.21,8429.08,General
C1,20-10-2024,UPI/General Txn,CREDIT,3223.81,51795.52,General
C1,20-10-2024,UPI/General Txn,DEBIT,3774.5,95326.15,General
C1,20-10-2024,UPI/General Txn,CREDIT,799.62,4445.1,General
C1,20-10-2024,UPI/General Txn,CREDIT,429.44,36852.91,General
C1,20-10-2024,UPI/General Txn,DEBIT,4752.39,60904.39,General
C1,21-10-2024,UPI/General Txn,CREDIT,4749.24,44949.99,General
C1,21-10-2024,UPI/General Txn,DEBIT,476.74,53416.53,General
C1,21-10-2024,UPI/General Txn,CREDIT,2050.37,25711.55,General
C1,21-10-2024,UPI/General Txn,DEBIT,655.9,50405.35,General
C1,21-10-2024,UPI/General Txn,DEBIT,1996.24,26915.89,General
C1,21-10-2024,UPI/General Txn,CREDIT,1375.42,22242.47,General
C1,21-10-2024,UPI/General Txn,CREDIT,3098.2,20817.66,General
C1,21-10-2024,UPI/General Txn,DEBIT,765.07,45752.23,General
C1,21-10-2024,UPI/General Txn,CREDIT,4503.53,99728.98,General
C1,21-10-2024,UPI/General Txn,CREDIT,4071.51,67116.14,General
C1,21-10-2024,UPI/General Txn,CREDIT,3576.75,89241.84,General
C1,22-10-2024,UPI/General Txn,DEBIT,3587.86,79575.94,General
C1,22-10-2024,UPI/General Txn,DEBIT,2592.9,98528.12,General
C1,22-10-2024,UPI/General Txn,DEBIT,3981.12,79246.93,General
C1,22-10-2024,UPI/General Txn,CREDIT,228.79,47273.18,General
C1,22-10-2024,UPI/General Txn,DEBIT,4916.76,61582.89,General
C1,22-10-2024,UPI/General Txn,CREDIT,522.46,40417.84,General
C1,22-10-2024,UPI/General Txn,CREDIT,3612.97,53043.87,General
C1,22-10-2024,UPI/General Txn,DEBIT,3868.91,13407.35,General
C1,22-10-2024,UPI/General Txn,DEBIT,1653.44,45547.48,General
C1,23-10-2024,UPI/General Txn,DEBIT,1788.12,77010.38,General
C1,23-10-2024,UPI/General Txn,DEBIT,732.26,83307.69,General
C1,23-10-2024,UPI/General Txn,CREDIT,2638.7,17301.05,General
C1,23-10-2024,UPI/General Txn,DEBIT,1681.04,35256.29,General
C1,23-10-2024,UPI/General Txn,CREDIT,4710.43,84747.44,General
C1,23-10-2024,UPI/General Txn,CREDIT,1327.97,13391.86,General
C1,23-10-2024,UPI/General Txn,DEBIT,1583.84,50754.74,General
C1,23-10-2024,UPI/General Txn,DEBIT,926.32,17948.86,General
C1,23-10-2024,UPI/General Txn,CREDIT,3159.95,84410.47,General
C1,23-10-2024,UPI/General Txn,DEBIT,2861.73,9041.06,General
C1,23-10-2024,UPI/General Txn,CREDIT,4747.88,65461.87,General
C1,23-10-2024,UPI/General Txn,CREDIT,3858.1,62192.73,General
C1,24-10-2024,UPI/General Txn,CREDIT,2540.39,64548.82,General
C1,24-10-2024,UPI/General Txn,DEBIT,1580.26,80664.13,General
C1,24-10-2024,UPI/General Txn,CREDIT,3456.46,45900.87,General
C1,24-10-2024,UPI/General Txn,DEBIT,3474.21,44520.94,General
C1,24-10-2024,UPI/General Txn,DEBIT,2472.83,34679.06,General
C1,24-10-2024,UPI/General Txn,CREDIT,803.98,73685.78,General
C1,24-10-2024,UPI/General Txn,CREDIT,4317.81,13945.85,General
C1,24-10-2024,UPI/General Txn,DEBIT,1915.65,32592.47,General
C1,25-10-2024,NEFT/TCS SALARY,CREDIT,50000,10584.35,Salary
C1,25-10-2024,NEFT/INFOSYS SALARY,CREDIT,80000,25578.76,Salary
C1,25-10-2024,UPI/General Txn,DEBIT,4340.01,81534.31,General
C1,25-10-2024,NEFT/TCS SALARY,CREDIT,50000,50328.29,Salary
C1,25-10-2024,NEFT/INFOSYS SALARY,CREDIT,60000,3294.45,Salary
C1,25-10-2024,NEFT/TCS SALARY,CREDIT,50000,58751.07,Salary
C1,25-10-2024,NEFT/WIPRO SALARY,CREDIT,60000,88351.61,Salary
C1,25-10-2024,NEFT/WIPRO SALARY,CREDIT,60000,1809.56,Salary
C1,25-10-2024,UPI/General Txn,DEBIT,626.74,88363.12,General
C1,25-10-2024,NEFT/TCS SALARY,CREDIT,60000,40657.58,Salary
C1,25-10-2024,UPI/General Txn,DEBIT,2894.38,36889.85,General
C1,26-10-2024,UPI/General Txn,CREDIT,460.31,76676.01,General
C1,26-10-2024,UPI/General Txn,DEBIT,1470.63,13737.68,General
C1,26-10-2024,UPI/General Txn,CREDIT,573.74,79694.83,General
C1,26-10-2024,UPI/General Txn,CREDIT,1761.52,75741.55,General
C1,26-10-2024,UPI/General Txn,CREDIT,1075.38,50507.71,General
C1,26-10-2024,UPI/General Txn,DEBIT,321.99,71645.59,General
C1,26-10-2024,UPI/General Txn,CREDIT,4039.43,15745.13,General
C1,26-10-2024,UPI/General Txn,DEBIT,4476.35,33468.62,General
C1,26-10-2024,UPI/General Txn,DEBIT,3104.03,39902.5,General
C1,26-10-2024,UPI/General Txn,CREDIT,3120.85,59778.74,General
C1,27-10-2024,UPI/General Txn,CREDIT,4158.62,71165.24,General
C1,27-10-2024,UPI/General Txn,DEBIT,1568.97,37467.42,General
C1,27-10-2024,UPI/General Txn,CREDIT,3401.65,58786.51,General
C1,27-10-2024,UPI/General Txn,DEBIT,4004.1,60094.05,General
C1,27-10-2024,UPI/General Txn,DEBIT,1401.1,72418.61,General
C1,27-10-2024,UPI/General Txn,DEBIT,2959.26,52899,General
C1,27-10-2024,UPI/General Txn,CREDIT,3633.8,15629.8,General
C1,27-10-2024,UPI/General Txn,DEBIT,3435.56,57684.46,General
C1,27-10-2024,UPI/General Txn,DEBIT,3532.55,2874.8,General
C1,27-10-2024,UPI/General Txn,DEBIT,1637.09,41883.05,General
C1,27-10-2024,UPI/General Txn,CREDIT,1099.07,87408.95,General
C1,27-10-2024,UPI/General Txn,DEBIT,3705.6,70871.75,General
C1,28-10-2024,UPI/General Txn,CREDIT,1115.97,99814.16,General
C1,28-10-2024,UPI/General Txn,CREDIT,2444.02,32061.51,General
C1,28-10-2024,UPI/General Txn,CREDIT,948.59,55081.05,General
C1,28-10-2024,UPI/General Txn,CREDIT,3411.76,61397.58,General
C1,28-10-2024,UPI/General Txn,DEBIT,1042.09,28621.63,General
C1,28-10-2024,UPI/General Txn,CREDIT,1562.65,77346.25,General
C1,28-10-2024,UPI/General Txn,CREDIT,3554.01,32387.03,General
C1,28-10-2024,UPI/General Txn,CREDIT,1809.14,29491.15,General
C1,28-10-2024,UPI/General Txn,CREDIT,2910.04,89680.29,General
C1,28-10-2024,UPI/General Txn,CREDIT,2033.21,95506.28,General
C1,28-10-2024,UPI/General Txn,CREDIT,4042.62,5164.58,General
C1,28-10-2024,UPI/General Txn,DEBIT,4781.04,35289.99,General
C1,29-10-2024,UPI/General Txn,CREDIT,3314.26,22184.69,General
C1,29-10-2024,UPI/General Txn,CREDIT,4156.96,93369.37,General
C1,29-10-2024,UPI/General Txn,DEBIT,3511.24,11813.43,General
C1,29-10-2024,UPI/General Txn,DEBIT,3730.37,25003.35,General
C1,29-10-2024,UPI/General Txn,DEBIT,3382.19,64156.51,General
C1,29-10-2024,UPI/General Txn,CREDIT,357.21,33699.07,General
C1,29-10-2024,UPI/General Txn,DEBIT,2414.78,1512.96,General
C1,29-10-2024,UPI/General Txn,DEBIT,2796.73,41283.84,General
C1,29-10-2024,UPI/General Txn,CREDIT,4681.66,48267.4,General
C1,29-10-2024,UPI/General Txn,CREDIT,1077.33,32795.6,General
C1,29-10-2024,UPI/General Txn,DEBIT,3264.9,65577.57,General
C1,30-10-2024,UPI/General Txn,DEBIT,2722.25,91409.74,General
C1,30-10-2024,UPI/General Txn,DEBIT,957.82,93458.34,General
C1,30-10-2024,UPI/General Txn,CREDIT,278.07,79008.1,General
C1,30-10-2024,UPI/General Txn,CREDIT,1012.93,87797.57,General
C1,30-10-2024,UPI/General Txn,DEBIT,145.41,92917.03,General
C1,30-10-2024,UPI/General Txn,CREDIT,1741.71,98920.85,General
C1,30-10-2024,UPI/General Txn,CREDIT,2762.17,89036.74,General
C1,30-10-2024,UPI/General Txn,CREDIT,757.58,28010.87,General
C1,30-10-2024,UPI/General Txn,CREDIT,4063.19,17086.93,General
C1,31-10-2024,UPI/General Txn,DEBIT,3276.6,2394.34,General
C1,31-10-2024,UPI/General Txn,CREDIT,1751.85,57210.34,General
C1,31-10-2024,UPI/General Txn,DEBIT,3810.69,61484.5,General
C1,31-10-2024,UPI/General Txn,CREDIT,3229.76,82871.99,General
C1,31-10-2024,UPI/General Txn,DEBIT,2624.88,40682.49,General
C1,31-10-2024,UPI/General Txn,DEBIT,567.39,48267.96,General
C1,31-10-2024,UPI/General Txn,DEBIT,4685.54,26817.74,General
C1,31-10-2024,UPI/General Txn,CREDIT,1254.05,95449.45,General
C1,31-10-2024,UPI/General Txn,DEBIT,1579.53,26893.76,General
C1,31-10-2024,UPI/General Txn,DEBIT,1861.81,7150.31,General
C1,31-10-2024,UPI/General Txn,CREDIT,679.3,16811.97,General
C1,01-11-2024,UPI/General Txn,CREDIT,4623.22,69338.75,General
C1,01-11-2024,UPI/General Txn,CREDIT,3229.69,37386.85,General
C1,01-11-2024,UPI/General Txn,DEBIT,1182.16,48340.01,General
C1,01-11-2024,UPI/General Txn,CREDIT,2329.4,42168.72,General
C1,01-11-2024,UPI/General Txn,CREDIT,2791.25,75977.7,General
C1,01-11-2024,UPI/General Txn,DEBIT,4029.78,76424.1,General
C1,01-11-2024,UPI/General Txn,DEBIT,3433.68,53025.16,General
C1,01-11-2024,UPI/General Txn,CREDIT,2688.05,8732.17,General
C1,01-11-2024,UPI/General Txn,DEBIT,2864.43,83048.63,General
C1,01-11-2024,UPI/General Txn,DEBIT,4524.15,57697.47,General
C1,01-11-2024,UPI/General Txn,CREDIT,834.28,85594.11,General
C1,01-11-2024,UPI/General Txn,DEBIT,2265.02,71974.88,General
C1,02-11-2024,UPI/General Txn,CREDIT,545.61,81060.52,General
C1,02-11-2024,UPI/General Txn,CREDIT,2321.82,46223.05,General
C1,02-11-2024,UPI/General Txn,CREDIT,382.91,67604,General
C1,02-11-2024,UPI/General Txn,DEBIT,1610.03,40198.92,General
C1,02-11-2024,UPI/General Txn,DEBIT,4100.62,58252.82,General
C1,02-11-2024,UPI/General Txn,CREDIT,321.92,70338.1,General
C1,02-11-2024,UPI/General Txn,DEBIT,2751.7,93523.7,General
C1,02-11-2024,UPI/General Txn,CREDIT,438.19,4141.75,General
C1,02-11-2024,UPI/General Txn,DEBIT,2103.45,76816.94,General
C1,02-11-2024,UPI/General Txn,CREDIT,4893.83,38071.63,General
C1,02-11-2024,UPI/General Txn,CREDIT,4467.53,87092.41,General
C1,03-11-2024,UPI/General Txn,DEBIT,1940.66,65699.88,General
C1,03-11-2024,UPI/General Txn,DEBIT,1804.07,99291.83,General
C1,03-11-2024,UPI/General Txn,DEBIT,2025.99,73057.96,General
C1,03-11-2024,UPI/General Txn,DEBIT,1191.18,75861.76,General
C1,03-11-2024,UPI/General Txn,CREDIT,4894.6,67676.49,General
C1,03-11-2024,UPI/General Txn,CREDIT,2767.78,82512.68,General
C1,03-11-2024,UPI/General Txn,CREDIT,1312.81,16357.02,General
C1,03-11-2024,UPI/General Txn,DEBIT,1023.55,4189.51,General
C1,03-11-2024,UPI/General Txn,DEBIT,3334.97,24825.96,General
C1,03-11-2024,UPI/General Txn,DEBIT,429.73,45197.67,General
C1,03-11-2024,UPI/General Txn,DEBIT,3392.92,25228.68,General
C1,04-11-2024,UPI/General Txn,DEBIT,2071.1,54436.22,General
C1,04-11-2024,UPI/General Txn,DEBIT,3796.49,14873.42,General
C1,04-11-2024,UPI/General Txn,DEBIT,4968.07,81762.84,General
C1,04-11-2024,UPI/General Txn,CREDIT,3684.44,58170.01,General
C1,04-11-2024,UPI/General Txn,CREDIT,3885.44,24453.5,General
C1,04-11-2024,UPI/General Txn,DEBIT,4393.67,41942.46,General
C1,04-11-2024,UPI/General Txn,DEBIT,1448.25,62973.32,General
C1,04-11-2024,UPI/General Txn,CREDIT,2193.28,5641.53,General
C1,05-11-2024,UPI/General Txn,CREDIT,4713.77,78794.66,General
C1,05-11-2024,UPI/General Txn,CREDIT,1661.8,41417.66,General
C1,05-11-2024,UPI/General Txn,DEBIT,1569.45,75687.19,General
C1,05-11-2024,UPI/General Txn,DEBIT,2420.24,30772.91,General
C1,05-11-2024,UPI/General Txn,CREDIT,3567.13,91559.38,General
C1,05-11-2024,UPI/General Txn,CREDIT,2855.69,56171.39,General
C1,05-11-2024,UPI/General Txn,DEBIT,757.05,26244.57,General
C1,05-11-2024,UPI/General Txn,DEBIT,1718.29,92300.38,General
C1,05-11-2024,UPI/General Txn,DEBIT,4250.95,54027.92,General
C1,05-11-2024,UPI/General Txn,DEBIT,4164.09,27577.7,General
C1,06-11-2024,UPI/General Txn,DEBIT,3054.32,19628.17,General
C1,06-11-2024,UPI/General Txn,DEBIT,3832.31,48460.03,General
C1,06-11-2024,UPI/General Txn,CREDIT,4360.42,31015.61,General
C1,06-11-2024,UPI/General Txn,DEBIT,4554.07,93778.82,General
C1,06-11-2024,UPI/General Txn,DEBIT,4814.18,74941.04,General
C1,06-11-2024,UPI/General Txn,DEBIT,3796.22,69867,General
C1,06-11-2024,UPI/General Txn,CREDIT,3548.47,91597.52,General
C1,06-11-2024,UPI/General Txn,CREDIT,2805.19,38685.51,General
C1,06-11-2024,UPI/General Txn,CREDIT,2714.89,31533.81,General
C1,06-11-2024,UPI/General Txn,CREDIT,1862.26,47134.4,General
C1,06-11-2024,UPI/General Txn,CREDIT,4033.8,76401.27,General
C1,06-11-2024,UPI/General Txn,DEBIT,1669.14,37699.79,General
C1,07-11-2024,UPI/General Txn,DEBIT,324.01,74383.99,General
C1,07-11-2024,UPI/General Txn,CREDIT,179.48,30224.04,General
C1,07-11-2024,UPI/General Txn,DEBIT,1061.34,38604.14,General
C1,07-11-2024,UPI/General Txn,CREDIT,4183.48,55513.61,General
C1,07-11-2024,UPI/General Txn,CREDIT,4722.98,26475.35,General
C1,07-11-2024,UPI/General Txn,CREDIT,4125.8,46622.07,General
C1,07-11-2024,UPI/General Txn,CREDIT,3690.58,17757.31,General
C1,07-11-2024,UPI/General Txn,CREDIT,3629.54,19220.73,General
C1,07-11-2024,UPI/General Txn,DEBIT,4457.89,52870.5,General
C1,07-11-2024,UPI/General Txn,DEBIT,4211.44,94573.62,General
C1,07-11-2024,UPI/General Txn,DEBIT,3374.26,41826.83,General
C1,08-11-2024,UPI/General Txn,DEBIT,433.04,1905,General
C1,08-11-2024,UPI/General Txn,CREDIT,2578.09,6984.56,General
C1,08-11-2024,UPI/General Txn,CREDIT,3224.87,66269.15,General
C1,08-11-2024,UPI/General Txn,CREDIT,177.09,2173.25,General
C1,08-11-2024,UPI/General Txn,CREDIT,2694.15,54038.07,General
C1,08-11-2024,UPI/General Txn,CREDIT,1504.77,80810.6,General
C1,08-11-2024,UPI/General Txn,DEBIT,4557.89,91886.84,General
C1,08-11-2024,UPI/General Txn,DEBIT,2669.49,20001.27,General
C1,08-11-2024,UPI/General Txn,CREDIT,2679.63,27465.15,General
C1,09-11-2024,UPI/General Txn,CREDIT,487.19,46440.78,General
C1,09-11-2024,UPI/General Txn,DEBIT,1291.72,30697.49,General
C1,09-11-2024,UPI/General Txn,DEBIT,4157.5,65719.84,General
C1,09-11-2024,UPI/General Txn,DEBIT,4305.27,10256.55,General
C1,09-11-2024,UPI/General Txn,CREDIT,1958.39,6555.38,General
C1,09-11-2024,UPI/General Txn,DEBIT,146.31,9185.93,General
C1,09-11-2024,UPI/General Txn,CREDIT,4242.12,57019.81,General
C1,09-11-2024,UPI/General Txn,DEBIT,4304.01,89584.33,General
C1,09-11-2024,UPI/General Txn,DEBIT,4603.85,21930.29,General
C1,09-11-2024,UPI/General Txn,CREDIT,4353.77,27838.41,General
C1,09-11-2024,UPI/General Txn,CREDIT,4628.38,90031.85,General
C1,10-11-2024,UPI/General Txn,DEBIT,3324.74,92947.87,General
C1,10-11-2024,UPI/General Txn,DEBIT,1640.97,59116.57,General
C1,10-11-2024,UPI/General Txn,CREDIT,3786.05,92958.62,General
C1,10-11-2024,UPI/General Txn,DEBIT,1566.46,57102.9,General
C1,10-11-2024,UPI/General Txn,CREDIT,4262.27,39000.78,General
C1,10-11-2024,UPI/General Txn,DEBIT,3724.75,50578.49,General
C1,10-11-2024,UPI/General Txn,DEBIT,4874.18,10670.89,General
C1,10-11-2024,UPI/General Txn,DEBIT,1237.51,34718.68,General
C1,10-11-2024,UPI/General Txn,CREDIT,3868.13,96923.13,General
C1,10-11-2024,UPI/General Txn,CREDIT,1699.25,78571.27,General
C1,10-11-2024,UPI/General Txn,DEBIT,2307.7,36225.31,General
C1,10-11-2024,UPI/General Txn,CREDIT,4711.6,19388.05,General
C1,11-11-2024,UPI/General Txn,DEBIT,3337.29,77444.57,General
C1,11-11-2024,UPI/General Txn,DEBIT,1547.36,71597.74,General
C1,11-11-2024,UPI/General Txn,DEBIT,501.99,38620,General
C1,11-11-2024,UPI/General Txn,DEBIT,3941.06,74225.87,General
C1,11-11-2024,UPI/General Txn,DEBIT,1651.72,10060.52,General
C1,11-11-2024,UPI/General Txn,CREDIT,4720.51,36631.83,General
C1,11-11-2024,UPI/General Txn,DEBIT,1421.86,9642.43,General
C1,11-11-2024,UPI/General Txn,CREDIT,2211.8,11226,General
C1,11-11-2024,UPI/General Txn,DEBIT,539.13,60095.53,General
C1,11-11-2024,UPI/General Txn,CREDIT,3943.75,2221.72,General
C1,11-11-2024,UPI/General Txn,DEBIT,2127.67,72759.54,General
C1,11-11-2024,UPI/General Txn,DEBIT,2841.73,57624.08,General
C1,12-11-2024,UPI/General Txn,DEBIT,3458.05,14745.17,General
C1,12-11-2024,UPI/General Txn,CREDIT,1575.54,15447.55,General
C1,12-11-2024,UPI/General Txn,CREDIT,919.32,42689.13,General
C1,12-11-2024,UPI/General Txn,DEBIT,2472.73,36751.37,General
C1,12-11-2024,UPI/General Txn,CREDIT,4726.69,59786.83,General
C1,12-11-2024,UPI/General Txn,DEBIT,1058.19,14413.46,General
C1,12-11-2024,UPI/General Txn,CREDIT,133.16,33889.5,General
C1,12-11-2024,UPI/General Txn,CREDIT,3138.94,44582.07,General
C1,12-11-2024,UPI/General Txn,DEBIT,2210.02,30743.09,General
C1,13-11-2024,UPI/General Txn,DEBIT,4741.67,48421.96,General
C1,13-11-2024,UPI/General Txn,CREDIT,970.42,96903.8,General
C1,13-11-2024,UPI/General Txn,CREDIT,1528.1,96808.55,General
C1,13-11-2024,UPI/General Txn,CREDIT,3931.67,38229.47,General
C1,13-11-2024,UPI/General Txn,CREDIT,4100.82,37136.54,General
C1,13-11-2024,UPI/General Txn,DEBIT,4667.13,59630.48,General
C1,13-11-2024,UPI/General Txn,DEBIT,2773.58,95347.46,General
C1,13-11-2024,UPI/General Txn,DEBIT,2361.95,44407.04,General
C1,13-11-2024,UPI/General Txn,DEBIT,1527.52,82077.59,General
C1,13-11-2024,UPI/General Txn,CREDIT,3998.72,67624.79,General
C1,13-11-2024,UPI/General Txn,CREDIT,781.98,24960.1,General
C1,13-11-2024,UPI/General Txn,CREDIT,3327.45,79118.6,General
C1,14-11-2024,UPI/General Txn,CREDIT,2300.43,58642.16,General
C1,14-11-2024,UPI/General Txn,CREDIT,2718.4,54820.88,General
C1,14-11-2024,UPI/General Txn,CREDIT,3974.53,70461.79,General
C1,14-11-2024,UPI/General Txn,DEBIT,4080.26,11827.57,General
C1,14-11-2024,UPI/General Txn,CREDIT,1316.33,17467.51,General
C1,14-11-2024,UPI/General Txn,CREDIT,3102.12,96714.3,General
C1,14-11-2024,UPI/General Txn,CREDIT,1724.82,11488.51,General
C1,14-11-2024,UPI/General Txn,DEBIT,583.17,51556.95,General
C1,15-11-2024,UPI/General Txn,DEBIT,2834.17,45132.08,General
C1,15-11-2024,UPI/General Txn,DEBIT,2016.56,35151.77,General
C1,15-11-2024,UPI/General Txn,DEBIT,220.36,30247.79,General
C1,15-11-2024,UPI/General Txn,DEBIT,4610.68,12490.86,General
C1,15-11-2024,UPI/General Txn,DEBIT,4709.31,35484.54,General
C1,15-11-2024,UPI/General Txn,DEBIT,1781.03,52590.37,General
C1,15-11-2024,UPI/General Txn,DEBIT,1806.67,44378.43,General
C1,15-11-2024,UPI/General Txn,CREDIT,3514.14,7650.26,General
C1,15-11-2024,UPI/General Txn,DEBIT,318.95,3235.93,General
C1,15-11-2024,UPI/General Txn,DEBIT,1781.08,68036.79,General
C1,15-11-2024,UPI/General Txn,DEBIT,905.34,52083.4,General
C1,15-11-2024,UPI/General Txn,CREDIT,2804.36,56425.05,General
C1,16-11-2024,UPI/General Txn,CREDIT,1236.09,63346.27,General
C1,16-11-2024,UPI/General Txn,CREDIT,1013.3,40162.66,General
C1,16-11-2024,UPI/General Txn,DEBIT,3713.2,45507.93,General
C1,16-11-2024,UPI/General Txn,DEBIT,2204.81,70768.83,General
C1,16-11-2024,UPI/General Txn,DEBIT,1108.34,58157.44,General
C1,16-11-2024,UPI/General Txn,DEBIT,4017.56,37213.51,General
C1,16-11-2024,UPI/General Txn,DEBIT,1065.66,26972.99,General
C1,16-11-2024,UPI/General Txn,CREDIT,4326.92,60100.11,General
C1,16-11-2024,UPI/General Txn,DEBIT,3095.41,35444.54,General
C1,16-11-2024,UPI/General Txn,DEBIT,4243.04,81560.09,General
C1,16-11-2024,UPI/General Txn,CREDIT,3559.34,91949.58,General
C1,17-11-2024,UPI/General Txn,DEBIT,515.28,32005.39,General
C1,17-11-2024,UPI/General Txn,DEBIT,1269.01,19121.41,General
C1,17-11-2024,UPI/General Txn,CREDIT,3497.84,42405.67,General
C1,17-11-2024,UPI/General Txn,CREDIT,775.55,42880.84,General
C1,17-11-2024,UPI/General Txn,DEBIT,2484.68,55936.35,General
C1,17-11-2024,UPI/General Txn,DEBIT,2499.25,19522.76,General
C1,17-11-2024,UPI/General Txn,DEBIT,4225.73,86686.7,General
C1,17-11-2024,UPI/General Txn,CREDIT,4764.03,14516.94,General
C1,17-11-2024,UPI/General Txn,CREDIT,4094.56,41504.3,General
C1,17-11-2024,UPI/General Txn,CREDIT,2509.46,49381.25,General
C1,17-11-2024,UPI/General Txn,DEBIT,505.09,79792.21,General
C1,17-11-2024,UPI/General Txn,DEBIT,1180.59,28210.44,General
C1,18-11-2024,UPI/General Txn,CREDIT,1514.48,56999.4,General
C1,18-11-2024,UPI/General Txn,CREDIT,3885.48,55422.89,General
C1,18-11-2024,UPI/General Txn,DEBIT,654.73,27521,General
C1,18-11-2024,UPI/General Txn,CREDIT,2761.22,54662.29,General
C1,18-11-2024,UPI/General Txn,CREDIT,3808.25,55088.97,General
C1,18-11-2024,UPI/General Txn,DEBIT,4949.9,73862.88,General
C1,18-11-2024,UPI/General Txn,DEBIT,3302.99,30473.18,General
C1,18-11-2024,UPI/General Txn,CREDIT,4996.63,27018.71,General
C1,18-11-2024,UPI/General Txn,DEBIT,4324.78,44467.92,General
C1,18-11-2024,UPI/General Txn,DEBIT,4970.39,21777.94,General
C1,18-11-2024,UPI/General Txn,CREDIT,3714.3,86243.82,General
C1,18-11-2024,UPI/General Txn,CREDIT,3090.28,17432.18,General
C1,19-11-2024,UPI/General Txn,DEBIT,3945.76,80738.61,General
C1,19-11-2024,UPI/General Txn,CREDIT,2893.36,60088.91,General
C1,19-11-2024,UPI/General Txn,CREDIT,925.05,29643.99,General
C1,19-11-2024,UPI/General Txn,DEBIT,1409.98,14423.3,General
C1,19-11-2024,UPI/General Txn,CREDIT,3775.46,91958.1,General
C1,19-11-2024,UPI/General Txn,DEBIT,4963.18,70441.23,General
C1,19-11-2024,UPI/General Txn,DEBIT,750.19,71428.09,General
C1,19-11-2024,UPI/General Txn,CREDIT,4159.56,49456.41,General
C1,19-11-2024,UPI/General Txn,CREDIT,2929.39,63153.47,General
C1,20-11-2024,UPI/General Txn,DEBIT,2314.76,40882.23,General
C1,20-11-2024,UPI/General Txn,CREDIT,3774.03,46014.87,General
C1,20-11-2024,UPI/General Txn,DEBIT,2491.42,87021.87,General
C1,20-11-2024,UPI/General Txn,DEBIT,4251.12,73362.26,General
C1,20-11-2024,UPI/General Txn,CREDIT,2346.4,85160.52,General
C1,20-11-2024,UPI/General Txn,CREDIT,3998.82,22565.16,General
C1,20-11-2024,UPI/General Txn,DEBIT,2205.25,49976.78,General
C1,20-11-2024,UPI/General Txn,CREDIT,1682.04,34437.76,General
C1,20-11-2024,UPI/General Txn,CREDIT,2931.87,79042.06,General
C1,20-11-2024,UPI/General Txn,DEBIT,4481.36,5548.35,General
C1,20-11-2024,UPI/General Txn,CREDIT,3168.28,2611.85,General
C1,21-11-2024,UPI/General Txn,DEBIT,2262.3,99191.99,General
C1,21-11-2024,UPI/General Txn,DEBIT,2196.22,88332.63,General
C1,21-11-2024,UPI/General Txn,CREDIT,1579.14,10240.66,General
C1,21-11-2024,UPI/General Txn,DEBIT,1866.13,37812.53,General
C1,21-11-2024,UPI/General Txn,DEBIT,4528.62,6126.94,General
C1,21-11-2024,UPI/General Txn,DEBIT,3165.46,43493.86,General
C1,21-11-2024,UPI/General Txn,DEBIT,546.88,1107.54,General
C1,21-11-2024,UPI/General Txn,DEBIT,2436.35,59774.27,General
C1,21-11-2024,UPI/General Txn,CREDIT,2645.28,1919.41,General
C1,22-11-2024,UPI/General Txn,CREDIT,4103.83,69709.07,General
C1,22-11-2024,UPI/General Txn,DEBIT,2440.73,38923.92,General
C1,22-11-2024,UPI/General Txn,DEBIT,3680.74,11216.95,General
C1,22-11-2024,UPI/General Txn,CREDIT,1901.05,14575.8,General
C1,22-11-2024,UPI/General Txn,DEBIT,3889.96,64516.04,General
C1,22-11-2024,UPI/General Txn,DEBIT,3417.97,53520.32,General
C1,22-11-2024,UPI/General Txn,DEBIT,141.53,44569.84,General
C1,22-11-2024,UPI/General Txn,DEBIT,3639.92,92069.52,General
C1,22-11-2024,UPI/General Txn,CREDIT,3118.77,86136.29,General
C1,22-11-2024,UPI/General Txn,DEBIT,524.77,14861.3,General
C1,23-11-2024,UPI/General Txn,CREDIT,2988.91,35802.03,General
C1,23-11-2024,UPI/General Txn,DEBIT,2204,25530.85,General
C1,23-11-2024,UPI/General Txn,DEBIT,3258.64,55786.27,General
C1,23-11-2024,UPI/General Txn,CREDIT,3040.04,78118,General
C1,23-11-2024,UPI/General Txn,CREDIT,3483.33,21339.13,General
C1,23-11-2024,UPI/General Txn,DEBIT,3073.94,75036.52,General
C1,23-11-2024,UPI/General Txn,DEBIT,1548.16,78596.36,General
C1,23-11-2024,UPI/General Txn,DEBIT,3989.51,49993.88,General
C1,24-11-2024,UPI/General Txn,DEBIT,1281.3,53300.36,General
C1,24-11-2024,UPI/General Txn,CREDIT,4890.72,93458.52,General
C1,24-11-2024,UPI/General Txn,CREDIT,746.72,37175.83,General
C1,24-11-2024,UPI/General Txn,CREDIT,3446.42,95490.85,General
C1,24-11-2024,UPI/General Txn,DEBIT,3874.8,59148.99,General
C1,24-11-2024,UPI/General Txn,DEBIT,167.59,4942.86,General
C1,24-11-2024,UPI/General Txn,CREDIT,396.3,51154.45,General
C1,24-11-2024,UPI/General Txn,CREDIT,3180,42933.95,General
C1,25-11-2024,UPI/General Txn,DEBIT,503.9,28469.31,General
C1,25-11-2024,UPI/General Txn,DEBIT,1618.54,97457.03,General
C1,25-11-2024,NEFT/WIPRO SALARY,CREDIT,60000,63795.13,Salary
C1,25-11-2024,UPI/General Txn,DEBIT,4189.18,31706.78,General
C1,25-11-2024,UPI/General Txn,DEBIT,2243.68,6732.69,General
C1,25-11-2024,NEFT/INFOSYS SALARY,CREDIT,50000,61617.38,Salary
C1,25-11-2024,UPI/General Txn,DEBIT,369.64,12824.86,General
C1,25-11-2024,UPI/General Txn,DEBIT,3568.71,17219.43,General
C1,25-11-2024,NEFT/INFOSYS SALARY,CREDIT,50000,13566.13,Salary
C1,25-11-2024,NEFT/TCS SALARY,CREDIT,80000,77371.6,Salary
C1,25-11-2024,NEFT/WIPRO SALARY,CREDIT,60000,7323.33,Salary
C1,26-11-2024,UPI/General Txn,CREDIT,3174.91,46064.58,General
C1,26-11-2024,UPI/General Txn,CREDIT,1864.61,86076.62,General
C1,26-11-2024,UPI/General Txn,DEBIT,917.72,26256.49,General
C1,26-11-2024,UPI/General Txn,DEBIT,604.23,23612.04,General
C1,26-11-2024,UPI/General Txn,DEBIT,2593.24,86010.21,General
C1,26-11-2024,UPI/General Txn,DEBIT,160.21,47704.69,General
C1,26-11-2024,UPI/General Txn,DEBIT,1976.6,18717.13,General
C1,26-11-2024,UPI/General Txn,DEBIT,4805.68,55733.61,General
C1,26-11-2024,UPI/General Txn,CREDIT,4578.34,23227.02,General
C1,26-11-2024,UPI/General Txn,CREDIT,1316.49,27854.54,General
C1,26-11-2024,UPI/General Txn,CREDIT,481.65,12820.69,General
C1,26-11-2024,UPI/General Txn,DEBIT,3399.3,18755.09,General
C1,27-11-2024,UPI/General Txn,CREDIT,4908.93,7823.72,General
C1,27-11-2024,UPI/General Txn,CREDIT,2378.96,77579.22,General
C1,27-11-2024,UPI/General Txn,DEBIT,1622.42,55756.05,General
C1,27-11-2024,UPI/General Txn,DEBIT,139.05,29867.91,General
C1,27-11-2024,UPI/General Txn,DEBIT,3944.09,46928.74,General
C1,27-11-2024,UPI/General Txn,CREDIT,2999.29,99780.92,General
C1,27-11-2024,UPI/General Txn,DEBIT,3901.84,15906.07,General
C1,27-11-2024,UPI/General Txn,DEBIT,4668.75,24066.78,General
C1,27-11-2024,UPI/General Txn,DEBIT,1797.48,95148.04,General
C1,27-11-2024,UPI/General Txn,CREDIT,107.16,85051.59,General
C1,27-11-2024,UPI/General Txn,DEBIT,3663.35,21314.24,General
C1,27-11-2024,UPI/General Txn,CREDIT,4917.27,49710.86,General
C1,28-11-2024,UPI/General Txn,DEBIT,4865.54,71453.59,General
C1,28-11-2024,UPI/General Txn,DEBIT,555.83,89831.46,General
C1,28-11-2024,UPI/General Txn,CREDIT,2646.82,46387.34,General
C1,28-11-2024,UPI/General Txn,DEBIT,3764.71,51037.35,General
C1,28-11-2024,UPI/General Txn,CREDIT,3222.36,8408.22,General
C1,28-11-2024,UPI/General Txn,CREDIT,2882.32,66581.95,General
C1,28-11-2024,UPI/General Txn,CREDIT,740.47,26838.1,General
C1,28-11-2024,UPI/General Txn,CREDIT,1643.54,70371.84,General
C1,29-11-2024,UPI/General Txn,CREDIT,1658.48,24127.51,General
C1,29-11-2024,UPI/General Txn,DEBIT,4723.42,78213.76,General
C1,29-11-2024,UPI/General Txn,DEBIT,2965.07,11460.12,General
C1,29-11-2024,UPI/General Txn,CREDIT,2302.88,41244.74,General
C1,29-11-2024,UPI/General Txn,DEBIT,2726.03,45739.79,General
C1,29-11-2024,UPI/General Txn,DEBIT,2370.4,9951.67,General
C1,29-11-2024,UPI/General Txn,CREDIT,4057.22,82812.28,General
C1,29-11-2024,UPI/General Txn,DEBIT,3514.7,22287.06,General
C1,29-11-2024,UPI/General Txn,DEBIT,4297.21,10030.08,General
C1,29-11-2024,UPI/General Txn,CREDIT,1316.27,40228.2,General
C1,30-11-2024,UPI/General Txn,CREDIT,3418.2,82188.87,General
C1,30-11-2024,UPI/General Txn,CREDIT,951.95,85605.53,General
C1,30-11-2024,UPI/General Txn,DEBIT,2824.17,10377.8,General
C1,30-11-2024,UPI/General Txn,DEBIT,599.35,13023.87,General
C1,30-11-2024,UPI/General Txn,DEBIT,402.18,13940.81,General
C1,30-11-2024,UPI/General Txn,CREDIT,4136,68942.24,General
C1,30-11-2024,UPI/General Txn,DEBIT,4694.12,58650.06,General
C1,30-11-2024,UPI/General Txn,DEBIT,1368.22,3158.22,General
C2,01-09-2024,UPI/General Txn,CREDIT,4522.23,81120.57,General
C2,01-09-2024,UPI/General Txn,CREDIT,550.7,13130.24,General
C2,01-09-2024,UPI/General Txn,DEBIT,4717.18,17630.93,General
C2,01-09-2024,UPI/General Txn,CREDIT,2912.03,50116.51,General
C2,01-09-2024,UPI/General Txn,CREDIT,1975.37,18107.91,General
C2,01-09-2024,UPI/General Txn,DEBIT,1152.11,28223.2,General
C2,01-09-2024,UPI/General Txn,DEBIT,2285.46,4430.29,General
C2,01-09-2024,UPI/General Txn,DEBIT,3133.97,65080.56,General
C2,01-09-2024,UPI/General Txn,CREDIT,2544.57,7036.93,General
C2,02-09-2024,UPI/General Txn,CREDIT,1976.77,20746.32,General
C2,02-09-2024,UPI/General Txn,DEBIT,4434.8,63444.68,General
C2,02-09-2024,UPI/General Txn,DEBIT,4030.62,98950.96,General
C2,02-09-2024,UPI/General Txn,CREDIT,3931.39,48488.76,General
C2,02-09-2024,UPI/General Txn,CREDIT,3929.03,91355.02,General
C2,02-09-2024,UPI/General Txn,CREDIT,2561.73,27773.13,General
C2,02-09-2024,UPI/General Txn,DEBIT,227.71,3901.04,General
C2,02-09-2024,UPI/General Txn,CREDIT,4072.38,6800.53,General
C2,02-09-2024,UPI/General Txn,CREDIT,4958.5,76917.37,General
C2,02-09-2024,UPI/General Txn,DEBIT,4998.07,10913.3,General
C2,03-09-2024,UPI/General Txn,DEBIT,1405.98,76640.92,General
C2,03-09-2024,UPI/General Txn,CREDIT,4744.23,36125.66,General
C2,03-09-2024,UPI/General Txn,DEBIT,4212.19,18433.94,General
C2,03-09-2024,UPI/General Txn,CREDIT,3003.35,91484.02,General
C2,03-09-2024,UPI/General Txn,CREDIT,238.21,94808.31,General
C2,03-09-2024,UPI/General Txn,DEBIT,2861.67,83832.99,General
C2,03-09-2024,UPI/General Txn,CREDIT,4070.97,54670.34,General
C2,03-09-2024,UPI/General Txn,DEBIT,960.23,9935.48,General
C2,03-09-2024,UPI/General Txn,DEBIT,1239.85,2972.87,General
C2,04-09-2024,UPI/General Txn,DEBIT,103.35,80838.1,General
C2,04-09-2024,UPI/General Txn,DEBIT,1769.72,91959.3,General
C2,04-09-2024,UPI/General Txn,CREDIT,4236.99,6896.04,General
C2,04-09-2024,UPI/General Txn,DEBIT,823.79,77662.28,General
C2,04-09-2024,UPI/General Txn,CREDIT,4247.76,96095.32,General
C2,04-09-2024,UPI/General Txn,CREDIT,1930.59,59015.65,General
C2,04-09-2024,UPI/General Txn,CREDIT,1749.15,14508.72,General
C2,04-09-2024,UPI/General Txn,CREDIT,871.77,79392.41,General
C2,04-09-2024,UPI/General Txn,CREDIT,4807.24,18246.06,General
C2,04-09-2024,UPI/General Txn,CREDIT,4846.84,23100.48,General
C2,04-09-2024,UPI/General Txn,DEBIT,2985.86,38460.03,General
C2,05-09-2024,UPI/General Txn,DEBIT,724.01,94930.02,General
C2,05-09-2024,NEFT/TCS SALARY,CREDIT,80000,19026.09,Salary
C2,05-09-2024,UPI/General Txn,DEBIT,1659.26,64325.03,General
C2,05-09-2024,NEFT/INFOSYS SALARY,CREDIT,50000,74788.99,Salary
C2,05-09-2024,NEFT/WIPRO SALARY,CREDIT,50000,88646.71,Salary
C2,05-09-2024,NEFT/TCS SALARY,CREDIT,60000,27256.03,Salary
C2,05-09-2024,UPI/General Txn,DEBIT,1322.75,35697.64,General
C2,05-09-2024,UPI/General Txn,DEBIT,3956.4,5766.6,General
C2,05-09-2024,NEFT/INFOSYS SALARY,CREDIT,50000,49815.12,Salary
C2,05-09-2024,NEFT/INFOSYS SALARY,CREDIT,50000,79084.27,Salary
C2,06-09-2024,UPI/General Txn,DEBIT,3289.75,17102.99,General
C2,06-09-2024,UPI/General Txn,DEBIT,461.18,30195.95,General
C2,06-09-2024,UPI/General Txn,DEBIT,1661.71,8345.84,General
C2,06-09-2024,UPI/General Txn,CREDIT,933.52,16929.54,General
C2,06-09-2024,UPI/General Txn,DEBIT,467.51,34457.11,General
C2,06-09-2024,UPI/General Txn,CREDIT,4927.85,70745.96,General
C2,06-09-2024,UPI/General Txn,DEBIT,2213.48,61124.44,General
C2,06-09-2024,UPI/General Txn,DEBIT,2227.58,11024.52,General
C2,06-09-2024,UPI/General Txn,DEBIT,1107.2,41518.71,General
C2,06-09-2024,UPI/General Txn,CREDIT,2815.15,66399.19,General
C2,06-09-2024,UPI/General Txn,DEBIT,1557.26,5913.91,General
C2,06-09-2024,UPI/General Txn,CREDIT,2901.67,16205.4,General
C2,07-09-2024,UPI/General Txn,DEBIT,118.7,30160.4,General
C2,07-09-2024,UPI/General Txn,CREDIT,3343.9,20767.81,General
C2,07-09-2024,UPI/General Txn,DEBIT,226.1,64180.88,General
C2,07-09-2024,UPI/General Txn,CREDIT,4887.58,84533.14,General
C2,07-09-2024,UPI/General Txn,CREDIT,1610.93,47623.5,General
C2,07-09-2024,UPI/General Txn,CREDIT,4484.9,10022.55,General
C2,07-09-2024,UPI/General Txn,DEBIT,2766.22,37731.03,General
C2,07-09-2024,UPI/General Txn,DEBIT,1969.08,45131.75,General
C2,07-09-2024,UPI/General Txn,CREDIT,1390.15,27076.68,General
C2,07-09-2024,UPI/General Txn,DEBIT,4201.69,15961.94,General
C2,08-09-2024,UPI/General Txn,CREDIT,519.97,81009.84,General
C2,08-09-2024,UPI/General Txn,DEBIT,2128.53,55806.59,General
C2,08-09-2024,UPI/General Txn,CREDIT,4219.91,96597.14,General
C2,08-09-2024,UPI/General Txn,CREDIT,3466.63,57698.71,General
C2,08-09-2024,UPI/General Txn,CREDIT,1254.65,8816.55,General
C2,08-09-2024,UPI/General Txn,DEBIT,4523.61,50708.05,General
C2,08-09-2024,UPI/General Txn,DEBIT,4512.23,12907.91,General
C2,08-09-2024,UPI/General Txn,DEBIT,3810.22,94957.09,General
C2,09-09-2024,UPI/General Txn,DEBIT,4863.61,13492.41,General
C2,09-09-2024,UPI/General Txn,CREDIT,2174.54,20990.01,General
C2,09-09-2024,UPI/General Txn,DEBIT,4130.56,83576.7,General
C2,09-09-2024,UPI/General Txn,DEBIT,1363.64,9615.72,General
C2,09-09-2024,UPI/General Txn,CREDIT,2826.18,85805.79,General
C2,09-09-2024,UPI/General Txn,DEBIT,2646.47,78868.51,General
C2,09-09-2024,UPI/General Txn,CREDIT,3152.98,12139.37,General
C2,09-09-2024,UPI/General Txn,DEBIT,833.25,92567.89,General
C2,09-09-2024,UPI/General Txn,DEBIT,2857.15,78788.82,General
C2,10-09-2024,UPI/General Txn,CREDIT,4412.67,27149.53,General
C2,10-09-2024,UPI/General Txn,CREDIT,3308.46,4709.1,General
C2,10-09-2024,UPI/General Txn,DEBIT,1449.53,62206.2,General
C2,10-09-2024,UPI/General Txn,CREDIT,3435.98,4839.47,General
C2,10-09-2024,UPI/General Txn,CREDIT,4458.91,69360.86,General
C2,10-09-2024,UPI/General Txn,CREDIT,341.53,92162.66,General
C2,10-09-2024,UPI/General Txn,DEBIT,4495.45,34448.74,General
C2,10-09-2024,UPI/General Txn,CREDIT,3988.9,28754.32,General
C2,10-09-2024,UPI/General Txn,DEBIT,2508.93,97277.17,General
C2,10-09-2024,UPI/General Txn,CREDIT,1216.99,97447.72,General
C2,10-09-2024,UPI/General Txn,CREDIT,2271.24,27672.58,General
C2,10-09-2024,UPI/General Txn,DEBIT,2142.19,19605.63,General
C2,11-09-2024,UPI/General Txn,CREDIT,4575.82,74353.54,General
C2,11-09-2024,UPI/General Txn,CREDIT,3821.52,82280.72,General
C2,11-09-2024,UPI/General Txn,DEBIT,2624.82,7496.08,General
C2,11-09-2024,UPI/General Txn,CREDIT,3576.89,14429.33,General
C2,11-09-2024,UPI/General Txn,DEBIT,4271.35,18200,General
C2,11-09-2024,UPI/General Txn,DEBIT,4388.38,83860.69,General
C2,11-09-2024,UPI/General Txn,CREDIT,1322.5,6005.37,General
C2,11-09-2024,UPI/General Txn,DEBIT,1865.84,28123.77,General
C2,11-09-2024,UPI/General Txn,CREDIT,4135.18,63905.57,General
C2,12-09-2024,UPI/General Txn,DEBIT,3437.75,37874.21,General
C2,12-09-2024,UPI/General Txn,DEBIT,3010.81,96091.52,General
C2,12-09-2024,UPI/General Txn,CREDIT,2425.45,35080.65,General
C2,12-09-2024,UPI/General Txn,CREDIT,4204.5,75147.15,General
C2,12-09-2024,UPI/General Txn,CREDIT,3475.37,3717.6,General
C2,12-09-2024,UPI/General Txn,DEBIT,343.29,85854.01,General
C2,12-09-2024,UPI/General Txn,DEBIT,3272.16,27639.27,General
C2,12-09-2024,UPI/General Txn,DEBIT,2106.59,86598.36,General
C2,13-09-2024,UPI/General Txn,DEBIT,2423.08,65089.78,General
C2,13-09-2024,UPI/General Txn,DEBIT,3045.6,23153.23,General
C2,13-09-2024,UPI/General Txn,CREDIT,3080.89,71561.31,General
C2,13-09-2024,UPI/General Txn,CREDIT,3575.9,42956.87,General
C2,13-09-2024,UPI/General Txn,CREDIT,1944.73,46440.8,General
C2,13-09-2024,UPI/General Txn,CREDIT,1169.22,68042.42,General
C2,13-09-2024,UPI/General Txn,CREDIT,4139.12,58864.23,General
C2,13-09-2024,UPI/General Txn,CREDIT,136,56584.25,General
C2,14-09-2024,UPI/General Txn,CREDIT,3084.35,68756.9,General
C2,14-09-2024,UPI/General Txn,CREDIT,2460.52,98847.74,General
C2,14-09-2024,UPI/General Txn,CREDIT,3238.91,26853.54,General
C2,14-09-2024,UPI/General Txn,CREDIT,3584.36,19647.65,General
C2,14-09-2024,UPI/General Txn,DEBIT,2634.74,90069.02,General
C2,14-09-2024,UPI/General Txn,CREDIT,4046.61,66392.5,General
C2,14-09-2024,UPI/General Txn,DEBIT,3435.7,65884.66,General
C2,14-09-2024,UPI/General Txn,CREDIT,4987.6,90784.24,General
C2,14-09-2024,UPI/General Txn,DEBIT,2082.53,58719.35,General
C2,14-09-2024,UPI/General Txn,DEBIT,4974.29,34973.54,General
C2,14-09-2024,UPI/General Txn,CREDIT,3595.51,90746.12,General
C2,14-09-2024,UPI/General Txn,CREDIT,3392.16,84696.51,General
C2,15-09-2024,UPI/General Txn,DEBIT,987.57,47607.31,General
C2,15-09-2024,UPI/General Txn,DEBIT,3730.5,94745.41,General
C2,15-09-2024,UPI/General Txn,DEBIT,4508,23003.1,General
C2,15-09-2024,UPI/General Txn,CREDIT,1194.31,42626.78,General
C2,15-09-2024,UPI/General Txn,CREDIT,4445.53,26795.36,General
C2,15-09-2024,UPI/General Txn,DEBIT,1540.85,47583.12,General
C2,15-09-2024,UPI/General Txn,DEBIT,4345.33,47749.75,General
C2,15-09-2024,UPI/General Txn,DEBIT,1053.26,86882.28,General
C2,15-09-2024,UPI/General Txn,CREDIT,1970.18,41897.62,General
C2,15-09-2024,UPI/General Txn,DEBIT,4367.16,14599.16,General
C2,15-09-2024,UPI/General Txn,CREDIT,1081.45,98731.97,General
C2,15-09-2024,UPI/General Txn,CREDIT,4474.94,15179.19,General
C2,16-09-2024,UPI/General Txn,CREDIT,3916.81,33930.32,General
C2,16-09-2024,UPI/General Txn,CREDIT,4934.54,63815.4,General
C2,16-09-2024,UPI/General Txn,CREDIT,123.1,21728.85,General
C2,16-09-2024,UPI/General Txn,DEBIT,3890.36,49468.13,General
C2,16-09-2024,UPI/General Txn,DEBIT,3841.49,13811.19,General
C2,16-09-2024,UPI/General Txn,CREDIT,2225.19,40935.95,General
C2,16-09-2024,UPI/General Txn,CREDIT,4830.11,1462.24,General
C2,16-09-2024,UPI/General Txn,CREDIT,2715.53,95056.79,General
C2,16-09-2024,UPI/General Txn,DEBIT,4470.83,2773.7,General
C2,17-09-2024,UPI/General Txn,DEBIT,3170.77,23400.31,General
C2,17-09-2024,UPI/General Txn,CREDIT,4397.23,13764.15,General
C2,17-09-2024,UPI/General Txn,CREDIT,1979.4,17535,General
C2,17-09-2024,UPI/General Txn,CREDIT,4136.83,94897.87,General
C2,17-09-2024,UPI/General Txn,CREDIT,2334.04,43932.86,General
C2,17-09-2024,UPI/General Txn,DEBIT,3465.22,34930.55,General
C2,17-09-2024,UPI/General Txn,CREDIT,4516.78,75261.44,General
C2,17-09-2024,UPI/General Txn,CREDIT,907.93,2893.35,General
C2,18-09-2024,UPI/General Txn,DEBIT,3663.13,21907.83,General
C2,18-09-2024,UPI/General Txn,DEBIT,207.38,13193.04,General
C2,18-09-2024,UPI/General Txn,DEBIT,3584.44,38144.05,General
C2,18-09-2024,UPI/General Txn,DEBIT,3237.57,59798.48,General
C2,18-09-2024,UPI/General Txn,DEBIT,335.01,65703.19,General
C2,18-09-2024,UPI/General Txn,DEBIT,196.73,42260.78,General
C2,18-09-2024,UPI/General Txn,CREDIT,1963.24,47965.24,General
C2,18-09-2024,UPI/General Txn,DEBIT,850.32,30810.53,General
C2,18-09-2024,UPI/General Txn,CREDIT,3342.16,62656.98,General
C2,19-09-2024,UPI/General Txn,DEBIT,2152.25,51646.89,General
C2,19-09-2024,UPI/General Txn,CREDIT,3126.72,12287.24,General
C2,19-09-2024,UPI/General Txn,DEBIT,620.69,61291.18,General
C2,19-09-2024,UPI/General Txn,DEBIT,3912,36434.26,General
C2,19-09-2024,UPI/General Txn,DEBIT,2107.81,4901.17,General
C2,19-09-2024,UPI/General Txn,DEBIT,2532.14,69132.19,General
C2,19-09-2024,UPI/General Txn,DEBIT,2455.25,1271.06,General
C2,19-09-2024,UPI/General Txn,DEBIT,3391,83687.98,General
C2,19-09-2024,UPI/General Txn,DEBIT,3378.21,94995.16,General
C2,20-09-2024,UPI/General Txn,DEBIT,467.74,90573.16,General
C2,20-09-2024,UPI/General Txn,CREDIT,3257.25,98877.93,General
C2,20-09-2024,UPI/General Txn,CREDIT,1550.51,5957.94,General
C2,20-09-2024,UPI/General Txn,DEBIT,4084.57,85372.62,General
C2,20-09-2024,UPI/General Txn,CREDIT,1865.05,43173.53,General
C2,20-09-2024,UPI/General Txn,DEBIT,667.92,1957.56,General
C2,20-09-2024,UPI/General Txn,DEBIT,778.13,33537.42,General
C2,20-09-2024,UPI/General Txn,CREDIT,4483.19,87969.08,General
C2,20-09-2024,UPI/General Txn,CREDIT,555.46,19104.07,General
C2,20-09-2024,UPI/General Txn,CREDIT,2063.81,27911.48,General
C2,20-09-2024,UPI/General Txn,CREDIT,1990.01,80190.01,General
C2,20-09-2024,UPI/General Txn,DEBIT,3279.35,12192.6,General
C2,21-09-2024,UPI/General Txn,DEBIT,4909.69,11267.6,General
C2,21-09-2024,UPI/General Txn,CREDIT,4565.01,80424.21,General
C2,21-09-2024,UPI/General Txn,DEBIT,3424.13,61520.99,General
C2,21-09-2024,UPI/General Txn,DEBIT,3917.91,86395,General
C2,21-09-2024,UPI/General Txn,DEBIT,4411.76,48824.89,General
C2,21-09-2024,UPI/General Txn,CREDIT,2491.8,44628.1,General
C2,21-09-2024,UPI/General Txn,CREDIT,410.35,2223.66,General
C2,21-09-2024,UPI/General Txn,DEBIT,4354.83,97811.66,General
C2,22-09-2024,UPI/General Txn,DEBIT,2643.59,43851.94,General
C2,22-09-2024,UPI/General Txn,CREDIT,3660.59,35229.2,General
C2,22-09-2024,UPI/General Txn,CREDIT,3413.85,15716.79,General
C2,22-09-2024,UPI/General Txn,DEBIT,4149.55,2152.84,General
C2,22-09-2024,UPI/General Txn,CREDIT,4678.42,85335.24,General
C2,22-09-2024,UPI/General Txn,DEBIT,4360.14,75391.57,General
C2,22-09-2024,UPI/General Txn,CREDIT,1671.11,97044.36,General
C2,22-09-2024,UPI/General Txn,DEBIT,346.72,55499.06,General
C2,22-09-2024,UPI/General Txn,DEBIT,1955.32,8804.23,General
C2,22-09-2024,UPI/General Txn,CREDIT,2276.53,9713.97,General
C2,23-09-2024,UPI/General Txn,DEBIT,2290.63,98086.4,General
C2,23-09-2024,UPI/General Txn,DEBIT,3751.67,11161.69,General
C2,23-09-2024,UPI/General Txn,DEBIT,2120.46,82764.97,General
C2,23-09-2024,UPI/General Txn,CREDIT,3979.74,89120.98,General
C2,23-09-2024,UPI/General Txn,CREDIT,2855.43,95085.16,General
C2,23-09-2024,UPI/General Txn,DEBIT,1880.38,81842.28,General
C2,23-09-2024,UPI/General Txn,CREDIT,4237.16,56454.93,General
C2,23-09-2024,UPI/General Txn,CREDIT,3136.81,71949.15,General
C2,23-09-2024,UPI/General Txn,CREDIT,1880.14,12288.31,General
C2,23-09-2024,UPI/General Txn,DEBIT,3820.67,1217.5,General
C2,23-09-2024,UPI/General Txn,CREDIT,1840.18,55221.37,General
C2,24-09-2024,UPI/General Txn,DEBIT,3540.27,89790.83,General
C2,24-09-2024,UPI/General Txn,CREDIT,2512.87,11589.19,General
C2,24-09-2024,UPI/General Txn,DEBIT,3093.17,12953.83,General
C2,24-09-2024,UPI/General Txn,DEBIT,4275.75,46247.55,General
C2,24-09-2024,UPI/General Txn,CREDIT,3928.96,11668.81,General
C2,24-09-2024,UPI/General Txn,DEBIT,2130.9,77442.37,General
C2,24-09-2024,UPI/General Txn,DEBIT,2307.47,96421.62,General
C2,24-09-2024,UPI/General Txn,DEBIT,121.25,55769.41,General
C2,24-09-2024,UPI/General Txn,CREDIT,2220.77,92512.72,General
C2,24-09-2024,UPI/General Txn,DEBIT,3927.3,69489.95,General
C2,25-09-2024,UPI/General Txn,DEBIT,3679.42,11251.84,General
C2,25-09-2024,UPI/General Txn,CREDIT,3321.86,50906.9,General
C2,25-09-2024,UPI/General Txn,DEBIT,1984.85,28085.99,General
C2,25-09-2024,UPI/General Txn,CREDIT,4821.61,45831.72,General
C2,25-09-2024,UPI/General Txn,CREDIT,753.52,60649.92,General
C2,25-09-2024,UPI/General Txn,CREDIT,4443.54,84464.37,General
C2,25-09-2024,UPI/General Txn,CREDIT,2784.25,71475.56,General
C2,25-09-2024,UPI/General Txn,DEBIT,4684.01,20888.02,General
C2,25-09-2024,UPI/General Txn,CREDIT,3158.42,68974.52,General
C2,26-09-2024,UPI/General Txn,DEBIT,4908.54,50885.45,General
C2,26-09-2024,UPI/General Txn,CREDIT,3502.13,71324.92,General
C2,26-09-2024,UPI/General Txn,CREDIT,3827.8,58697.82,General
C2,26-09-2024,UPI/General Txn,CREDIT,4719.1,67750.11,General
C2,26-09-2024,UPI/General Txn,CREDIT,4479.94,87870.25,General
C2,26-09-2024,UPI/General Txn,DEBIT,2169.69,52750.27,General
C2,26-09-2024,UPI/General Txn,DEBIT,223.83,6253.43,General
C2,26-09-2024,UPI/General Txn,CREDIT,377.36,75268.32,General
C2,26-09-2024,UPI/General Txn,CREDIT,888.58,68655.64,General
C2,27-09-2024,UPI/General Txn,CREDIT,4212.97,21196.09,General
C2,27-09-2024,UPI/General Txn,CREDIT,2751.74,81588.6,General
C2,27-09-2024,UPI/General Txn,DEBIT,602.15,74498.86,General
C2,27-09-2024,UPI/General Txn,DEBIT,2850.23,51581.31,General
C2,27-09-2024,UPI/General Txn,CREDIT,4004.48,69600.67,General
C2,27-09-2024,UPI/General Txn,CREDIT,330.2,39367.91,General
C2,27-09-2024,UPI/General Txn,CREDIT,4787.84,96617.49,General
C2,27-09-2024,UPI/General Txn,CREDIT,363.63,21105.64,General
C2,27-09-2024,UPI/General Txn,CREDIT,4357.36,83168.36,General
C2,28-09-2024,UPI/General Txn,DEBIT,3800.03,77838.53,General
C2,28-09-2024,UPI/General Txn,CREDIT,4825.02,45432.68,General
C2,28-09-2024,UPI/General Txn,DEBIT,4918.92,19510.68,General
C2,28-09-2024,UPI/General Txn,DEBIT,951.6,38342.62,General
C2,28-09-2024,UPI/General Txn,CREDIT,2199.69,13876.59,General
C2,28-09-2024,UPI/General Txn,CREDIT,2961.53,1558.87,General
C2,28-09-2024,UPI/General Txn,DEBIT,2385.02,4954.12,General
C2,28-09-2024,UPI/General Txn,DEBIT,4650.28,77592.43,General
C2,28-09-2024,UPI/General Txn,CREDIT,3164.3,49564.54,General
C2,28-09-2024,UPI/General Txn,CREDIT,2906.12,8215.2,General
C2,29-09-2024,UPI/General Txn,DEBIT,2674.44,52540.02,General
C2,29-09-2024,UPI/General Txn,DEBIT,3952.67,42177.19,General
C2,29-09-2024,UPI/General Txn,DEBIT,2731.48,35590.89,General
C2,29-09-2024,UPI/General Txn,CREDIT,4428.64,33775.59,General
C2,29-09-2024,UPI/General Txn,CREDIT,1538.51,99666.48,General
C2,29-09-2024,UPI/General Txn,DEBIT,4136.07,12357.47,General
C2,29-09-2024,UPI/General Txn,DEBIT,1795.44,90545.15,General
C2,29-09-2024,UPI/General Txn,DEBIT,3107.14,95930.78,General
C2,29-09-2024,UPI/General Txn,CREDIT,3444.5,38755.89,General
C2,29-09-2024,UPI/General Txn,DEBIT,4001.41,39201.72,General
C2,30-09-2024,UPI/General Txn,DEBIT,3647.48,91222.26,General
C2,30-09-2024,UPI/General Txn,CREDIT,4128.33,51916.6,General
C2,30-09-2024,UPI/General Txn,CREDIT,2592.8,5341.31,General
C2,30-09-2024,UPI/General Txn,DEBIT,4501.58,32710.96,General
C2,30-09-2024,UPI/General Txn,DEBIT,503.49,17572.09,General
C2,30-09-2024,UPI/General Txn,DEBIT,4785.75,63066.37,General
C2,30-09-2024,UPI/General Txn,DEBIT,1132.83,86630.13,General
C2,30-09-2024,UPI/General Txn,DEBIT,2178.63,21352.38,General
C2,30-09-2024,UPI/General Txn,CREDIT,4160.87,65009.55,General
C2,30-09-2024,UPI/General Txn,DEBIT,4704.78,3351.54,General
C2,30-09-2024,UPI/General Txn,DEBIT,3612.65,9664.57,General
C2,30-09-2024,UPI/General Txn,CREDIT,365.91,56250.34,General
C2,01-10-2024,UPI/General Txn,CREDIT,4125.93,41355.65,General
C2,01-10-2024,UPI/General Txn,CREDIT,2310.52,43869.48,General
C2,01-10-2024,UPI/General Txn,DEBIT,182.77,53948.6,General
C2,01-10-2024,UPI/General Txn,DEBIT,3242.97,75840.1,General
C2,01-10-2024,UPI/General Txn,DEBIT,2969.48,36412.31,General
C2,01-10-2024,UPI/General Txn,CREDIT,2563.9,78902.3,General
C2,01-10-2024,UPI/General Txn,DEBIT,1576.62,28870.23,General
C2,01-10-2024,UPI/General Txn,CREDIT,4640.79,40116.21,General
C2,01-10-2024,UPI/General Txn,CREDIT,3337.54,16476.02,General
C2,01-10-2024,UPI/General Txn,CREDIT,1177.34,79880.27,General
C2,01-10-2024,UPI/General Txn,CREDIT,4262.39,96053.29,General
C2,01-10-2024,UPI/General Txn,CREDIT,805.97,95781.77,General
C2,02-10-2024,UPI/General Txn,DEBIT,2812.27,13200.28,General
C2,02-10-2024,UPI/General Txn,CREDIT,124.65,54178.05,General
C2,02-10-2024,UPI/General Txn,CREDIT,4740.2,21795.24,General
C2,02-10-2024,UPI/General Txn,CREDIT,3733.01,21961.96,General
C2,02-10-2024,UPI/General Txn,DEBIT,4537.58,16934.48,General
C2,02-10-2024,UPI/General Txn,CREDIT,1181.86,20238.3,General
C2,02-10-2024,UPI/General Txn,DEBIT,988.65,85287.38,General
C2,02-10-2024,UPI/General Txn,CREDIT,4668.61,64822.78,General
C2,03-10-2024,UPI/General Txn,DEBIT,1524.2,25818.07,General
C2,03-10-2024,UPI/General Txn,CREDIT,1067.35,95202.45,General
C2,03-10-2024,UPI/General Txn,DEBIT,1849.98,10904.46,General
C2,03-10-2024,UPI/General Txn,DEBIT,3135.63,32460.81,General
C2,03-10-2024,UPI/General Txn,CREDIT,2308.17,69652.35,General
C2,03-10-2024,UPI/General Txn,CREDIT,846.74,80962.28,General
C2,03-10-2024,UPI/General Txn,DEBIT,4797.43,1478.36,General
C2,03-10-2024,UPI/General Txn,DEBIT,1306.26,71507.71,General
C2,04-10-2024,UPI/General Txn,CREDIT,1455.73,14296.28,General
C2,04-10-2024,UPI/General Txn,CREDIT,3691.57,46821.99,General
C2,04-10-2024,UPI/General Txn,CREDIT,1857.83,49210.17,General
C2,04-10-2024,UPI/General Txn,DEBIT,633.28,84337.51,General
C2,04-10-2024,UPI/General Txn,DEBIT,4307.7,89238.41,General
C2,04-10-2024,UPI/General Txn,DEBIT,1062.52,73015.11,General
C2,04-10-2024,UPI/General Txn,DEBIT,4471.32,81451.6,General
C2,04-10-2024,UPI/General Txn,DEBIT,2936.61,90724.05,General
C2,04-10-2024,UPI/General Txn,CREDIT,2802.81,65736.91,General
C2,04-10-2024,UPI/General Txn,CREDIT,828.3,23107.36,General
C2,04-10-2024,UPI/General Txn,CREDIT,3883.51,14254.24,General
C2,05-10-2024,NEFT/WIPRO SALARY,CREDIT,60000,2048.58,Salary
C2,05-10-2024,UPI/General Txn,DEBIT,1270.52,75963.4,General
C2,05-10-2024,UPI/General Txn,DEBIT,787.82,18735.37,General
C2,05-10-2024,UPI/General Txn,DEBIT,4748.69,73856.06,General
C2,05-10-2024,NEFT/TCS SALARY,CREDIT,50000,76385.77,Salary
C2,05-10-2024,NEFT/TCS SALARY,CREDIT,60000,5238.04,Salary
C2,05-10-2024,NEFT/INFOSYS SALARY,CREDIT,60000,91872.29,Salary
C2,05-10-2024,UPI/General Txn,DEBIT,4419.6,98078.39,General
C2,05-10-2024,NEFT/INFOSYS SALARY,CREDIT,80000,58284.51,Salary
C2,05-10-2024,NEFT/INFOSYS SALARY,CREDIT,80000,37164.38,Salary
C2,05-10-2024,UPI/General Txn,DEBIT,3301.35,52149.63,General
C2,05-10-2024,UPI/General Txn,DEBIT,1944.01,52120.81,General
C2,06-10-2024,UPI/General Txn,CREDIT,4104.46,49199.29,General
C2,06-10-2024,UPI/General Txn,DEBIT,2462.34,50681.86,General
C2,06-10-2024,UPI/General Txn,DEBIT,780.94,23769.09,General
C2,06-10-2024,UPI/General Txn,CREDIT,2621.25,21940.19,General
C2,06-10-2024,UPI/General Txn,CREDIT,1015.84,60600.01,General
C2,06-10-2024,UPI/General Txn,DEBIT,4103.08,42046.75,General
C2,06-10-2024,UPI/General Txn,DEBIT,1718.1,48670.15,General
C2,06-10-2024,UPI/General Txn,DEBIT,2446.19,59488.3,General
C2,06-10-2024,UPI/General Txn,CREDIT,3271.57,3222.16,General
C2,06-10-2024,UPI/General Txn,DEBIT,311.41,14337.68,General
C2,07-10-2024,UPI/General Txn,DEBIT,292.04,6535.29,General
C2,07-10-2024,UPI/General Txn,DEBIT,1365.47,52147.43,General
C2,07-10-2024,UPI/General Txn,DEBIT,2086.74,87972.39,General
C2,07-10-2024,UPI/General Txn,CREDIT,3667.07,94778.13,General
C2,07-10-2024,UPI/General Txn,CREDIT,1161.31,86862.94,General
C2,07-10-2024,UPI/General Txn,CREDIT,935.78,60483.03,General
C2,07-10-2024,UPI/General Txn,DEBIT,3993.62,62697.96,General
C2,07-10-2024,UPI/General Txn,DEBIT,2602.94,72694.49,General
C2,07-10-2024,UPI/General Txn,CREDIT,1779.09,60056.8,General
C2,07-10-2024,UPI/General Txn,CREDIT,437.33,39160.73,General
C2,07-10-2024,UPI/General Txn,DEBIT,631.99,52748.42,General
C2,07-10-2024,UPI/General Txn,CREDIT,4555.76,82824.9,General
C2,08-10-2024,UPI/General Txn,CREDIT,571.86,90259.21,General
C2,08-10-2024,UPI/General Txn,DEBIT,3039.09,10225.81,General
C2,08-10-2024,UPI/General Txn,DEBIT,3331.02,89799.93,General
C2,08-10-2024,UPI/General Txn,CREDIT,3896.87,52682.38,General
C2,08-10-2024,UPI/General Txn,DEBIT,1914.85,70066.64,General
C2,08-10-2024,UPI/General Txn,CREDIT,2201.89,79166,General
C2,08-10-2024,UPI/General Txn,DEBIT,1968.06,43123.45,General
C2,08-10-2024,UPI/General Txn,DEBIT,1347.14,91098.45,General
C2,08-10-2024,UPI/General Txn,CREDIT,510.71,26522.69,General
C2,08-10-2024,UPI/General Txn,DEBIT,126.8,58220.73,General
C2,08-10-2024,UPI/General Txn,DEBIT,677.36,38127.96,General
C2,08-10-2024,UPI/General Txn,CREDIT,1106.55,41475.66,General
C2,09-10-2024,UPI/General Txn,CREDIT,858.42,26868.99,General
C2,09-10-2024,UPI/General Txn,CREDIT,2726.91,61576.19,General
C2,09-10-2024,UPI/General Txn,CREDIT,4959.81,75742.22,General
C2,09-10-2024,UPI/General Txn,CREDIT,2124.82,18693.24,General
C2,09-10-2024,UPI/General Txn,CREDIT,2839.56,26123.99,General
C2,09-10-2024,UPI/General Txn,CREDIT,1602.6,77645.25,General
C2,09-10-2024,UPI/General Txn,DEBIT,2050.84,85644.89,General
C2,09-10-2024,UPI/General Txn,DEBIT,3330.49,45212.89,General
C2,10-10-2024,UPI/General Txn,CREDIT,591.37,78822.03,General
C2,10-10-2024,UPI/General Txn,DEBIT,4024.18,16913.06,General
C2,10-10-2024,UPI/General Txn,DEBIT,4826.39,80632.57,General
C2,10-10-2024,UPI/General Txn,CREDIT,4133.95,92660.32,General
C2,10-10-2024,UPI/General Txn,DEBIT,2233.35,27046.11,General
C2,10-10-2024,UPI/General Txn,DEBIT,1917.09,72724.98,General
C2,10-10-2024,UPI/General Txn,CREDIT,4660.36,61782.59,General
C2,10-10-2024,UPI/General Txn,DEBIT,2652.93,94625.87,General
C2,10-10-2024,UPI/General Txn,CREDIT,4119.12,44458.23,General
C2,11-10-2024,UPI/General Txn,CREDIT,4267.78,20279.9,General
C2,11-10-2024,UPI/General Txn,DEBIT,3941.4,61903.81,General
C2,11-10-2024,UPI/General Txn,CREDIT,3402.72,24686.41,General
C2,11-10-2024,UPI/General Txn,DEBIT,101.41,9597.44,General
C2,11-10-2024,UPI/General Txn,CREDIT,1452.09,35959.64,General
C2,11-10-2024,UPI/General Txn,DEBIT,2036.2,52256.53,General
C2,11-10-2024,UPI/General Txn,DEBIT,3710.94,91998.56,General
C2,11-10-2024,UPI/General Txn,CREDIT,2793,35400.03,General
C2,11-10-2024,UPI/General Txn,DEBIT,4096.02,61029.98,General
C2,12-10-2024,UPI/General Txn,CREDIT,2328.32,57915.77,General
C2,12-10-2024,UPI/General Txn,CREDIT,1379.43,51117.57,General
C2,12-10-2024,UPI/General Txn,CREDIT,2837.29,34656.62,General
C2,12-10-2024,UPI/General Txn,CREDIT,673.34,87735.19,General
C2,12-10-2024,UPI/General Txn,CREDIT,4084.42,69724.99,General
C2,12-10-2024,UPI/General Txn,CREDIT,4833.67,77226.75,General
C2,12-10-2024,UPI/General Txn,CREDIT,3811.62,68477.87,General
C2,12-10-2024,UPI/General Txn,DEBIT,4492.97,48715.05,General
C2,12-10-2024,UPI/General Txn,CREDIT,1363.32,63732.52,General
C2,13-10-2024,UPI/General Txn,DEBIT,3416.87,80215.98,General
C2,13-10-2024,UPI/General Txn,CREDIT,2120.89,52133.92,General
C2,13-10-2024,UPI/General Txn,CREDIT,147.64,25577.5,General
C2,13-10-2024,UPI/General Txn,CREDIT,555.75,8526.85,General
C2,13-10-2024,UPI/General Txn,CREDIT,4663.84,32073.41,General
C2,13-10-2024,UPI/General Txn,CREDIT,1170.97,19095.66,General
C2,13-10-2024,UPI/General Txn,DEBIT,3756.17,50400.93,General
C2,13-10-2024,UPI/General Txn,DEBIT,1078.37,87401.51,General
C2,13-10-2024,UPI/General Txn,DEBIT,1113.22,83659.11,General
C2,14-10-2024,UPI/General Txn,DEBIT,1844.53,12867.97,General
C2,14-10-2024,UPI/General Txn,CREDIT,484.59,61768.87,General
C2,14-10-2024,UPI/General Txn,DEBIT,3844.8,84953.05,General
C2,14-10-2024,UPI/General Txn,CREDIT,1918.86,49741.7,General
C2,14-10-2024,UPI/General Txn,CREDIT,4928.27,49589.73,General
C2,14-10-2024,UPI/General Txn,CREDIT,4923.53,40390.07,General
C2,14-10-2024,UPI/General Txn,DEBIT,3775.83,6360.67,General
C2,14-10-2024,UPI/General Txn,CREDIT,4016.42,94025.79,General
C2,14-10-2024,UPI/General Txn,CREDIT,259.56,39977.98,General
C2,14-10-2024,UPI/General Txn,DEBIT,3463.06,46262.41,General
C2,14-10-2024,UPI/General Txn,CREDIT,689.8,32249.48,General
C2,14-10-2024,UPI/General Txn,DEBIT,141.25,38563.37,General
C2,15-10-2024,UPI/General Txn,CREDIT,1694.64,19528.09,General
C2,15-10-2024,UPI/General Txn,CREDIT,1387.96,47663.19,General
C2,15-10-2024,UPI/General Txn,CREDIT,3104.11,19207.45,General
C2,15-10-2024,UPI/General Txn,CREDIT,2177.32,70370.55,General
C2,15-10-2024,UPI/General Txn,CREDIT,1924.32,28683.32,General
C2,15-10-2024,UPI/General Txn,DEBIT,981.46,97947.97,General
C2,15-10-2024,UPI/General Txn,DEBIT,3461.46,72360.73,General
C2,15-10-2024,UPI/General Txn,CREDIT,4040.03,85774.57,General
C2,16-10-2024,UPI/General Txn,DEBIT,814.63,47825.72,General
C2,16-10-2024,UPI/General Txn,CREDIT,147.74,50460.18,General
C2,16-10-2024,UPI/General Txn,CREDIT,4978.25,78747.96,General
C2,16-10-2024,UPI/General Txn,DEBIT,1570.17,40441.79,General
C2,16-10-2024,UPI/General Txn,DEBIT,3483.66,22331.27,General
C2,16-10-2024,UPI/General Txn,DEBIT,1346.02,45535.63,General
C2,16-10-2024,UPI/General Txn,CREDIT,1739.82,36670.35,General
C2,16-10-2024,UPI/General Txn,CREDIT,2831.71,35069.89,General
C2,16-10-2024,UPI/General Txn,CREDIT,2117.63,86869.49,General
C2,17-10-2024,UPI/General Txn,DEBIT,1074.89,97957.94,General
C2,17-10-2024,UPI/General Txn,CREDIT,1494.58,67646.09,General
C2,17-10-2024,UPI/General Txn,CREDIT,2488.72,89073.61,General
C2,17-10-2024,UPI/General Txn,CREDIT,1967.25,46911.46,General
C2,17-10-2024,UPI/General Txn,DEBIT,4787.31,64417.48,General
C2,17-10-2024,UPI/General Txn,CREDIT,4649.98,63496.07,General
C2,17-10-2024,UPI/General Txn,DEBIT,2901.02,8832.08,General
C2,17-10-2024,UPI/General Txn,CREDIT,1783.76,32370.95,General
C2,17-10-2024,UPI/General Txn,CREDIT,1527.65,60933.11,General
C2,17-10-2024,UPI/General Txn,CREDIT,2037.73,78316.43,General
C2,17-10-2024,UPI/General Txn,CREDIT,4699.97,41984.92,General
C2,17-10-2024,UPI/General Txn,DEBIT,1001.04,13378.95,General
C2,18-10-2024,UPI/General Txn,DEBIT,3343.91,21846.58,General
C2,18-10-2024,UPI/General Txn,DEBIT,2045.52,7315.45,General
C2,18-10-2024,UPI/General Txn,DEBIT,4405.59,3610.13,General
C2,18-10-2024,UPI/General Txn,DEBIT,2045.36,11288.91,General
C2,18-10-2024,UPI/General Txn,DEBIT,3128.7,65828.43,General
C2,18-10-2024,UPI/General Txn,CREDIT,4438.81,23706.24,General
C2,18-10-2024,UPI/General Txn,CREDIT,3714.21,63021.59,General
C2,18-10-2024,UPI/General Txn,DEBIT,743.26,3828.56,General
C2,18-10-2024,UPI/General Txn,CREDIT,3351.39,86559.87,General
C2,19-10-2024,UPI/General Txn,CREDIT,4877.41,55305.98,General
C2,19-10-2024,UPI/General Txn,DEBIT,762.06,59492.26,General
C2,19-10-2024,UPI/General Txn,CREDIT,2337.06,52822.52,General
C2,19-10-2024,UPI/General Txn,CREDIT,3233.69,90983.39,General
C2,19-10-2024,UPI/General Txn,DEBIT,2460.09,80666.07,General
C2,19-10-2024,UPI/General Txn,CREDIT,2265.12,41808.18,General
C2,19-10-2024,UPI/General Txn,DEBIT,863.02,1009.14,General
C2,19-10-2024,UPI/General Txn,DEBIT,4095.36,35044.61,General
C2,19-10-2024,UPI/General Txn,DEBIT,2399.07,69089.23,General
C2,19-10-2024,UPI/General Txn,CREDIT,2510.47,30661.44,General
C2,19-10-2024,UPI/General Txn,CREDIT,3852.76,60103.37,General
C2,20-10-2024,UPI/General Txn,DEBIT,2786.24,41761.85,General
C2,20-10-2024,UPI/General Txn,CREDIT,2846.72,25739.72,General
C2,20-10-2024,UPI/General Txn,CREDIT,3603.2,83014.26,General
C2,20-10-2024,UPI/General Txn,DEBIT,1180.9,42801.7,General
C2,20-10-2024,UPI/General Txn,CREDIT,1273.85,29183.01,General
C2,20-10-2024,UPI/General Txn,CREDIT,3740.34,41877.48,General
C2,20-10-2024,UPI/General Txn,DEBIT,4282.06,14525.78,General
C2,20-10-2024,UPI/General Txn,CREDIT,640.75,62155.21,General
C2,21-10-2024,UPI/General Txn,CREDIT,3532.32,19591.15,General
C2,21-10-2024,UPI/General Txn,DEBIT,195.04,97001.91,General
C2,21-10-2024,UPI/General Txn,DEBIT,208.44,28929.34,General
C2,21-10-2024,UPI/General Txn,CREDIT,712.69,72983.6,General
C2,21-10-2024,UPI/General Txn,DEBIT,1240.77,2457.76,General
C2,21-10-2024,UPI/General Txn,CREDIT,1164.22,31846.09,General
C2,21-10-2024,UPI/General Txn,CREDIT,4017.37,46904.76,General
C2,21-10-2024,UPI/General Txn,CREDIT,3977.98,8942.09,General
C2,21-10-2024,UPI/General Txn,DEBIT,3777.79,6547.8,General
C2,21-10-2024,UPI/General Txn,DEBIT,3900.7,54776,General
C2,22-10-2024,UPI/General Txn,CREDIT,1041.74,81907.82,General
C2,22-10-2024,UPI/General Txn,DEBIT,4158.44,97485.25,General
C2,22-10-2024,UPI/General Txn,CREDIT,3601.94,77351.31,General
C2,22-10-2024,UPI/General Txn,DEBIT,2270.51,20718.81,General
C2,22-10-2024,UPI/General Txn,DEBIT,3703.08,52592.77,General
C2,22-10-2024,UPI/General Txn,CREDIT,4912.37,39523.17,General
C2,22-10-2024,UPI/General Txn,CREDIT,4809.95,16702.53,General
C2,22-10-2024,UPI/General Txn,DEBIT,3668.36,26077.96,General
C2,22-10-2024,UPI/General Txn,DEBIT,3228.75,36682.24,General
C2,23-10-2024,UPI/General Txn,DEBIT,4331.92,97354.13,General
C2,23-10-2024,UPI/General Txn,CREDIT,1256.23,33126.84,General
C2,23-10-2024,UPI/General Txn,CREDIT,920.07,58884.99,General
C2,23-10-2024,UPI/General Txn,DEBIT,2039.46,1884.06,General
C2,23-10-2024,UPI/General Txn,CREDIT,305.77,69152.25,General
C2,23-10-2024,UPI/General Txn,DEBIT,859.46,25623.5,General
C2,23-10-2024,UPI/General Txn,CREDIT,2549.6,93154.03,General
C2,23-10-2024,UPI/General Txn,DEBIT,4985.17,6917.74,General
C2,24-10-2024,UPI/General Txn,DEBIT,3536.51,13456.92,General
C2,24-10-2024,UPI/General Txn,CREDIT,1240.11,80747.01,General
C2,24-10-2024,UPI/General Txn,DEBIT,2249.72,3113.93,General
C2,24-10-2024,UPI/General Txn,DEBIT,1951.07,25818.93,General
C2,24-10-2024,UPI/General Txn,CREDIT,293.49,56343.45,General
C2,24-10-2024,UPI/General Txn,CREDIT,2759.4,19787.81,General
C2,24-10-2024,UPI/General Txn,CREDIT,1014.47,33044.41,General
C2,24-10-2024,UPI/General Txn,DEBIT,2395.13,7818.78,General
C2,24-10-2024,UPI/General Txn,CREDIT,859.62,82122.44,General
C2,25-10-2024,UPI/General Txn,DEBIT,1898.85,77815.87,General
C2,25-10-2024,UPI/General Txn,DEBIT,2579.19,88410.3,General
C2,25-10-2024,UPI/General Txn,CREDIT,3136.7,77825.64,General
C2,25-10-2024,UPI/General Txn,DEBIT,1270.05,66170.65,General
C2,25-10-2024,UPI/General Txn,CREDIT,2740.89,19797.08,General
C2,25-10-2024,UPI/General Txn,DEBIT,3447.8,61690.88,General
C2,25-10-2024,UPI/General Txn,CREDIT,1680.74,11935.95,General
C2,25-10-2024,UPI/General Txn,DEBIT,2663.68,5333.95,General
C2,25-10-2024,UPI/General Txn,DEBIT,4695.22,87475.78,General
C2,25-10-2024,UPI/General Txn,CREDIT,1090.19,19970.05,General
C2,25-10-2024,UPI/General Txn,CREDIT,255.9,66134.2,General
C2,25-10-2024,UPI/General Txn,CREDIT,2676.52,5859.48,General
C2,26-10-2024,UPI/General Txn,DEBIT,3069.17,2295.52,General
C2,26-10-2024,UPI/General Txn,CREDIT,4613.07,92911.97,General
C2,26-10-2024,UPI/General Txn,CREDIT,4177.18,80300.97,General
C2,26-10-2024,UPI/General Txn,CREDIT,397.43,82380.63,General
C2,26-10-2024,UPI/General Txn,DEBIT,3991.82,82540.65,General
C2,26-10-2024,UPI/General Txn,DEBIT,1402.5,73695.73,General
C2,26-10-2024,UPI/General Txn,DEBIT,4188.84,94515.74,General
C2,26-10-2024,UPI/General Txn,DEBIT,4806.88,11021.29,General
C2,26-10-2024,UPI/General Txn,CREDIT,1231.99,19756.58,General
C2,27-10-2024,UPI/General Txn,DEBIT,3318.69,56283.92,General
C2,27-10-2024,UPI/General Txn,DEBIT,2834.89,76862.06,General
C2,27-10-2024,UPI/General Txn,CREDIT,2925.16,70552.49,General
C2,27-10-2024,UPI/General Txn,DEBIT,2192.67,17514.12,General
C2,27-10-2024,UPI/General Txn,CREDIT,983.94,50964.59,General
C2,27-10-2024,UPI/General Txn,CREDIT,3321.91,93418.48,General
C2,27-10-2024,UPI/General Txn,CREDIT,4522.18,84640.55,General
C2,27-10-2024,UPI/General Txn,CREDIT,2120.48,82789.34,General
C2,27-10-2024,UPI/General Txn,DEBIT,1684.91,56751.33,General
C2,27-10-2024,UPI/General Txn,CREDIT,1148.25,36640.85,General
C2,27-10-2024,UPI/General Txn,CREDIT,2316.78,1019.37,General
C2,27-10-2024,UPI/General Txn,CREDIT,269.85,59980.52,General
C2,28-10-2024,UPI/General Txn,CREDIT,761.92,1650.31,General
C2,28-10-2024,UPI/General Txn,DEBIT,4923.53,85716.32,General
C2,28-10-2024,UPI/General Txn,CREDIT,206.34,91992.1,General
C2,28-10-2024,UPI/General Txn,DEBIT,2605.23,10334.43,General
C2,28-10-2024,UPI/General Txn,DEBIT,2355.81,14702.41,General
C2,28-10-2024,UPI/General Txn,DEBIT,1898.71,24066.42,General
C2,28-10-2024,UPI/General Txn,DEBIT,4074.26,57478.23,General
C2,28-10-2024,UPI/General Txn,DEBIT,2888.42,73692.33,General
C2,28-10-2024,UPI/General Txn,CREDIT,3645.54,18117.35,General
C2,28-10-2024,UPI/General Txn,DEBIT,4145.96,59927.89,General
C2,28-10-2024,UPI/General Txn,CREDIT,1571.93,8769.26,General
C2,28-10-2024,UPI/General Txn,CREDIT,374.02,35445.09,General
C2,29-10-2024,UPI/General Txn,DEBIT,2140.96,87108.86,General
C2,29-10-2024,UPI/General Txn,DEBIT,1210.92,63754.82,General
C2,29-10-2024,UPI/General Txn,DEBIT,3197.75,31173.56,General
C2,29-10-2024,UPI/General Txn,DEBIT,301.79,33356.33,General
C2,29-10-2024,UPI/General Txn,DEBIT,3519.07,6001.46,General
C2,29-10-2024,UPI/General Txn,CREDIT,3684.74,97132.98,General
C2,29-10-2024,UPI/General Txn,DEBIT,3788.92,22986.48,General
C2,29-10-2024,UPI/General Txn,CREDIT,1519.94,15653.23,General
C2,29-10-2024,UPI/General Txn,CREDIT,1747.22,57572.62,General
C2,29-10-2024,UPI/General Txn,CREDIT,341.62,26993.24,General
C2,29-10-2024,UPI/General Txn,CREDIT,2052.78,77608.69,General
C2,30-10-2024,UPI/General Txn,CREDIT,3833.96,56370.32,General
C2,30-10-2024,UPI/General Txn,DEBIT,2490.52,56555.59,General
C2,30-10-2024,UPI/General Txn,DEBIT,4985.69,24989.19,General
C2,30-10-2024,UPI/General Txn,CREDIT,1404.66,33017.75,General
C2,30-10-2024,UPI/General Txn,DEBIT,4628.28,12140.46,General
C2,30-10-2024,UPI/General Txn,CREDIT,2126.55,35482.48,General
C2,30-10-2024,UPI/General Txn,DEBIT,1671.62,77198.45,General
C2,30-10-2024,UPI/General Txn,CREDIT,929.35,62005.88,General
C2,30-10-2024,UPI/General Txn,CREDIT,4951.78,62695.03,General
C2,31-10-2024,UPI/General Txn,DEBIT,319.9,20768.84,General
C2,31-10-2024,UPI/General Txn,DEBIT,1931.72,12124.8,General
C2,31-10-2024,UPI/General Txn,DEBIT,367.24,87006.48,General
C2,31-10-2024,UPI/General Txn,DEBIT,4118.66,34983.87,General
C2,31-10-2024,UPI/General Txn,CREDIT,4040.98,45556.1,General
C2,31-10-2024,UPI/General Txn,DEBIT,211.47,74261.29,General
C2,31-10-2024,UPI/General Txn,CREDIT,1138.19,55331.21,General
C2,31-10-2024,UPI/General Txn,DEBIT,3152.91,69812.04,General
C2,31-10-2024,UPI/General Txn,CREDIT,3374.48,58717.49,General
C2,31-10-2024,UPI/General Txn,DEBIT,3351.29,26290.18,General
C2,31-10-2024,UPI/General Txn,DEBIT,394.54,79129.66,General
C2,01-11-2024,UPI/General Txn,CREDIT,1429.28,65821.03,General
C2,01-11-2024,UPI/General Txn,CREDIT,140.84,66376.91,General
C2,01-11-2024,UPI/General Txn,CREDIT,3348.61,86563.95,General
C2,01-11-2024,UPI/General Txn,CREDIT,193.48,23885.69,General
C2,01-11-2024,UPI/General Txn,DEBIT,1965.44,90483.33,General
C2,01-11-2024,UPI/General Txn,DEBIT,2474.84,19455.32,General
C2,01-11-2024,UPI/General Txn,CREDIT,2553.19,56508.07,General
C2,01-11-2024,UPI/General Txn,DEBIT,3591.1,25491.82,General
C2,01-11-2024,UPI/General Txn,CREDIT,2694.14,49503.35,General
C2,01-11-2024,UPI/General Txn,DEBIT,3747.51,35331.21,General
C2,01-11-2024,UPI/General Txn,CREDIT,1824.37,24384.27,General
C2,01-11-2024,UPI/General Txn,CREDIT,4893.4,81377.39,General
C2,02-11-2024,UPI/General Txn,DEBIT,4405.52,94469.53,General
C2,02-11-2024,UPI/General Txn,DEBIT,4750.67,16019.11,General
C2,02-11-2024,UPI/General Txn,DEBIT,4496.16,9691.71,General
C2,02-11-2024,UPI/General Txn,DEBIT,1972.81,42316,General
C2,02-11-2024,UPI/General Txn,CREDIT,2907.2,97083.18,General
C2,02-11-2024,UPI/General Txn,CREDIT,4557.7,45467.75,General
C2,02-11-2024,UPI/General Txn,DEBIT,745.68,58522.04,General
C2,02-11-2024,UPI/General Txn,DEBIT,3451.84,86396.18,General
C2,02-11-2024,UPI/General Txn,DEBIT,1614.09,43576.37,General
C2,02-11-2024,UPI/General Txn,DEBIT,4554.11,65966.94,General
C2,03-11-2024,UPI/General Txn,CREDIT,4593.85,7713.59,General
C2,03-11-2024,UPI/General Txn,DEBIT,2711.51,19229.39,General
C2,03-11-2024,UPI/General Txn,DEBIT,4213.66,72980.87,General
C2,03-11-2024,UPI/General Txn,CREDIT,3850.63,96158.42,General
C2,03-11-2024,UPI/General Txn,CREDIT,1586.41,16043.75,General
C2,03-11-2024,UPI/General Txn,DEBIT,1020.87,19289.9,General
C2,03-11-2024,UPI/General Txn,CREDIT,3835.99,60954.85,General
C2,03-11-2024,UPI/General Txn,DEBIT,3100.57,23860.33,General
C2,03-11-2024,UPI/General Txn,DEBIT,227.81,69125.99,General
C2,03-11-2024,UPI/General Txn,CREDIT,2435.35,71489.89,General
C2,03-11-2024,UPI/General Txn,CREDIT,1932.4,49653.11,General
C2,03-11-2024,UPI/General Txn,DEBIT,773.81,23401.03,General
C2,04-11-2024,UPI/General Txn,DEBIT,3846.24,92618.07,General
C2,04-11-2024,UPI/General Txn,DEBIT,4755.97,74494.3,General
C2,04-11-2024,UPI/General Txn,DEBIT,4942.39,7547.5,General
C2,04-11-2024,UPI/General Txn,CREDIT,4642.81,86845.77,General
C2,04-11-2024,UPI/General Txn,CREDIT,2500.72,86810.72,General
C2,04-11-2024,UPI/General Txn,CREDIT,4449.18,41081.81,General
C2,04-11-2024,UPI/General Txn,CREDIT,304.95,72299.89,General
C2,04-11-2024,UPI/General Txn,DEBIT,2031.34,52544.26,General
C2,04-11-2024,UPI/General Txn,DEBIT,2312.89,87900.21,General
C2,04-11-2024,UPI/General Txn,CREDIT,1304.04,98399.23,General
C2,04-11-2024,UPI/General Txn,CREDIT,292.33,52096.54,General
C2,05-11-2024,NEFT/INFOSYS SALARY,CREDIT,60000,77594.02,Salary
C2,05-11-2024,UPI/General Txn,DEBIT,1500.98,42823.76,General
C2,05-11-2024,UPI/General Txn,DEBIT,3104.36,69305.34,General
C2,05-11-2024,NEFT/INFOSYS SALARY,CREDIT,80000,9953.64,Salary
C2,05-11-2024,UPI/General Txn,DEBIT,2553.22,78094.38,General
C2,05-11-2024,UPI/General Txn,DEBIT,4695.43,39913.6,General
C2,05-11-2024,UPI/General Txn,DEBIT,1684.96,18708.98,General
C2,05-11-2024,UPI/General Txn,DEBIT,2992.55,88372.3,General
C2,06-11-2024,UPI/General Txn,DEBIT,1325.4,72119.1,General
C2,06-11-2024,UPI/General Txn,DEBIT,705.37,70916.44,General
C2,06-11-2024,UPI/General Txn,DEBIT,3206.95,52857.91,General
C2,06-11-2024,UPI/General Txn,DEBIT,1982.03,38489.18,General
C2,06-11-2024,UPI/General Txn,DEBIT,1964.97,91313.03,General
C2,06-11-2024,UPI/General Txn,DEBIT,2870.91,17050.29,General
C2,06-11-2024,UPI/General Txn,DEBIT,808.58,42538.59,General
C2,06-11-2024,UPI/General Txn,CREDIT,1616.64,29589.27,General
C2,07-11-2024,UPI/General Txn,DEBIT,676.01,96082.95,General
C2,07-11-2024,UPI/General Txn,CREDIT,117.31,2208.57,General
C2,07-11-2024,UPI/General Txn,CREDIT,2538.38,54806.61,General
C2,07-11-2024,UPI/General Txn,CREDIT,128.18,24549.96,General
C2,07-11-2024,UPI/General Txn,CREDIT,2985.43,45920.11,General
C2,07-11-2024,UPI/General Txn,DEBIT,2265.19,25226.6,General
C2,07-11-2024,UPI/General Txn,DEBIT,2781.97,5842.96,General
C2,07-11-2024,UPI/General Txn,CREDIT,826.46,4635.38,General
C2,07-11-2024,UPI/General Txn,CREDIT,4283.76,33780,General
C2,08-11-2024,UPI/General Txn,CREDIT,340.25,99379.78,General
C2,08-11-2024,UPI/General Txn,CREDIT,890.54,61497.89,General
C2,08-11-2024,UPI/General Txn,DEBIT,3488.42,96663.03,General
C2,08-11-2024,UPI/General Txn,CREDIT,3771.74,93216.5,General
C2,08-11-2024,UPI/General Txn,CREDIT,556.32,32959.36,General
C2,08-11-2024,UPI/General Txn,DEBIT,4497.9,76085.76,General
C2,08-11-2024,UPI/General Txn,DEBIT,4232.22,29990.44,General
C2,08-11-2024,UPI/General Txn,CREDIT,759.27,33591.64,General
C2,09-11-2024,UPI/General Txn,DEBIT,2670.77,61593.32,General
C2,09-11-2024,UPI/General Txn,DEBIT,635.58,48882.64,General
C2,09-11-2024,UPI/General Txn,CREDIT,3474.41,43278.31,General
C2,09-11-2024,UPI/General Txn,CREDIT,4254.21,53013.73,General
C2,09-11-2024,UPI/General Txn,CREDIT,4975.62,92783.43,General
C2,09-11-2024,UPI/General Txn,CREDIT,3110.02,52450.87,General
C2,09-11-2024,UPI/General Txn,CREDIT,3196.1,80990.06,General
C2,09-11-2024,UPI/General Txn,DEBIT,4429.95,71150.12,General
C2,09-11-2024,UPI/General Txn,DEBIT,4898.36,12702.51,General
C2,09-11-2024,UPI/General Txn,DEBIT,2377.94,74009.37,General
C2,09-11-2024,UPI/General Txn,CREDIT,1115.92,41990.07,General
C2,10-11-2024,UPI/General Txn,DEBIT,1813.29,2118.43,General
C2,10-11-2024,UPI/General Txn,CREDIT,1085.82,26187.33,General
C2,10-11-2024,UPI/General Txn,CREDIT,432.4,51162.27,General
C2,10-11-2024,UPI/General Txn,DEBIT,1687.23,12269.84,General
C2,10-11-2024,UPI/General Txn,CREDIT,1733.09,72715.27,General
C2,10-11-2024,UPI/General Txn,DEBIT,3118.37,83372.23,General
C2,10-11-2024,UPI/General Txn,CREDIT,1050.68,92305.7,General
C2,10-11-2024,UPI/General Txn,CREDIT,2447.63,79928.18,General
C2,10-11-2024,UPI/General Txn,CREDIT,3263.7,16383.24,General
C2,10-11-2024,UPI/General Txn,CREDIT,2357.03,46784.54,General
C2,11-11-2024,UPI/General Txn,DEBIT,4646.17,83675.47,General
C2,11-11-2024,UPI/General Txn,CREDIT,1566.78,55962.54,General
C2,11-11-2024,UPI/General Txn,CREDIT,191.72,80154,General
C2,11-11-2024,UPI/General Txn,CREDIT,4451.34,7555.09,General
C2,11-11-2024,UPI/General Txn,DEBIT,831.59,34576.09,General
C2,11-11-2024,UPI/General Txn,DEBIT,1938.68,57527.18,General
C2,11-11-2024,UPI/General Txn,DEBIT,2008.87,86594.78,General
C2,11-11-2024,UPI/General Txn,CREDIT,3782.55,71274.16,General
C2,11-11-2024,UPI/General Txn,DEBIT,1430.34,50208.39,General
C2,11-11-2024,UPI/General Txn,CREDIT,1264.45,83116.29,General
C2,11-11-2024,UPI/General Txn,CREDIT,1582.88,18326.26,General
C2,12-11-2024,UPI/General Txn,DEBIT,3946.23,91422.03,General
C2,12-11-2024,UPI/General Txn,DEBIT,2274.49,80103.5,General
C2,12-11-2024,UPI/General Txn,DEBIT,4534.28,19830.96,General
C2,12-11-2024,UPI/General Txn,CREDIT,4625.82,77777.79,General
C2,12-11-2024,UPI/General Txn,DEBIT,802.15,82391.71,General
C2,12-11-2024,UPI/General Txn,DEBIT,4696.32,21313.52,General
C2,12-11-2024,UPI/General Txn,CREDIT,279.11,71654.06,General
C2,12-11-2024,UPI/General Txn,DEBIT,2659.49,31787.15,General
C2,12-11-2024,UPI/General Txn,DEBIT,315.75,33995.69,General
C2,12-11-2024,UPI/General Txn,DEBIT,4457.01,52537.19,General
C2,13-11-2024,UPI/General Txn,CREDIT,210.15,64246.23,General
C2,13-11-2024,UPI/General Txn,DEBIT,1128.24,20062.02,General
C2,13-11-2024,UPI/General Txn,CREDIT,1455.58,77505.92,General
C2,13-11-2024,UPI/General Txn,CREDIT,3388.51,15782.75,General
C2,13-11-2024,UPI/General Txn,DEBIT,1440.82,95871.51,General
C2,13-11-2024,UPI/General Txn,DEBIT,2842.17,21451.16,General
C2,13-11-2024,UPI/General Txn,CREDIT,1816.56,27834.16,General
C2,13-11-2024,UPI/General Txn,CREDIT,4722.06,57834.21,General
C2,13-11-2024,UPI/General Txn,CREDIT,939.25,61713.03,General
C2,13-11-2024,UPI/General Txn,CREDIT,1759.82,6021.89,General
C2,14-11-2024,UPI/General Txn,DEBIT,2406.6,11486.76,General
C2,14-11-2024,UPI/General Txn,CREDIT,363.62,39799.76,General
C2,14-11-2024,UPI/General Txn,CREDIT,3552.92,62015.22,General
C2,14-11-2024,UPI/General Txn,DEBIT,1630.96,71576.97,General
C2,14-11-2024,UPI/General Txn,DEBIT,3387.26,97394.51,General
C2,14-11-2024,UPI/General Txn,CREDIT,3803.14,57211.14,General
C2,14-11-2024,UPI/General Txn,CREDIT,555.29,10629.04,General
C2,14-11-2024,UPI/General Txn,CREDIT,1620.92,47584.04,General
C2,15-11-2024,UPI/General Txn,CREDIT,804.24,91373.3,General
C2,15-11-2024,UPI/General Txn,CREDIT,2021.18,79089.09,General
C2,15-11-2024,UPI/General Txn,CREDIT,4423.78,49263.17,General
C2,15-11-2024,UPI/General Txn,DEBIT,420.29,35792.64,General
C2,15-11-2024,UPI/General Txn,DEBIT,2360.08,28943.48,General
C2,15-11-2024,UPI/General Txn,DEBIT,1808.22,51287.02,General
C2,15-11-2024,UPI/General Txn,DEBIT,2087.86,33261.1,General
C2,15-11-2024,UPI/General Txn,CREDIT,3282.31,53741.81,General
C2,15-11-2024,UPI/General Txn,CREDIT,2064,24618.95,General
C2,16-11-2024,UPI/General Txn,CREDIT,2784.95,38997.83,General
C2,16-11-2024,UPI/General Txn,CREDIT,1769.5,78647.08,General
C2,16-11-2024,UPI/General Txn,CREDIT,2233.23,54908.16,General
C2,16-11-2024,UPI/General Txn,DEBIT,1257.16,74197.34,General
C2,16-11-2024,UPI/General Txn,CREDIT,3588.35,12317.96,General
C2,16-11-2024,UPI/General Txn,CREDIT,3020.77,55953.68,General
C2,16-11-2024,UPI/General Txn,DEBIT,4127.91,31495.54,General
C2,16-11-2024,UPI/General Txn,DEBIT,2088.39,68865.36,General
C2,16-11-2024,UPI/General Txn,CREDIT,3022.39,33413.42,General
C2,17-11-2024,UPI/General Txn,DEBIT,543.61,88838.89,General
C2,17-11-2024,UPI/General Txn,DEBIT,4525.95,75950.69,General
C2,17-11-2024,UPI/General Txn,CREDIT,3338.32,53594.33,General
C2,17-11-2024,UPI/General Txn,CREDIT,2010.92,20371,General
C2,17-11-2024,UPI/General Txn,CREDIT,3439.43,30673.8,General
C2,17-11-2024,UPI/General Txn,CREDIT,3992.3,91931.66,General
C2,17-11-2024,UPI/General Txn,CREDIT,4689.71,99038.64,General
C2,17-11-2024,UPI/General Txn,CREDIT,2955.36,84916.04,General
C2,18-11-2024,UPI/General Txn,DEBIT,405.81,1083.49,General
C2,18-11-2024,UPI/General Txn,CREDIT,2844.15,11860.13,General
C2,18-11-2024,UPI/General Txn,DEBIT,1482.83,24288.88,General
C2,18-11-2024,UPI/General Txn,CREDIT,3540.89,62896.22,General
C2,18-11-2024,UPI/General Txn,CREDIT,3587.69,38774.94,General
C2,18-11-2024,UPI/General Txn,DEBIT,2771.08,48012.27,General
C2,18-11-2024,UPI/General Txn,CREDIT,1022.31,84489.44,General
C2,18-11-2024,UPI/General Txn,CREDIT,1865.41,16272.46,General
C2,18-11-2024,UPI/General Txn,DEBIT,4987.53,14293.47,General
C2,18-11-2024,UPI/General Txn,DEBIT,451.56,15255.59,General
C2,19-11-2024,UPI/General Txn,DEBIT,3323.84,9381.68,General
C2,19-11-2024,UPI/General Txn,CREDIT,3246.99,86155.12,General
C2,19-11-2024,UPI/General Txn,CREDIT,4478.55,62701.6,General
C2,19-11-2024,UPI/General Txn,CREDIT,2326.53,55652.95,General
C2,19-11-2024,UPI/General Txn,CREDIT,2305.22,23348.35,General
C2,19-11-2024,UPI/General Txn,DEBIT,2181.38,58215.91,General
C2,19-11-2024,UPI/General Txn,DEBIT,4249.34,71500.87,General
C2,19-11-2024,UPI/General Txn,CREDIT,1419.33,4312.73,General
C2,19-11-2024,UPI/General Txn,CREDIT,285.54,70783.37,General
C2,19-11-2024,UPI/General Txn,CREDIT,654.51,96212.04,General
C2,19-11-2024,UPI/General Txn,CREDIT,492.31,47028.7,General
C2,20-11-2024,UPI/General Txn,DEBIT,2664.45,25277.9,General
C2,20-11-2024,UPI/General Txn,DEBIT,3190.25,68723.33,General
C2,20-11-2024,UPI/General Txn,CREDIT,2742.07,61690.87,General
C2,20-11-2024,UPI/General Txn,DEBIT,4527.57,47418.01,General
C2,20-11-2024,UPI/General Txn,CREDIT,2612.05,57822.56,General
C2,20-11-2024,UPI/General Txn,CREDIT,1724.42,96097.55,General
C2,20-11-2024,UPI/General Txn,CREDIT,4011.29,17583.31,General
C2,20-11-2024,UPI/General Txn,CREDIT,3505.75,72970.2,General
C2,21-11-2024,UPI/General Txn,CREDIT,1376.17,58235.97,General
C2,21-11-2024,UPI/General Txn,CREDIT,2907.01,81080.68,General
C2,21-11-2024,UPI/General Txn,CREDIT,3159.15,48991.26,General
C2,21-11-2024,UPI/General Txn,DEBIT,721.42,85293.08,General
C2,21-11-2024,UPI/General Txn,DEBIT,1461.46,61963.98,General
C2,21-11-2024,UPI/General Txn,CREDIT,1448.56,2406.1,General
C2,21-11-2024,UPI/General Txn,DEBIT,646.59,91103.02,General
C2,21-11-2024,UPI/General Txn,CREDIT,3720.94,37606.92,General
C2,21-11-2024,UPI/General Txn,DEBIT,959.46,49006.93,General
C2,21-11-2024,UPI/General Txn,DEBIT,4016.92,34941.95,General
C2,21-11-2024,UPI/General Txn,DEBIT,513.57,59958.87,General
C2,21-11-2024,UPI/General Txn,CREDIT,4126.45,75523.37,General
C2,22-11-2024,UPI/General Txn,DEBIT,3874.8,66406.06,General
C2,22-11-2024,UPI/General Txn,DEBIT,3657.4,21874.82,General
C2,22-11-2024,UPI/General Txn,CREDIT,3698.37,6378.25,General
C2,22-11-2024,UPI/General Txn,DEBIT,1395.54,6199.8,General
C2,22-11-2024,UPI/General Txn,CREDIT,2373.67,30835.35,General
C2,22-11-2024,UPI/General Txn,DEBIT,3756.14,38600.28,General
C2,22-11-2024,UPI/General Txn,CREDIT,3557.48,26999.89,General
C2,22-11-2024,UPI/General Txn,CREDIT,2699.17,2174.44,General
C2,22-11-2024,UPI/General Txn,CREDIT,4643.39,38818.41,General
C2,22-11-2024,UPI/General Txn,DEBIT,1646.87,10639.07,General
C2,22-11-2024,UPI/General Txn,CREDIT,2703.34,95662.18,General
C2,23-11-2024,UPI/General Txn,CREDIT,3091.38,34161.77,General
C2,23-11-2024,UPI/General Txn,DEBIT,1408.73,26279.05,General
C2,23-11-2024,UPI/General Txn,CREDIT,2962.47,77541.95,General
C2,23-11-2024,UPI/General Txn,DEBIT,3770.55,52475.28,General
C2,23-11-2024,UPI/General Txn,DEBIT,3420.82,32013.71,General
C2,23-11-2024,UPI/General Txn,DEBIT,151.83,83337.26,General
C2,23-11-2024,UPI/General Txn,DEBIT,158.61,53001.16,General
C2,23-11-2024,UPI/General Txn,CREDIT,3458.95,22722.22,General
C2,23-11-2024,UPI/General Txn,DEBIT,1488.16,4370.13,General
C2,23-11-2024,UPI/General Txn,DEBIT,3135.05,93912.04,General
C2,23-11-2024,UPI/General Txn,DEBIT,3317.37,95098.41,General
C2,24-11-2024,UPI/General Txn,DEBIT,3569.57,9552.25,General
C2,24-11-2024,UPI/General Txn,CREDIT,3062.96,65983.07,General
C2,24-11-2024,UPI/General Txn,DEBIT,4509.5,89704.16,General
C2,24-11-2024,UPI/General Txn,CREDIT,3508.7,30162.29,General
C2,24-11-2024,UPI/General Txn,DEBIT,3336.34,64239.27,General
C2,24-11-2024,UPI/General Txn,CREDIT,4621.21,77166.55,General
C2,24-11-2024,UPI/General Txn,CREDIT,3491.89,26476.32,General
C2,24-11-2024,UPI/General Txn,CREDIT,3925.58,77933.49,General
C2,25-11-2024,UPI/General Txn,DEBIT,2004.09,26565.62,General
C2,25-11-2024,UPI/General Txn,DEBIT,4082.72,44616.91,General
C2,25-11-2024,UPI/General Txn,DEBIT,2509.44,61419.89,General
C2,25-11-2024,UPI/General Txn,CREDIT,974.37,11734.62,General
C2,25-11-2024,UPI/General Txn,CREDIT,2749.1,22620.26,General
C2,25-11-2024,UPI/General Txn,CREDIT,3252.36,71824.63,General
C2,25-11-2024,UPI/General Txn,DEBIT,606.11,7970.82,General
C2,25-11-2024,UPI/General Txn,CREDIT,3664.97,2857.71,General
C2,25-11-2024,UPI/General Txn,DEBIT,2538.74,93356.48,General
C2,25-11-2024,UPI/General Txn,CREDIT,3356.57,16009.14,General
C2,25-11-2024,UPI/General Txn,CREDIT,1716.17,57889.38,General
C2,26-11-2024,UPI/General Txn,CREDIT,3567.27,48335.8,General
C2,26-11-2024,UPI/General Txn,DEBIT,2079.17,54472.74,General
C2,26-11-2024,UPI/General Txn,CREDIT,116.21,12999.16,General
C2,26-11-2024,UPI/General Txn,CREDIT,2722.99,34010.53,General
C2,26-11-2024,UPI/General Txn,DEBIT,1583.86,63594.98,General
C2,26-11-2024,UPI/General Txn,DEBIT,4798.24,37170.18,General
C2,26-11-2024,UPI/General Txn,CREDIT,4281.38,8965.22,General
C2,26-11-2024,UPI/General Txn,CREDIT,2352.23,65131.46,General
C2,26-11-2024,UPI/General Txn,DEBIT,965.43,96783.78,General
C2,26-11-2024,UPI/General Txn,CREDIT,3337.6,69892.35,General
C2,26-11-2024,UPI/General Txn,CREDIT,4492.66,49163.85,General
C2,26-11-2024,UPI/General Txn,CREDIT,4437.55,73797.09,General
C2,27-11-2024,UPI/General Txn,DEBIT,274.92,72254.16,General
C2,27-11-2024,UPI/General Txn,CREDIT,3005.43,39487.99,General
C2,27-11-2024,UPI/General Txn,CREDIT,3984.42,50468.73,General
C2,27-11-2024,UPI/General Txn,CREDIT,4828.27,96690.84,General
C2,27-11-2024,UPI/General Txn,CREDIT,180.45,6549.39,General
C2,27-11-2024,UPI/General Txn,DEBIT,3960.11,41145.28,General
C2,27-11-2024,UPI/General Txn,CREDIT,1137.22,94068.89,General
C2,27-11-2024,UPI/General Txn,DEBIT,4363.98,74364.1,General
C2,27-11-2024,UPI/General Txn,DEBIT,1241.63,4650.89,General
C2,28-11-2024,UPI/General Txn,DEBIT,2495.58,47650.74,General
C2,28-11-2024,UPI/General Txn,DEBIT,4598.29,25025.57,General
C2,28-11-2024,UPI/General Txn,DEBIT,3279.05,18052.65,General
C2,28-11-2024,UPI/General Txn,CREDIT,344.79,82253.18,General
C2,28-11-2024,UPI/General Txn,DEBIT,576.73,83699.86,General
C2,28-11-2024,UPI/General Txn,DEBIT,413.39,12303.79,General
C2,28-11-2024,UPI/General Txn,DEBIT,3015.39,7247.9,General
C2,28-11-2024,UPI/General Txn,CREDIT,1092.94,81340.58,General
C2,28-11-2024,UPI/General Txn,CREDIT,4912.74,33099.26,General
C2,29-11-2024,UPI/General Txn,CREDIT,2774.84,83806.28,General
C2,29-11-2024,UPI/General Txn,DEBIT,3986.2,59715.44,General
C2,29-11-2024,UPI/General Txn,DEBIT,1743.97,28115.44,General
C2,29-11-2024,UPI/General Txn,DEBIT,3812,69933.28,General
C2,29-11-2024,UPI/General Txn,CREDIT,2811.7,25120.82,General
C2,29-11-2024,UPI/General Txn,DEBIT,2951.73,10896.82,General
C2,29-11-2024,UPI/General Txn,CREDIT,4252.1,77988.5,General
C2,29-11-2024,UPI/General Txn,CREDIT,176.59,8991.54,General
C2,29-11-2024,UPI/General Txn,DEBIT,135.4,70967.38,General
C2,29-11-2024,UPI/General Txn,CREDIT,3009.28,42206,General
C2,29-11-2024,UPI/General Txn,CREDIT,4056.32,69543.47,General
C2,29-11-2024,UPI/General Txn,CREDIT,1110.19,52785.6,General
C2,30-11-2024,UPI/General Txn,DEBIT,1272.34,61443.26,General
C2,30-11-2024,UPI/General Txn,DEBIT,284.34,72002.68,General
C2,30-11-2024,UPI/General Txn,DEBIT,3099.04,63091.97,General
C2,30-11-2024,UPI/General Txn,CREDIT,3934.66,42459.8,General
C2,30-11-2024,UPI/General Txn,DEBIT,2832.78,12633.27,General
C2,30-11-2024,UPI/General Txn,DEBIT,2697.98,62273.17,General
C2,30-11-2024,UPI/General Txn,DEBIT,4327.38,46957.38,General
C2,30-11-2024,UPI/General Txn,DEBIT,3169.67,28366.23,General
C2,30-11-2024,UPI/General Txn,DEBIT,1049.22,68839.13,General
C2,30-11-2024,UPI/General Txn,CREDIT,4846.01,50253.97,General
C2,30-11-2024,UPI/General Txn,DEBIT,882.82,6348.73,General
C3,01-09-2024,UPI/General Txn,CREDIT,1126.99,34095.17,General
C3,01-09-2024,UPI/General Txn,CREDIT,4045.25,5288.43,General
C3,01-09-2024,UPI/General Txn,DEBIT,3728.04,16646.52,General
C3,01-09-2024,UPI/General Txn,DEBIT,242.42,8015.09,General
C3,01-09-2024,UPI/General Txn,CREDIT,1252.97,59677.96,General
C3,01-09-2024,UPI/General Txn,DEBIT,1697.26,74961.59,General
C3,01-09-2024,UPI/General Txn,DEBIT,4502.03,78118.55,General
C3,01-09-2024,UPI/General Txn,DEBIT,1698.05,24474.72,General
C3,01-09-2024,UPI/General Txn,DEBIT,2121.72,38177.71,General
C3,01-09-2024,UPI/General Txn,CREDIT,1181.25,58924.13,General
C3,02-09-2024,UPI/General Txn,DEBIT,4463.4,22400.35,General
C3,02-09-2024,UPI/General Txn,DEBIT,3086.22,39345.7,General
C3,02-09-2024,UPI/General Txn,DEBIT,768.38,63570.09,General
C3,02-09-2024,UPI/General Txn,DEBIT,4880.22,34253.24,General
C3,02-09-2024,UPI/General Txn,DEBIT,257.26,28779.81,General
C3,02-09-2024,UPI/General Txn,CREDIT,644.44,46399.31,General
C3,02-09-2024,UPI/General Txn,CREDIT,938.89,22765.5,General
C3,02-09-2024,UPI/General Txn,DEBIT,1546.29,79165.15,General
C3,03-09-2024,UPI/General Txn,DEBIT,4537.33,9560.96,General
C3,03-09-2024,UPI/General Txn,CREDIT,4299.17,86357.71,General
C3,03-09-2024,UPI/General Txn,CREDIT,1160.57,83861.91,General
C3,03-09-2024,UPI/General Txn,CREDIT,1467.94,73881.71,General
C3,03-09-2024,UPI/General Txn,CREDIT,1308.61,43990.62,General
C3,03-09-2024,UPI/General Txn,DEBIT,1189.79,91461.72,General
C3,03-09-2024,UPI/General Txn,CREDIT,4501.43,98038.22,General
C3,03-09-2024,UPI/General Txn,CREDIT,296.29,73614.15,General
C3,03-09-2024,UPI/General Txn,CREDIT,2570.66,53581.05,General
C3,03-09-2024,UPI/General Txn,DEBIT,2448.42,45791.7,General
C3,03-09-2024,UPI/General Txn,DEBIT,1278.51,69622.82,General
C3,03-09-2024,UPI/General Txn,DEBIT,2092.43,14138.49,General
C3,04-09-2024,UPI/General Txn,DEBIT,1271.41,2577.09,General
C3,04-09-2024,UPI/General Txn,DEBIT,3378.27,70627.14,General
C3,04-09-2024,UPI/General Txn,DEBIT,4303.82,97665.66,General
C3,04-09-2024,UPI/General Txn,DEBIT,2372.43,87545.7,General
C3,04-09-2024,UPI/General Txn,CREDIT,2086.27,63054.28,General
C3,04-09-2024,UPI/General Txn,DEBIT,3549.12,86177.88,General
C3,04-09-2024,UPI/General Txn,CREDIT,446.42,53561.11,General
C3,04-09-2024,UPI/General Txn,CREDIT,1553.29,70107.44,General
C3,04-09-2024,UPI/General Txn,DEBIT,3101.26,78981.49,General
C3,04-09-2024,UPI/General Txn,CREDIT,496.7,73840.32,General
C3,05-09-2024,UPI/General Txn,CREDIT,2622.21,88909.81,General
C3,05-09-2024,UPI/General Txn,CREDIT,643.74,47069.93,General
C3,05-09-2024,UPI/General Txn,CREDIT,300.28,18351.47,General
C3,05-09-2024,UPI/General Txn,DEBIT,2838.07,56515.06,General
C3,05-09-2024,UPI/General Txn,DEBIT,3890.52,98143.91,General
C3,05-09-2024,UPI/General Txn,DEBIT,1269.3,65254.8,General
C3,05-09-2024,UPI/General Txn,DEBIT,3713.16,75564.18,General
C3,05-09-2024,UPI/General Txn,CREDIT,3828.34,35918.46,General
C3,06-09-2024,UPI/General Txn,CREDIT,2567.47,28437.39,General
C3,06-09-2024,UPI/General Txn,CREDIT,410.51,45788.65,General
C3,06-09-2024,UPI/General Txn,DEBIT,2557.11,47546.22,General
C3,06-09-2024,UPI/General Txn,CREDIT,2706.33,45745.86,General
C3,06-09-2024,UPI/General Txn,DEBIT,1903.91,19647,General
C3,06-09-2024,UPI/General Txn,DEBIT,4431.5,8936.87,General
C3,06-09-2024,UPI/General Txn,CREDIT,4499.93,95867.39,General
C3,06-09-2024,UPI/General Txn,DEBIT,477.04,28318.33,General
C3,06-09-2024,UPI/General Txn,CREDIT,3515.7,15899.31,General
C3,06-09-2024,UPI/General Txn,DEBIT,1100.86,30023.77,General
C3,07-09-2024,UPI/General Txn,CREDIT,4665.44,35323.32,General
C3,07-09-2024,UPI/General Txn,DEBIT,2274.91,29860.16,General
C3,07-09-2024,UPI/General Txn,DEBIT,408.45,83659.8,General
C3,07-09-2024,UPI/General Txn,CREDIT,2646.14,41757.48,General
C3,07-09-2024,UPI/General Txn,CREDIT,1779.68,49128.69,General
C3,07-09-2024,UPI/General Txn,CREDIT,3362.69,46342.7,General
C3,07-09-2024,UPI/General Txn,CREDIT,2879.53,18001.98,General
C3,07-09-2024,UPI/General Txn,CREDIT,1374.04,37818.33,General
C3,07-09-2024,UPI/General Txn,DEBIT,1511.92,15685.5,General
C3,07-09-2024,UPI/General Txn,DEBIT,1493.47,62244.39,General
C3,07-09-2024,UPI/General Txn,CREDIT,887.87,19045.77,General
C3,07-09-2024,UPI/General Txn,DEBIT,959.26,16964.22,General
C3,08-09-2024,UPI/General Txn,CREDIT,301.64,57877.99,General
C3,08-09-2024,UPI/General Txn,CREDIT,2260.35,19265.16,General
C3,08-09-2024,UPI/General Txn,DEBIT,2856.19,66889.77,General
C3,08-09-2024,UPI/General Txn,DEBIT,4892.31,37918.58,General
C3,08-09-2024,UPI/General Txn,DEBIT,2745.35,53830.65,General
C3,08-09-2024,UPI/General Txn,DEBIT,695.3,41051.67,General
C3,08-09-2024,UPI/General Txn,DEBIT,2547.14,94831.12,General
C3,08-09-2024,UPI/General Txn,DEBIT,4646.28,1425.14,General
C3,09-09-2024,UPI/General Txn,CREDIT,4880.45,65077.15,General
C3,09-09-2024,UPI/General Txn,CREDIT,1548.23,96990.95,General
C3,09-09-2024,UPI/General Txn,DEBIT,3795.39,80158.04,General
C3,09-09-2024,UPI/General Txn,CREDIT,3669.86,34529.76,General
C3,09-09-2024,UPI/General Txn,CREDIT,650.35,90117.27,General
C3,09-09-2024,UPI/General Txn,DEBIT,783.17,31500.14,General
C3,09-09-2024,UPI/General Txn,DEBIT,2067.99,45151.3,General
C3,09-09-2024,UPI/General Txn,DEBIT,553.16,61206.97,General
C3,09-09-2024,UPI/General Txn,DEBIT,1056.23,78347.05,General
C3,09-09-2024,UPI/General Txn,DEBIT,3858.77,3232.32,General
C3,09-09-2024,UPI/General Txn,CREDIT,2738.22,68029.28,General
C3,09-09-2024,UPI/General Txn,CREDIT,4792.36,20250.55,General
C3,10-09-2024,UPI/General Txn,DEBIT,3055.54,90936.25,General
C3,10-09-2024,UPI/General Txn,DEBIT,1869.22,71880.41,General
C3,10-09-2024,NEFT/TCS SALARY,CREDIT,60000,29180.39,Salary
C3,10-09-2024,NEFT/TCS SALARY,CREDIT,80000,22353.82,Salary
C3,10-09-2024,NEFT/INFOSYS SALARY,CREDIT,60000,17215.24,Salary
C3,10-09-2024,NEFT/INFOSYS SALARY,CREDIT,80000,14817.2,Salary
C3,10-09-2024,UPI/General Txn,DEBIT,2977.18,15220.29,General
C3,10-09-2024,NEFT/WIPRO SALARY,CREDIT,50000,75855.29,Salary
C3,10-09-2024,NEFT/INFOSYS SALARY,CREDIT,80000,42036.89,Salary
C3,10-09-2024,UPI/General Txn,DEBIT,2823.49,20726.5,General
C3,11-09-2024,UPI/General Txn,CREDIT,1518.37,5181.06,General
C3,11-09-2024,UPI/General Txn,CREDIT,4148.62,49915.95,General
C3,11-09-2024,UPI/General Txn,DEBIT,3725.29,3657.16,General
C3,11-09-2024,UPI/General Txn,CREDIT,111.99,30716.77,General
C3,11-09-2024,UPI/General Txn,CREDIT,3238.72,13293.52,General
C3,11-09-2024,UPI/General Txn,CREDIT,3362.98,42298.52,General
C3,11-09-2024,UPI/General Txn,DEBIT,2510.24,3815.82,General
C3,11-09-2024,UPI/General Txn,CREDIT,3847.12,99438.96,General
C3,11-09-2024,UPI/General Txn,CREDIT,426.95,58525.51,General
C3,11-09-2024,UPI/General Txn,CREDIT,2871.32,63171.61,General
C3,11-09-2024,UPI/General Txn,DEBIT,2432.6,37947.02,General
C3,12-09-2024,UPI/General Txn,CREDIT,185.97,17121.88,General
C3,12-09-2024,UPI/General Txn,CREDIT,386.7,46643.35,General
C3,12-09-2024,UPI/General Txn,CREDIT,3497.09,17167.58,General
C3,12-09-2024,UPI/General Txn,CREDIT,1436.08,63988.47,General
C3,12-09-2024,UPI/General Txn,DEBIT,4780.27,29695.76,General
C3,12-09-2024,UPI/General Txn,DEBIT,2695.1,51872.78,General
C3,12-09-2024,UPI/General Txn,DEBIT,3855.57,76704.25,General
C3,12-09-2024,UPI/General Txn,DEBIT,3033.94,54827.52,General
C3,12-09-2024,UPI/General Txn,CREDIT,4374.97,27874.44,General
C3,12-09-2024,UPI/General Txn,CREDIT,3520.04,10487.51,General
C3,12-09-2024,UPI/General Txn,DEBIT,2942.23,2276.87,General
C3,12-09-2024,UPI/General Txn,CREDIT,2639.04,78101.98,General
C3,13-09-2024,UPI/General Txn,DEBIT,1767.53,11139.37,General
C3,13-09-2024,UPI/General Txn,DEBIT,857.32,83325.78,General
C3,13-09-2024,UPI/General Txn,DEBIT,3996.02,42317.28,General
C3,13-09-2024,UPI/General Txn,DEBIT,4588.55,82065.63,General
C3,13-09-2024,UPI/General Txn,CREDIT,4624.71,35472.78,General
C3,13-09-2024,UPI/General Txn,DEBIT,3486.15,81886.83,General
C3,13-09-2024,UPI/General Txn,CREDIT,4459.66,18048.51,General
C3,13-09-2024,UPI/General Txn,DEBIT,1592.95,23013.43,General
C3,13-09-2024,UPI/General Txn,DEBIT,4298.39,69116.67,General
C3,13-09-2024,UPI/General Txn,DEBIT,1606.4,13891.61,General
C3,13-09-2024,UPI/General Txn,DEBIT,485.16,8695.79,General
C3,14-09-2024,UPI/General Txn,DEBIT,3810.94,20438.75,General
C3,14-09-2024,UPI/General Txn,DEBIT,260.68,47439.15,General
C3,14-09-2024,UPI/General Txn,DEBIT,4551.79,7558.49,General
C3,14-09-2024,UPI/General Txn,DEBIT,3371.17,78454.71,General
C3,14-09-2024,UPI/General Txn,DEBIT,4608.48,59172.7,General
C3,14-09-2024,UPI/General Txn,CREDIT,1080.12,3896.65,General
C3,14-09-2024,UPI/General Txn,CREDIT,813.23,94930.37,General
C3,14-09-2024,UPI/General Txn,DEBIT,1804.4,85658.67,General
C3,14-09-2024,UPI/General Txn,DEBIT,3925.93,50986.01,General
C3,14-09-2024,UPI/General Txn,DEBIT,434.85,53355.04,General
C3,14-09-2024,UPI/General Txn,CREDIT,3607.48,18005.57,General
C3,15-09-2024,UPI/General Txn,DEBIT,121.21,92498.98,General
C3,15-09-2024,UPI/General Txn,CREDIT,4610.34,37279.84,General
C3,15-09-2024,UPI/General Txn,CREDIT,2987.96,67679.04,General
C3,15-09-2024,UPI/General Txn,CREDIT,625.89,98148.81,General
C3,15-09-2024,UPI/General Txn,DEBIT,2178.05,41350.22,General
C3,15-09-2024,UPI/General Txn,CREDIT,3830.91,13237.92,General
C3,15-09-2024,UPI/General Txn,DEBIT,640.55,50085.79,General
C3,15-09-2024,UPI/General Txn,CREDIT,1870.13,56156.08,General
C3,15-09-2024,UPI/General Txn,CREDIT,298.98,49877.57,General
C3,15-09-2024,UPI/General Txn,CREDIT,1985.43,60438.56,General
C3,15-09-2024,UPI/General Txn,CREDIT,1628.83,23361.47,General
C3,15-09-2024,UPI/General Txn,CREDIT,2095.68,19689.71,General
C3,16-09-2024,UPI/General Txn,CREDIT,4484.3,93969.12,General
C3,16-09-2024,UPI/General Txn,DEBIT,1900.46,99873.61,General
C3,16-09-2024,UPI/General Txn,DEBIT,2509.08,40240.61,General
C3,16-09-2024,UPI/General Txn,DEBIT,2661.05,12802.57,General
C3,16-09-2024,UPI/General Txn,DEBIT,2034.58,74401.78,General
C3,16-09-2024,UPI/General Txn,DEBIT,4472.9,7406.33,General
C3,16-09-2024,UPI/General Txn,CREDIT,4878.52,20826.09,General
C3,16-09-2024,UPI/General Txn,CREDIT,4235.74,13153.45,General
C3,17-09-2024,UPI/General Txn,CREDIT,3653.48,76716.88,General
C3,17-09-2024,UPI/General Txn,CREDIT,3853.26,75873.99,General
C3,17-09-2024,UPI/General Txn,CREDIT,4024.82,36253.63,General
C3,17-09-2024,UPI/General Txn,CREDIT,3366.72,98764.8,General
C3,17-09-2024,UPI/General Txn,DEBIT,2605.93,77031.96,General
C3,17-09-2024,UPI/General Txn,CREDIT,629.38,49444.8,General
C3,17-09-2024,UPI/General Txn,DEBIT,1231.03,3942.63,General
C3,17-09-2024,UPI/General Txn,DEBIT,3715.21,50315.36,General
C3,17-09-2024,UPI/General Txn,DEBIT,231.07,38880.67,General
C3,17-09-2024,UPI/General Txn,DEBIT,3428.1,30972.51,General
C3,17-09-2024,UPI/General Txn,DEBIT,3153.84,66446.98,General
C3,18-09-2024,UPI/General Txn,CREDIT,3861.1,20991.24,General
C3,18-09-2024,UPI/General Txn,CREDIT,3344.26,50974.68,General
C3,18-09-2024,UPI/General Txn,DEBIT,2757.95,95305.47,General
C3,18-09-2024,UPI/General Txn,CREDIT,254.83,88132.44,General
C3,18-09-2024,UPI/General Txn,CREDIT,683.76,32141.36,General
C3,18-09-2024,UPI/General Txn,CREDIT,1944.05,4562.13,General
C3,18-09-2024,UPI/General Txn,CREDIT,966.66,88585.32,General
C3,18-09-2024,UPI/General Txn,CREDIT,904.31,14314.34,General
C3,18-09-2024,UPI/General Txn,CREDIT,3607.04,76637.1,General
C3,18-09-2024,UPI/General Txn,CREDIT,2887.39,66347.78,General
C3,18-09-2024,UPI/General Txn,CREDIT,3458.33,48115.19,General
C3,18-09-2024,UPI/General Txn,DEBIT,4286.32,39747.1,General
C3,19-09-2024,UPI/General Txn,CREDIT,2996.12,62077.03,General
C3,19-09-2024,UPI/General Txn,CREDIT,1828.54,32727.8,General
C3,19-09-2024,UPI/General Txn,DEBIT,237.92,13691.61,General
C3,19-09-2024,UPI/General Txn,DEBIT,1895.41,76754.21,General
C3,19-09-2024,UPI/General Txn,CREDIT,3163.25,10637.65,General
C3,19-09-2024,UPI/General Txn,CREDIT,1791.2,41781.03,General
C3,19-09-2024,UPI/General Txn,DEBIT,376.6,25513.78,General
C3,19-09-2024,UPI/General Txn,DEBIT,3275.61,91128.51,General
C3,19-09-2024,UPI/General Txn,CREDIT,420.95,12332.66,General
C3,19-09-2024,UPI/General Txn,CREDIT,931.92,4700.38,General
C3,19-09-2024,UPI/General Txn,CREDIT,3323.06,57236.89,General
C3,20-09-2024,UPI/General Txn,CREDIT,1406.43,59210.93,General
C3,20-09-2024,UPI/General Txn,CREDIT,4930.25,57465,General
C3,20-09-2024,UPI/General Txn,DEBIT,1679.86,81024.33,General
C3,20-09-2024,UPI/General Txn,DEBIT,590.28,34260.78,General
C3,20-09-2024,UPI/General Txn,CREDIT,2563.57,17496.09,General
C3,20-09-2024,UPI/General Txn,CREDIT,1567.65,20974.1,General
C3,20-09-2024,UPI/General Txn,DEBIT,3213.68,84197.67,General
C3,20-09-2024,UPI/General Txn,CREDIT,2725.59,27250.35,General
C3,20-09-2024,UPI/General Txn,CREDIT,1556.87,80655.7,General
C3,20-09-2024,UPI/General Txn,DEBIT,3160.4,72052.98,General
C3,20-09-2024,UPI/General Txn,CREDIT,2933.15,28063.13,General
C3,21-09-2024,UPI/General Txn,CREDIT,4025.81,43283.48,General
C3,21-09-2024,UPI/General Txn,DEBIT,1801.85,65502.14,General
C3,21-09-2024,UPI/General Txn,CREDIT,1579.05,43858.14,General
C3,21-09-2024,UPI/General Txn,DEBIT,2745.74,42017.11,General
C3,21-09-2024,UPI/General Txn,CREDIT,1331.2,67484.46,General
C3,21-09-2024,UPI/General Txn,DEBIT,2783.06,63156.55,General
C3,21-09-2024,UPI/General Txn,DEBIT,2629.5,58107.49,General
C3,21-09-2024,UPI/General Txn,CREDIT,1143.47,27525.66,General
C3,21-09-2024,UPI/General Txn,CREDIT,3225.84,93528.96,General
C3,21-09-2024,UPI/General Txn,DEBIT,3660.41,52704.69,General
C3,21-09-2024,UPI/General Txn,DEBIT,1884.95,24797.02,General
C3,21-09-2024,UPI/General Txn,CREDIT,3757.52,84568.08,General
C3,22-09-2024,UPI/General Txn,DEBIT,1661.4,63758.82,General
C3,22-09-2024,UPI/General Txn,CREDIT,4245.24,82547.36,General
C3,22-09-2024,UPI/General Txn,CREDIT,3265.61,68998.64,General
C3,22-09-2024,UPI/General Txn,DEBIT,1257.04,12242.3,General
C3,22-09-2024,UPI/General Txn,DEBIT,1040.39,79907.43,General
C3,22-09-2024,UPI/General Txn,CREDIT,1621.65,56422.68,General
C3,22-09-2024,UPI/General Txn,DEBIT,2237.05,20997.06,General
C3,22-09-2024,UPI/General Txn,DEBIT,1436.29,26581.29,General
C3,22-09-2024,UPI/General Txn,DEBIT,4037.34,64785.09,General
C3,22-09-2024,UPI/General Txn,CREDIT,306.94,78441.14,General
C3,22-09-2024,UPI/General Txn,DEBIT,371.1,32076.57,General
C3,23-09-2024,UPI/General Txn,CREDIT,4349.14,89780.55,General
C3,23-09-2024,UPI/General Txn,DEBIT,3391.19,40292.61,General
C3,23-09-2024,UPI/General Txn,DEBIT,4215.07,24368.07,General
C3,23-09-2024,UPI/General Txn,DEBIT,2897.77,52673.8,General
C3,23-09-2024,UPI/General Txn,CREDIT,4162.01,50148.66,General
C3,23-09-2024,UPI/General Txn,DEBIT,542.22,77545.9,General
C3,23-09-2024,UPI/General Txn,CREDIT,1635.71,80778.32,General
C3,23-09-2024,UPI/General Txn,CREDIT,3745.4,22582.83,General
C3,23-09-2024,UPI/General Txn,DEBIT,623.39,97022.42,General
C3,23-09-2024,UPI/General Txn,CREDIT,2253.43,86427.09,General
C3,24-09-2024,UPI/General Txn,CREDIT,2502.76,70262.16,General
C3,24-09-2024,UPI/General Txn,CREDIT,653.51,48010.56,General
C3,24-09-2024,UPI/General Txn,CREDIT,1307.1,88063.92,General
C3,24-09-2024,UPI/General Txn,CREDIT,4691.16,48046.96,General
C3,24-09-2024,UPI/General Txn,CREDIT,1901.92,3086.35,General
C3,24-09-2024,UPI/General Txn,DEBIT,4837.35,84305.82,General
C3,24-09-2024,UPI/General Txn,DEBIT,3344.89,69377.56,General
C3,24-09-2024,UPI/General Txn,DEBIT,3965.13,26045.31,General
C3,25-09-2024,UPI/General Txn,CREDIT,1615.42,90412.55,General
C3,25-09-2024,UPI/General Txn,DEBIT,3457.72,85907.07,General
C3,25-09-2024,UPI/General Txn,CREDIT,2003.51,92823.23,General
C3,25-09-2024,UPI/General Txn,CREDIT,4597.84,9934.78,General
C3,25-09-2024,UPI/General Txn,DEBIT,4131.27,30444.87,General
C3,25-09-2024,UPI/General Txn,DEBIT,4311.14,91673.19,General
C3,25-09-2024,UPI/General Txn,CREDIT,3193.63,79142.42,General
C3,25-09-2024,UPI/General Txn,DEBIT,1442.78,82496.58,General
C3,25-09-2024,UPI/General Txn,CREDIT,4708.43,73957.25,General
C3,25-09-2024,UPI/General Txn,CREDIT,4639.84,72021.22,General
C3,25-09-2024,UPI/General Txn,DEBIT,4396.13,82615.69,General
C3,26-09-2024,UPI/General Txn,CREDIT,2581.04,42666.18,General
C3,26-09-2024,UPI/General Txn,CREDIT,3673.23,45872.91,General
C3,26-09-2024,UPI/General Txn,DEBIT,234.02,64495.91,General
C3,26-09-2024,UPI/General Txn,CREDIT,1000.32,79310.91,General
C3,26-09-2024,UPI/General Txn,CREDIT,766.85,20807.46,General
C3,26-09-2024,UPI/General Txn,DEBIT,1597.18,11971.99,General
C3,26-09-2024,UPI/General Txn,DEBIT,1323.06,84849.08,General
C3,26-09-2024,UPI/General Txn,CREDIT,3460.19,45697.5,General
C3,26-09-2024,UPI/General Txn,DEBIT,4380.18,26807.31,General
C3,26-09-2024,UPI/General Txn,CREDIT,3468.59,80153.34,General
C3,27-09-2024,UPI/General Txn,CREDIT,513.55,19007.04,General
C3,27-09-2024,UPI/General Txn,DEBIT,4394.31,3052.73,General
C3,27-09-2024,UPI/General Txn,DEBIT,212.55,90777.63,General
C3,27-09-2024,UPI/General Txn,DEBIT,4873.23,26916.53,General
C3,27-09-2024,UPI/General Txn,DEBIT,4273.97,40702.46,General
C3,27-09-2024,UPI/General Txn,CREDIT,2201.63,15775.87,General
C3,27-09-2024,UPI/General Txn,DEBIT,4794.36,94777.11,General
C3,27-09-2024,UPI/General Txn,CREDIT,675.02,77562.57,General
C3,27-09-2024,UPI/General Txn,CREDIT,4648.6,12732.72,General
C3,28-09-2024,UPI/General Txn,CREDIT,1033.67,29508.24,General
C3,28-09-2024,UPI/General Txn,DEBIT,2521.42,43699.55,General
C3,28-09-2024,UPI/General Txn,DEBIT,1112.37,99525.54,General
C3,28-09-2024,UPI/General Txn,DEBIT,1486.54,42414.77,General
C3,28-09-2024,UPI/General Txn,DEBIT,2101.77,3848.54,General
C3,28-09-2024,UPI/General Txn,DEBIT,4883.03,62150.34,General
C3,28-09-2024,UPI/General Txn,CREDIT,4545.91,58707.4,General
C3,28-09-2024,UPI/General Txn,DEBIT,3271.45,2021.7,General
C3,28-09-2024,UPI/General Txn,CREDIT,752.7,97465.52,General
C3,29-09-2024,UPI/General Txn,CREDIT,3465.58,71136.86,General
C3,29-09-2024,UPI/General Txn,CREDIT,3706.91,8232.51,General
C3,29-09-2024,UPI/General Txn,DEBIT,2829.3,33953.39,General
C3,29-09-2024,UPI/General Txn,CREDIT,1250.72,99677.2,General
C3,29-09-2024,UPI/General Txn,DEBIT,4702.68,1530.74,General
C3,29-09-2024,UPI/General Txn,CREDIT,2572.26,30948.23,General
C3,29-09-2024,UPI/General Txn,CREDIT,2034.01,14091.59,General
C3,29-09-2024,UPI/General Txn,DEBIT,4471.91,58468.2,General
C3,29-09-2024,UPI/General Txn,CREDIT,1375.43,93102.37,General
C3,29-09-2024,UPI/General Txn,DEBIT,4401.69,9875.15,General
C3,29-09-2024,UPI/General Txn,CREDIT,3580.25,15037.78,General
C3,30-09-2024,UPI/General Txn,DEBIT,1635.02,50421.85,General
C3,30-09-2024,UPI/General Txn,CREDIT,4869.52,75034.51,General
C3,30-09-2024,UPI/General Txn,CREDIT,4638.56,90376.47,General
C3,30-09-2024,UPI/General Txn,CREDIT,1389.76,52180.3,General
C3,30-09-2024,UPI/General Txn,DEBIT,2235.3,32238.75,General
C3,30-09-2024,UPI/General Txn,DEBIT,4973.37,56011.8,General
C3,30-09-2024,UPI/General Txn,CREDIT,4621.98,6269,General
C3,30-09-2024,UPI/General Txn,DEBIT,828.24,19130.99,General
C3,01-10-2024,UPI/General Txn,CREDIT,1375.1,44206.56,General
C3,01-10-2024,UPI/General Txn,CREDIT,4976.49,5038.38,General
C3,01-10-2024,UPI/General Txn,CREDIT,1846.95,46318.21,General
C3,01-10-2024,UPI/General Txn,DEBIT,651.21,13241.77,General
C3,01-10-2024,UPI/General Txn,CREDIT,558.53,18884.84,General
C3,01-10-2024,UPI/General Txn,CREDIT,924.65,56761.49,General
C3,01-10-2024,UPI/General Txn,DEBIT,3349.37,58771.19,General
C3,01-10-2024,UPI/General Txn,DEBIT,4860.97,42225.48,General
C3,01-10-2024,UPI/General Txn,CREDIT,476.49,68013.94,General
C3,01-10-2024,UPI/General Txn,DEBIT,4448.1,29143.84,General
C3,01-10-2024,UPI/General Txn,DEBIT,4908.54,40022.81,General
C3,02-10-2024,UPI/General Txn,DEBIT,4652.83,83860.74,General
C3,02-10-2024,UPI/General Txn,DEBIT,853.5,46563.08,General
C3,02-10-2024,UPI/General Txn,CREDIT,3567.76,45951.5,General
C3,02-10-2024,UPI/General Txn,DEBIT,4780.49,33613.27,General
C3,02-10-2024,UPI/General Txn,CREDIT,314.85,33166.63,General
C3,02-10-2024,UPI/General Txn,DEBIT,3684.57,21925.32,General
C3,02-10-2024,UPI/General Txn,CREDIT,338.54,32993.91,General
C3,02-10-2024,UPI/General Txn,DEBIT,372.12,55168.47,General
C3,02-10-2024,UPI/General Txn,DEBIT,3051.23,40486.99,General
C3,02-10-2024,UPI/General Txn,CREDIT,972.25,9829.64,General
C3,02-10-2024,UPI/General Txn,DEBIT,4276.49,39461.79,General
C3,02-10-2024,UPI/General Txn,DEBIT,2071.74,12939.6,General
C3,03-10-2024,UPI/General Txn,CREDIT,4025.39,90469.69,General
C3,03-10-2024,UPI/General Txn,CREDIT,3057.22,66886.51,General
C3,03-10-2024,UPI/General Txn,DEBIT,4177.06,49472.68,General
C3,03-10-2024,UPI/General Txn,CREDIT,4438.52,27579.46,General
C3,03-10-2024,UPI/General Txn,DEBIT,3041.67,75892.57,General
C3,03-10-2024,UPI/General Txn,DEBIT,4073.87,43976.49,General
C3,03-10-2024,UPI/General Txn,DEBIT,2187.48,51820.8,General
C3,03-10-2024,UPI/General Txn,DEBIT,4869.03,65113.45,General
C3,03-10-2024,UPI/General Txn,CREDIT,3596.81,53200.59,General
C3,03-10-2024,UPI/General Txn,DEBIT,3271.4,29779.6,General
C3,03-10-2024,UPI/General Txn,CREDIT,2243.04,30738.93,General
C3,04-10-2024,UPI/General Txn,CREDIT,3453.14,84312.26,General
C3,04-10-2024,UPI/General Txn,CREDIT,2663.15,57285.03,General
C3,04-10-2024,UPI/General Txn,DEBIT,2799.87,51828.04,General
C3,04-10-2024,UPI/General Txn,CREDIT,2602.19,10353.95,General
C3,04-10-2024,UPI/General Txn,CREDIT,3338.19,36190.31,General
C3,04-10-2024,UPI/General Txn,DEBIT,2969.28,12279.61,General
C3,04-10-2024,UPI/General Txn,DEBIT,3341.73,78831.53,General
C3,04-10-2024,UPI/General Txn,DEBIT,4230.26,9245.77,General
C3,04-10-2024,UPI/General Txn,CREDIT,4396.1,32080.69,General
C3,05-10-2024,UPI/General Txn,CREDIT,3811.04,62757.23,General
C3,05-10-2024,UPI/General Txn,DEBIT,1398.86,21895.77,General
C3,05-10-2024,UPI/General Txn,CREDIT,483.28,87289.96,General
C3,05-10-2024,UPI/General Txn,DEBIT,621.02,1578.86,General
C3,05-10-2024,UPI/General Txn,DEBIT,671.72,65924.3,General
C3,05-10-2024,UPI/General Txn,CREDIT,2354.8,87009.27,General
C3,05-10-2024,UPI/General Txn,CREDIT,4832.44,30977.2,General
C3,05-10-2024,UPI/General Txn,CREDIT,4084.35,69375.57,General
C3,05-10-2024,UPI/General Txn,CREDIT,4819.39,80659.43,General
C3,05-10-2024,UPI/General Txn,DEBIT,529.41,2373.72,General
C3,05-10-2024,UPI/General Txn,DEBIT,648.37,69907.21,General
C3,06-10-2024,UPI/General Txn,DEBIT,4309.16,48630.6,General
C3,06-10-2024,UPI/General Txn,DEBIT,811.26,44143.06,General
C3,06-10-2024,UPI/General Txn,DEBIT,3167.69,9523.26,General
C3,06-10-2024,UPI/General Txn,DEBIT,3871.63,47924.92,General
C3,06-10-2024,UPI/General Txn,DEBIT,206.9,90339.12,General
C3,06-10-2024,UPI/General Txn,CREDIT,3720.03,96422.82,General
C3,06-10-2024,UPI/General Txn,CREDIT,2410.3,58937.4,General
C3,06-10-2024,UPI/General Txn,CREDIT,1086.56,6041.3,General
C3,06-10-2024,UPI/General Txn,CREDIT,138.58,97969.21,General
C3,07-10-2024,UPI/General Txn,CREDIT,3711.68,4664.7,General
C3,07-10-2024,UPI/General Txn,CREDIT,2058.43,23958.67,General
C3,07-10-2024,UPI/General Txn,DEBIT,397.45,42778.45,General
C3,07-10-2024,UPI/General Txn,DEBIT,1647.67,27517.04,General
C3,07-10-2024,UPI/General Txn,CREDIT,3276.67,12577.13,General
C3,07-10-2024,UPI/General Txn,CREDIT,3151.21,45384.21,General
C3,07-10-2024,UPI/General Txn,DEBIT,2237.53,29513.07,General
C3,07-10-2024,UPI/General Txn,CREDIT,1041.79,44372.96,General
C3,07-10-2024,UPI/General Txn,CREDIT,2587.42,92251.82,General
C3,07-10-2024,UPI/General Txn,CREDIT,4281.92,13984.7,General
C3,07-10-2024,UPI/General Txn,CREDIT,1537.63,96020.53,General
C3,08-10-2024,UPI/General Txn,DEBIT,4000.27,62562.4,General
C3,08-10-2024,UPI/General Txn,DEBIT,1484.04,67038.59,General
C3,08-10-2024,UPI/General Txn,DEBIT,732.57,16475.1,General
C3,08-10-2024,UPI/General Txn,CREDIT,2511.71,94362.42,General
C3,08-10-2024,UPI/General Txn,DEBIT,2519.25,21733.86,General
C3,08-10-2024,UPI/General Txn,DEBIT,330.54,36519.89,General
C3,08-10-2024,UPI/General Txn,DEBIT,1377.96,18296.76,General
C3,08-10-2024,UPI/General Txn,DEBIT,4311.36,80874.74,General
C3,08-10-2024,UPI/General Txn,DEBIT,1754.9,62138.73,General
C3,08-10-2024,UPI/General Txn,DEBIT,691.37,49150.16,General
C3,09-10-2024,UPI/General Txn,DEBIT,3945.94,77239.39,General
C3,09-10-2024,UPI/General Txn,DEBIT,2829.41,85487.41,General
C3,09-10-2024,UPI/General Txn,DEBIT,4381.11,70934.09,General
C3,09-10-2024,UPI/General Txn,CREDIT,4640.5,80099.7,General
C3,09-10-2024,UPI/General Txn,DEBIT,4816.97,97491.32,General
C3,09-10-2024,UPI/General Txn,DEBIT,3930.1,82537.41,General
C3,09-10-2024,UPI/General Txn,DEBIT,305.65,17537.58,General
C3,09-10-2024,UPI/General Txn,DEBIT,678.49,91187.59,General
C3,09-10-2024,UPI/General Txn,CREDIT,869.46,71108.17,General
C3,09-10-2024,UPI/General Txn,CREDIT,3833.63,73522.64,General
C3,10-10-2024,NEFT/TCS SALARY,CREDIT,60000,13175.36,Salary
C3,10-10-2024,NEFT/TCS SALARY,CREDIT,50000,83646.52,Salary
C3,10-10-2024,NEFT/TCS SALARY,CREDIT,80000,9438.15,Salary
C3,10-10-2024,NEFT/WIPRO SALARY,CREDIT,60000,66834.53,Salary
C3,10-10-2024,NEFT/TCS SALARY,CREDIT,50000,80375.1,Salary
C3,10-10-2024,NEFT/WIPRO SALARY,CREDIT,60000,79666.13,Salary
C3,10-10-2024,UPI/General Txn,DEBIT,1872.69,44815.29,General
C3,10-10-2024,UPI/General Txn,DEBIT,3873.74,9393.04,General
C3,11-10-2024,UPI/General Txn,DEBIT,2068.09,43973.16,General
C3,11-10-2024,UPI/General Txn,DEBIT,2027,66357.44,General
C3,11-10-2024,UPI/General Txn,DEBIT,3243.18,97795.56,General
C3,11-10-2024,UPI/General Txn,CREDIT,4902.23,42511.22,General
C3,11-10-2024,UPI/General Txn,CREDIT,4440.34,72433.55,General
C3,11-10-2024,UPI/General Txn,CREDIT,1637.11,1782.32,General
C3,11-10-2024,UPI/General Txn,DEBIT,1470.93,70329.21,General
C3,11-10-2024,UPI/General Txn,DEBIT,2286.33,88870.4,General
C3,11-10-2024,UPI/General Txn,CREDIT,3159.36,70049.63,General
C3,11-10-2024,UPI/General Txn,CREDIT,4449.61,77764.63,General
C3,12-10-2024,UPI/General Txn,CREDIT,512.98,39609.36,General
C3,12-10-2024,UPI/General Txn,DEBIT,3622.51,52526.5,General
C3,12-10-2024,UPI/General Txn,DEBIT,2749.87,10189.14,General
C3,12-10-2024,UPI/General Txn,CREDIT,2803.75,75947.59,General
C3,12-10-2024,UPI/General Txn,DEBIT,884.13,89141.61,General
C3,12-10-2024,UPI/General Txn,CREDIT,2745.67,24892.64,General
C3,12-10-2024,UPI/General Txn,CREDIT,3893.37,98708.52,General
C3,12-10-2024,UPI/General Txn,DEBIT,641.17,84316.76,General
C3,12-10-2024,UPI/General Txn,CREDIT,1372.81,13257.49,General
C3,12-10-2024,UPI/General Txn,DEBIT,3807.14,45424.95,General
C3,13-10-2024,UPI/General Txn,CREDIT,3710.61,34559.05,General
C3,13-10-2024,UPI/General Txn,DEBIT,1256.88,35683.38,General
C3,13-10-2024,UPI/General Txn,DEBIT,1494.22,71720.75,General
C3,13-10-2024,UPI/General Txn,DEBIT,2646.37,11417.47,General
C3,13-10-2024,UPI/General Txn,DEBIT,2630.61,82461.43,General
C3,13-10-2024,UPI/General Txn,DEBIT,1870.21,15508.77,General
C3,13-10-2024,UPI/General Txn,CREDIT,2185.89,9112.77,General
C3,13-10-2024,UPI/General Txn,DEBIT,404.75,48149.05,General
C3,13-10-2024,UPI/General Txn,CREDIT,2286.2,68005.42,General
C3,13-10-2024,UPI/General Txn,CREDIT,2073.49,87329.46,General
C3,13-10-2024,UPI/General Txn,CREDIT,2963.09,99654.67,General
C3,13-10-2024,UPI/General Txn,CREDIT,3476.19,73439.98,General
C3,14-10-2024,UPI/General Txn,DEBIT,4136.68,51072.8,General
C3,14-10-2024,UPI/General Txn,CREDIT,2475.35,13809.13,General
C3,14-10-2024,UPI/General Txn,DEBIT,3552.17,69752.6,General
C3,14-10-2024,UPI/General Txn,DEBIT,2331.62,74903.13,General
C3,14-10-2024,UPI/General Txn,CREDIT,4725.94,92248.04,General
C3,14-10-2024,UPI/General Txn,CREDIT,681.95,11923.28,General
C3,14-10-2024,UPI/General Txn,CREDIT,1910.97,4987.93,General
C3,14-10-2024,UPI/General Txn,CREDIT,851.19,31187.53,General
C3,14-10-2024,UPI/General Txn,CREDIT,1934.85,49106.63,General
C3,14-10-2024,UPI/General Txn,DEBIT,3976.9,78595.46,General
C3,14-10-2024,UPI/General Txn,CREDIT,2166.61,89016.66,General
C3,15-10-2024,UPI/General Txn,CREDIT,997.08,1206.49,General
C3,15-10-2024,UPI/General Txn,DEBIT,2782.93,87172.23,General
C3,15-10-2024,UPI/General Txn,CREDIT,2146.12,57010.63,General
C3,15-10-2024,UPI/General Txn,CREDIT,4511.41,48047.53,General
C3,15-10-2024,UPI/General Txn,DEBIT,3628.16,76433.17,General
C3,15-10-2024,UPI/General Txn,CREDIT,2573.34,76406.2,General
C3,15-10-2024,UPI/General Txn,DEBIT,3369.38,86768.21,General
C3,15-10-2024,UPI/General Txn,CREDIT,1693.56,39336.28,General
C3,15-10-2024,UPI/General Txn,CREDIT,4511.2,54558.45,General
C3,16-10-2024,UPI/General Txn,DEBIT,3705.97,86729.4,General
C3,16-10-2024,UPI/General Txn,CREDIT,3565.32,56543.39,General
C3,16-10-2024,UPI/General Txn,DEBIT,706.53,20050.25,General
C3,16-10-2024,UPI/General Txn,DEBIT,3131.65,95771.99,General
C3,16-10-2024,UPI/General Txn,CREDIT,2656.59,50761.24,General
C3,16-10-2024,UPI/General Txn,DEBIT,191.45,96275.3,General
C3,16-10-2024,UPI/General Txn,DEBIT,1447.32,25283.38,General
C3,16-10-2024,UPI/General Txn,CREDIT,3557.53,9380.15,General
C3,16-10-2024,UPI/General Txn,CREDIT,2714.36,40777.99,General
C3,16-10-2024,UPI/General Txn,DEBIT,320.42,34655.7,General
C3,16-10-2024,UPI/General Txn,DEBIT,984.49,86105.19,General
C3,17-10-2024,UPI/General Txn,DEBIT,1971.85,12349.82,General
C3,17-10-2024,UPI/General Txn,DEBIT,586.73,29249.82,General
C3,17-10-2024,UPI/General Txn,DEBIT,995.08,16268.51,General
C3,17-10-2024,UPI/General Txn,DEBIT,4765.61,6832.46,General
C3,17-10-2024,UPI/General Txn,DEBIT,4809.5,3689.95,General
C3,17-10-2024,UPI/General Txn,CREDIT,386.66,10775.68,General
C3,17-10-2024,UPI/General Txn,CREDIT,798.06,26535.49,General
C3,17-10-2024,UPI/General Txn,DEBIT,4713.73,6135.93,General
C3,17-10-2024,UPI/General Txn,DEBIT,1274.15,49804.96,General
C3,17-10-2024,UPI/General Txn,CREDIT,3786.71,94986.35,General
C3,18-10-2024,UPI/General Txn,CREDIT,397.1,55758.99,General
C3,18-10-2024,UPI/General Txn,DEBIT,420.75,41341.89,General
C3,18-10-2024,UPI/General Txn,DEBIT,1245.33,27646.81,General
C3,18-10-2024,UPI/General Txn,DEBIT,4821.03,25385.29,General
C3,18-10-2024,UPI/General Txn,DEBIT,2818.07,31156.67,General
C3,18-10-2024,UPI/General Txn,DEBIT,2093.06,84781.51,General
C3,18-10-2024,UPI/General Txn,DEBIT,2552.12,37957.22,General
C3,18-10-2024,UPI/General Txn,DEBIT,4928.01,54216.03,General
C3,18-10-2024,UPI/General Txn,CREDIT,2176.39,5137.42,General
C3,18-10-2024,UPI/General Txn,CREDIT,4081.95,65652.83,General
C3,19-10-2024,UPI/General Txn,CREDIT,102.66,28056.99,General
C3,19-10-2024,UPI/General Txn,CREDIT,1329.36,99924.95,General
C3,19-10-2024,UPI/General Txn,DEBIT,4227.95,58930.76,General
C3,19-10-2024,UPI/General Txn,DEBIT,2600.61,16980.21,General
C3,19-10-2024,UPI/General Txn,DEBIT,2717.04,30763.2,General
C3,19-10-2024,UPI/General Txn,DEBIT,2036.99,83219.31,General
C3,19-10-2024,UPI/General Txn,CREDIT,3652.86,87949.65,General
C3,19-10-2024,UPI/General Txn,CREDIT,1133.17,88509.23,General
C3,19-10-2024,UPI/General Txn,CREDIT,4732.5,97984.39,General
C3,20-10-2024,UPI/General Txn,CREDIT,1437.76,34821.35,General
C3,20-10-2024,UPI/General Txn,CREDIT,2353.02,2571.59,General
C3,20-10-2024,UPI/General Txn,DEBIT,3490.04,61269.89,General
C3,20-10-2024,UPI/General Txn,DEBIT,120.97,67597.93,General
C3,20-10-2024,UPI/General Txn,CREDIT,2124.5,76484.06,General
C3,20-10-2024,UPI/General Txn,DEBIT,2736.84,54326.28,General
C3,20-10-2024,UPI/General Txn,CREDIT,4473.6,67552.35,General
C3,20-10-2024,UPI/General Txn,CREDIT,1829.67,82919.22,General
C3,20-10-2024,UPI/General Txn,DEBIT,1854.03,84075.43,General
C3,20-10-2024,UPI/General Txn,DEBIT,4078.16,13351.62,General
C3,20-10-2024,UPI/General Txn,DEBIT,1915.36,45013.19,General
C3,21-10-2024,UPI/General Txn,CREDIT,3741.41,68374.88,General
C3,21-10-2024,UPI/General Txn,DEBIT,3575.07,9906.69,General
C3,21-10-2024,UPI/General Txn,CREDIT,3105.87,81033.03,General
C3,21-10-2024,UPI/General Txn,CREDIT,1183.62,96762.35,General
C3,21-10-2024,UPI/General Txn,CREDIT,280.3,90546.25,General
C3,21-10-2024,UPI/General Txn,DEBIT,3564.14,1706.4,General
C3,21-10-2024,UPI/General Txn,CREDIT,4922.89,11983.71,General
C3,21-10-2024,UPI/General Txn,CREDIT,1459,17877.23,General
C3,21-10-2024,UPI/General Txn,DEBIT,1049.47,7470.7,General
C3,22-10-2024,UPI/General Txn,DEBIT,3755.27,26702.82,General
C3,22-10-2024,UPI/General Txn,DEBIT,2892.53,88219.31,General
C3,22-10-2024,UPI/General Txn,CREDIT,3671.6,19993.3,General
C3,22-10-2024,UPI/General Txn,CREDIT,3422.1,68387.36,General
C3,22-10-2024,UPI/General Txn,DEBIT,4427.2,93851.15,General
C3,22-10-2024,UPI/General Txn,DEBIT,3240.73,85532.12,General
C3,22-10-2024,UPI/General Txn,CREDIT,1682.7,28129.52,General
C3,22-10-2024,UPI/General Txn,CREDIT,3432.85,50061.9,General
C3,22-10-2024,UPI/General Txn,DEBIT,2634.56,88496.44,General
C3,23-10-2024,UPI/General Txn,CREDIT,330.13,53708.62,General
C3,23-10-2024,UPI/General Txn,CREDIT,1649.59,20266.21,General
C3,23-10-2024,UPI/General Txn,DEBIT,500.86,99036.2,General
C3,23-10-2024,UPI/General Txn,CREDIT,1205.58,95819.79,General
C3,23-10-2024,UPI/General Txn,DEBIT,4593.28,17283.68,General
C3,23-10-2024,UPI/General Txn,DEBIT,1622.95,3759.4,General
C3,23-10-2024,UPI/General Txn,DEBIT,2216.55,59660.55,General
C3,23-10-2024,UPI/General Txn,CREDIT,3168.86,84210.25,General
C3,23-10-2024,UPI/General Txn,CREDIT,1311.05,24597.56,General
C3,24-10-2024,UPI/General Txn,CREDIT,4179.34,52447.83,General
C3,24-10-2024,UPI/General Txn,DEBIT,1260.04,77799.2,General
C3,24-10-2024,UPI/General Txn,DEBIT,3135.88,62909.53,General
C3,24-10-2024,UPI/General Txn,DEBIT,2936.78,97478.03,General
C3,24-10-2024,UPI/General Txn,CREDIT,4591.9,32014.66,General
C3,24-10-2024,UPI/General Txn,DEBIT,4253.69,78481.98,General
C3,24-10-2024,UPI/General Txn,CREDIT,403.81,6424.09,General
C3,24-10-2024,UPI/General Txn,CREDIT,3092.62,7513.24,General
C3,24-10-2024,UPI/General Txn,DEBIT,3420.07,30196.76,General
C3,24-10-2024,UPI/General Txn,DEBIT,1969.13,62112.9,General
C3,25-10-2024,UPI/General Txn,DEBIT,1242.25,45887.71,General
C3,25-10-2024,UPI/General Txn,CREDIT,2374.62,88113.88,General
C3,25-10-2024,UPI/General Txn,CREDIT,3134.23,65441.22,General
C3,25-10-2024,UPI/General Txn,DEBIT,3411.3,45953.6,General
C3,25-10-2024,UPI/General Txn,DEBIT,1708.15,11692.65,General
C3,25-10-2024,UPI/General Txn,DEBIT,160.21,59695.76,General
C3,25-10-2024,UPI/General Txn,DEBIT,4219.82,64099.01,General
C3,25-10-2024,UPI/General Txn,CREDIT,1355.8,48658.53,General
C3,25-10-2024,UPI/General Txn,DEBIT,3142.17,25072.1,General
C3,25-10-2024,UPI/General Txn,DEBIT,4005.43,13640.39,General
C3,25-10-2024,UPI/General Txn,CREDIT,2964.16,31807.64,General
C3,26-10-2024,UPI/General Txn,DEBIT,3899.93,47482.85,General
C3,26-10-2024,UPI/General Txn,CREDIT,3056.31,37514.17,General
C3,26-10-2024,UPI/General Txn,DEBIT,139.6,6674.45,General
C3,26-10-2024,UPI/General Txn,DEBIT,2584.83,42784.05,General
C3,26-10-2024,UPI/General Txn,DEBIT,1057.49,64414.92,General
C3,26-10-2024,UPI/General Txn,DEBIT,1086.18,34813.64,General
C3,26-10-2024,UPI/General Txn,CREDIT,3372.51,60376.47,General
C3,26-10-2024,UPI/General Txn,CREDIT,1722.61,61994.21,General
C3,26-10-2024,UPI/General Txn,DEBIT,2151.61,11379.94,General
C3,26-10-2024,UPI/General Txn,DEBIT,4392.92,50097.14,General
C3,26-10-2024,UPI/General Txn,DEBIT,4607.77,69628.84,General
C3,26-10-2024,UPI/General Txn,DEBIT,2386.03,24662.88,General
C3,27-10-2024,UPI/General Txn,CREDIT,4055.63,21326.32,General
C3,27-10-2024,UPI/General Txn,DEBIT,1002.8,36918.9,General
C3,27-10-2024,UPI/General Txn,DEBIT,461.28,55914.47,General
C3,27-10-2024,UPI/General Txn,CREDIT,797.77,20245.94,General
C3,27-10-2024,UPI/General Txn,CREDIT,2969.86,5346.58,General
C3,27-10-2024,UPI/General Txn,DEBIT,245.46,29125.99,General
C3,27-10-2024,UPI/General Txn,CREDIT,1172.83,72164.83,General
C3,27-10-2024,UPI/General Txn,DEBIT,1765.11,18675.6,General
C3,27-10-2024,UPI/General Txn,CREDIT,205.31,91154.25,General
C3,27-10-2024,UPI/General Txn,DEBIT,202.87,38513.35,General
C3,28-10-2024,UPI/General Txn,DEBIT,1758.08,31202.17,General
C3,28-10-2024,UPI/General Txn,CREDIT,1276.73,66429.96,General
C3,28-10-2024,UPI/General Txn,CREDIT,4711.69,87960.4,General
C3,28-10-2024,UPI/General Txn,DEBIT,420.35,88389.59,General
C3,28-10-2024,UPI/General Txn,DEBIT,740.89,19976.45,General
C3,28-10-2024,UPI/General Txn,CREDIT,1953.16,32477.21,General
C3,28-10-2024,UPI/General Txn,DEBIT,2204.75,92180.35,General
C3,28-10-2024,UPI/General Txn,DEBIT,3839.1,85589.11,General
C3,29-10-2024,UPI/General Txn,CREDIT,3968.98,25469.99,General
C3,29-10-2024,UPI/General Txn,CREDIT,3184.35,87412.3,General
C3,29-10-2024,UPI/General Txn,CREDIT,4272.36,21714.52,General
C3,29-10-2024,UPI/General Txn,CREDIT,498.9,79308.72,General
C3,29-10-2024,UPI/General Txn,DEBIT,3112.94,51352.77,General
C3,29-10-2024,UPI/General Txn,CREDIT,3781.41,50360.19,General
C3,29-10-2024,UPI/General Txn,CREDIT,2374.91,71536.2,General
C3,29-10-2024,UPI/General Txn,CREDIT,2674.83,71849.34,General
C3,29-10-2024,UPI/General Txn,CREDIT,2524.48,58537.48,General
C3,29-10-2024,UPI/General Txn,DEBIT,3226.72,21512.76,General
C3,30-10-2024,UPI/General Txn,DEBIT,2315.19,40194.1,General
C3,30-10-2024,UPI/General Txn,CREDIT,1599.4,57565.67,General
C3,30-10-2024,UPI/General Txn,CREDIT,4683.94,26198.39,General
C3,30-10-2024,UPI/General Txn,DEBIT,515.32,30209.75,General
C3,30-10-2024,UPI/General Txn,DEBIT,2642.22,58812.26,General
C3,30-10-2024,UPI/General Txn,CREDIT,2379.74,43184.13,General
C3,30-10-2024,UPI/General Txn,CREDIT,2391,37383.68,General
C3,30-10-2024,UPI/General Txn,CREDIT,2537.96,38854.72,General
C3,30-10-2024,UPI/General Txn,DEBIT,979.87,27296.86,General
C3,31-10-2024,UPI/General Txn,DEBIT,1859.56,30157.26,General
C3,31-10-2024,UPI/General Txn,DEBIT,2558.65,78801.46,General
C3,31-10-2024,UPI/General Txn,DEBIT,4640.37,12740.2,General
C3,31-10-2024,UPI/General Txn,DEBIT,1865.16,34042.03,General
C3,31-10-2024,UPI/General Txn,CREDIT,3408.03,30968.84,General
C3,31-10-2024,UPI/General Txn,CREDIT,4096.27,19873.6,General
C3,31-10-2024,UPI/General Txn,DEBIT,3059.77,99842.1,General
C3,31-10-2024,UPI/General Txn,CREDIT,3786.68,1844.85,General
C3,01-11-2024,UPI/General Txn,CREDIT,1481.04,78529.7,General
C3,01-11-2024,UPI/General Txn,CREDIT,2078.67,82364.27,General
C3,01-11-2024,UPI/General Txn,DEBIT,3813.25,47728.4,General
C3,01-11-2024,UPI/General Txn,DEBIT,2611.97,86681.15,General
C3,01-11-2024,UPI/General Txn,DEBIT,1215.13,47969.39,General
C3,01-11-2024,UPI/General Txn,CREDIT,2627.54,72528.52,General
C3,01-11-2024,UPI/General Txn,DEBIT,2360.87,31994.41,General
C3,01-11-2024,UPI/General Txn,CREDIT,1020.45,21748.89,General
C3,01-11-2024,UPI/General Txn,DEBIT,2304.86,38095.32,General
C3,01-11-2024,UPI/General Txn,DEBIT,2929.79,31251.62,General
C3,02-11-2024,UPI/General Txn,CREDIT,2549.02,34642.4,General
C3,02-11-2024,UPI/General Txn,CREDIT,2153.82,76521.32,General
C3,02-11-2024,UPI/General Txn,CREDIT,3483.54,33281.87,General
C3,02-11-2024,UPI/General Txn,DEBIT,213.88,92292.27,General
C3,02-11-2024,UPI/General Txn,CREDIT,853.09,57250.9,General
C3,02-11-2024,UPI/General Txn,CREDIT,4015.81,98037.04,General
C3,02-11-2024,UPI/General Txn,CREDIT,1100.6,7307.22,General
C3,02-11-2024,UPI/General Txn,CREDIT,1993.53,11755.2,General
C3,03-11-2024,UPI/General Txn,CREDIT,4813.5,10230.91,General
C3,03-11-2024,UPI/General Txn,DEBIT,611.13,4173.86,General
C3,03-11-2024,UPI/General Txn,CREDIT,3476.22,3657.01,General
C3,03-11-2024,UPI/General Txn,CREDIT,1075.09,29097.94,General
C3,03-11-2024,UPI/General Txn,DEBIT,1241.89,46011.71,General
C3,03-11-2024,UPI/General Txn,DEBIT,1906.4,18010.75,General
C3,03-11-2024,UPI/General Txn,CREDIT,4312.57,39719.42,General
C3,03-11-2024,UPI/General Txn,DEBIT,4949.02,54108.85,General
C3,03-11-2024,UPI/General Txn,DEBIT,2443.43,39510.3,General
C3,03-11-2024,UPI/General Txn,DEBIT,4527.58,13863.3,General
C3,03-11-2024,UPI/General Txn,CREDIT,1107.82,81971.71,General
C3,03-11-2024,UPI/General Txn,DEBIT,3357.48,60767.24,General
C3,04-11-2024,UPI/General Txn,CREDIT,2978.71,28268.66,General
C3,04-11-2024,UPI/General Txn,DEBIT,136.47,45127.43,General
C3,04-11-2024,UPI/General Txn,DEBIT,4140.45,53059.79,General
C3,04-11-2024,UPI/General Txn,CREDIT,4560.48,46560.25,General
C3,04-11-2024,UPI/General Txn,DEBIT,2923.05,29503.27,General
C3,04-11-2024,UPI/General Txn,CREDIT,4416.87,35331.4,General
C3,04-11-2024,UPI/General Txn,CREDIT,4228.93,39717.95,General
C3,04-11-2024,UPI/General Txn,DEBIT,4134.81,42090.22,General
C3,04-11-2024,UPI/General Txn,CREDIT,979.93,46324.99,General
C3,04-11-2024,UPI/General Txn,DEBIT,4563.08,70153.68,General
C3,05-11-2024,UPI/General Txn,DEBIT,2028.4,24729.83,General
C3,05-11-2024,UPI/General Txn,CREDIT,4365.64,88373.03,General
C3,05-11-2024,UPI/General Txn,DEBIT,2734.91,70106.36,General
C3,05-11-2024,UPI/General Txn,DEBIT,3639.81,90964.91,General
C3,05-11-2024,UPI/General Txn,DEBIT,2115.26,99536.32,General
C3,05-11-2024,UPI/General Txn,DEBIT,475.01,50935.09,General
C3,05-11-2024,UPI/General Txn,CREDIT,3919.6,45642.66,General
C3,05-11-2024,UPI/General Txn,DEBIT,1338.56,46754.58,General
C3,06-11-2024,UPI/General Txn,CREDIT,3230.45,38734.4,General
C3,06-11-2024,UPI/General Txn,DEBIT,3755.19,40270.76,General
C3,06-11-2024,UPI/General Txn,DEBIT,152.61,71200.86,General
C3,06-11-2024,UPI/General Txn,CREDIT,768.75,48991.16,General
C3,06-11-2024,UPI/General Txn,DEBIT,434.36,71644.57,General
C3,06-11-2024,UPI/General Txn,CREDIT,2244.85,82222.24,General
C3,06-11-2024,UPI/General Txn,DEBIT,4223.66,84011.09,General
C3,06-11-2024,UPI/General Txn,DEBIT,3074.24,30120.32,General
C3,07-11-2024,UPI/General Txn,DEBIT,3733.09,8680.94,General
C3,07-11-2024,UPI/General Txn,CREDIT,3841.59,16196.15,General
C3,07-11-2024,UPI/General Txn,DEBIT,1854.63,71726.81,General
C3,07-11-2024,UPI/General Txn,DEBIT,4474.17,44763.76,General
C3,07-11-2024,UPI/General Txn,DEBIT,334,39671.22,General
C3,07-11-2024,UPI/General Txn,DEBIT,1610.79,60222.33,General
C3,07-11-2024,UPI/General Txn,CREDIT,338.46,76944.31,General
C3,07-11-2024,UPI/General Txn,CREDIT,4651.22,90966.88,General
C3,07-11-2024,UPI/General Txn,DEBIT,1079.93,42746.59,General
C3,07-11-2024,UPI/General Txn,CREDIT,4947.52,82232.13,General
C3,07-11-2024,UPI/General Txn,DEBIT,3431.8,22836.22,General
C3,07-11-2024,UPI/General Txn,DEBIT,4423.2,72677.14,General
C3,08-11-2024,UPI/General Txn,DEBIT,2136.83,81746.81,General
C3,08-11-2024,UPI/General Txn,DEBIT,1681.13,62842.66,General
C3,08-11-2024,UPI/General Txn,CREDIT,4678.2,93953.4,General
C3,08-11-2024,UPI/General Txn,DEBIT,691.94,11482.65,General
C3,08-11-2024,UPI/General Txn,DEBIT,1684.5,40811.81,General
C3,08-11-2024,UPI/General Txn,CREDIT,1649.58,22064.03,General
C3,08-11-2024,UPI/General Txn,CREDIT,1178.47,65344.55,General
C3,08-11-2024,UPI/General Txn,DEBIT,1908,88660.55,General
C3,09-11-2024,UPI/General Txn,CREDIT,1577.52,98327.15,General
C3,09-11-2024,UPI/General Txn,DEBIT,598.89,25942.08,General
C3,09-11-2024,UPI/General Txn,CREDIT,564.25,98160.17,General
C3,09-11-2024,UPI/General Txn,DEBIT,3511.95,33872.61,General
C3,09-11-2024,UPI/General Txn,CREDIT,3213.23,97824.13,General
C3,09-11-2024,UPI/General Txn,DEBIT,3365.22,34175.42,General
C3,09-11-2024,UPI/General Txn,CREDIT,3081.81,38854.77,General
C3,09-11-2024,UPI/General Txn,DEBIT,3238.9,50838.58,General
C3,09-11-2024,UPI/General Txn,DEBIT,3552.68,24027.98,General
C3,09-11-2024,UPI/General Txn,DEBIT,3120.11,31576.01,General
C3,09-11-2024,UPI/General Txn,DEBIT,3715.78,62356.86,General
C3,10-11-2024,NEFT/TCS SALARY,CREDIT,60000,16015.39,Salary
C3,10-11-2024,UPI/General Txn,DEBIT,1101.49,24568.33,General
C3,10-11-2024,NEFT/INFOSYS SALARY,CREDIT,80000,14292.43,Salary
C3,10-11-2024,UPI/General Txn,DEBIT,1655.94,52566.41,General
C3,10-11-2024,NEFT/TCS SALARY,CREDIT,50000,84846.55,Salary
C3,10-11-2024,UPI/General Txn,DEBIT,1723.22,21375.93,General
C3,10-11-2024,UPI/General Txn,DEBIT,364.96,80343.73,General
C3,10-11-2024,UPI/General Txn,DEBIT,3511.76,61198.26,General
C3,11-11-2024,UPI/General Txn,DEBIT,2655.21,44793.73,General
C3,11-11-2024,UPI/General Txn,CREDIT,129.61,7928.51,General
C3,11-11-2024,UPI/General Txn,DEBIT,1043.08,93889.18,General
C3,11-11-2024,UPI/General Txn,DEBIT,715.25,59670.43,General
C3,11-11-2024,UPI/General Txn,DEBIT,4172.98,24394.7,General
C3,11-11-2024,UPI/General Txn,CREDIT,483.01,31834.83,General
C3,11-11-2024,UPI/General Txn,DEBIT,3636.2,42977.66,General
C3,11-11-2024,UPI/General Txn,CREDIT,3068.67,29249.94,General
C3,11-11-2024,UPI/General Txn,DEBIT,2296.53,27914.22,General
C3,11-11-2024,UPI/General Txn,DEBIT,3928.32,95150.31,General
C3,11-11-2024,UPI/General Txn,CREDIT,1861.95,17608.84,General
C3,12-11-2024,UPI/General Txn,CREDIT,2171.22,76272.12,General
C3,12-11-2024,UPI/General Txn,CREDIT,4116.06,2961.3,General
C3,12-11-2024,UPI/General Txn,DEBIT,1968.95,76126.97,General
C3,12-11-2024,UPI/General Txn,DEBIT,4615.51,55732.36,General
C3,12-11-2024,UPI/General Txn,CREDIT,960.93,46901.47,General
C3,12-11-2024,UPI/General Txn,CREDIT,2322.66,56652.07,General
C3,12-11-2024,UPI/General Txn,CREDIT,2456.14,14528.98,General
C3,12-11-2024,UPI/General Txn,DEBIT,2399.37,91697.06,General
C3,12-11-2024,UPI/General Txn,CREDIT,120.48,49653.92,General
C3,12-11-2024,UPI/General Txn,CREDIT,4635.89,97078.77,General
C3,12-11-2024,UPI/General Txn,CREDIT,1928.41,31473.27,General
C3,13-11-2024,UPI/General Txn,DEBIT,449.05,99254.77,General
C3,13-11-2024,UPI/General Txn,DEBIT,709.94,20228.59,General
C3,13-11-2024,UPI/General Txn,CREDIT,2237.86,77355.77,General
C3,13-11-2024,UPI/General Txn,CREDIT,3782.73,51451.23,General
C3,13-11-2024,UPI/General Txn,CREDIT,2494.25,69949.09,General
C3,13-11-2024,UPI/General Txn,CREDIT,3289.44,73830.76,General
C3,13-11-2024,UPI/General Txn,DEBIT,1287.53,92225.39,General
C3,13-11-2024,UPI/General Txn,DEBIT,1870.93,70049.67,General
C3,13-11-2024,UPI/General Txn,CREDIT,3262.13,60938.13,General
C3,13-11-2024,UPI/General Txn,DEBIT,4726.9,26174.52,General
C3,13-11-2024,UPI/General Txn,DEBIT,3050.53,2221.4,General
C3,13-11-2024,UPI/General Txn,CREDIT,3877.76,40369.03,General
C3,14-11-2024,UPI/General Txn,DEBIT,4873.31,52335.17,General
C3,14-11-2024,UPI/General Txn,CREDIT,1025.23,17416.54,General
C3,14-11-2024,UPI/General Txn,CREDIT,2191.67,50564.04,General
C3,14-11-2024,UPI/General Txn,CREDIT,2712.69,59021.9,General
C3,14-11-2024,UPI/General Txn,DEBIT,3696.27,11818.13,General
C3,14-11-2024,UPI/General Txn,CREDIT,2905.8,81608.57,General
C3,14-11-2024,UPI/General Txn,DEBIT,1418.2,93071.67,General
C3,14-11-2024,UPI/General Txn,CREDIT,2050.05,1635.61,General
C3,14-11-2024,UPI/General Txn,CREDIT,925.15,1156.28,General
C3,14-11-2024,UPI/General Txn,CREDIT,442.22,52971.24,General
C3,14-11-2024,UPI/General Txn,CREDIT,3307.15,17892.79,General
C3,14-11-2024,UPI/General Txn,DEBIT,1935.79,20604.03,General
C3,15-11-2024,UPI/General Txn,DEBIT,2562.81,45615.42,General
C3,15-11-2024,UPI/General Txn,DEBIT,4090.42,20893.14,General
C3,15-11-2024,UPI/General Txn,DEBIT,3774.59,26675.84,General
C3,15-11-2024,UPI/General Txn,CREDIT,4521.14,44632.31,General
C3,15-11-2024,UPI/General Txn,DEBIT,4573.56,86967.84,General
C3,15-11-2024,UPI/General Txn,CREDIT,914.02,9485,General
C3,15-11-2024,UPI/General Txn,DEBIT,710.94,34873.04,General
C3,15-11-2024,UPI/General Txn,CREDIT,2969.67,49034.24,General
C3,15-11-2024,UPI/General Txn,DEBIT,3826.61,7044.59,General
C3,16-11-2024,UPI/General Txn,DEBIT,3360.08,10587.34,General
C3,16-11-2024,UPI/General Txn,DEBIT,2659.44,38190.91,General
C3,16-11-2024,UPI/General Txn,CREDIT,2648.36,93280.71,General
C3,16-11-2024,UPI/General Txn,CREDIT,2418.84,60832.78,General
C3,16-11-2024,UPI/General Txn,CREDIT,1749.1,99945.07,General
C3,16-11-2024,UPI/General Txn,CREDIT,4102.55,66842.75,General
C3,16-11-2024,UPI/General Txn,DEBIT,1954.33,97555.2,General
C3,16-11-2024,UPI/General Txn,DEBIT,4378.08,1305.38,General
C3,17-11-2024,UPI/General Txn,DEBIT,3653.58,3542.36,General
C3,17-11-2024,UPI/General Txn,CREDIT,702.18,95155.13,General
C3,17-11-2024,UPI/General Txn,DEBIT,3782.05,37474.56,General
C3,17-11-2024,UPI/General Txn,CREDIT,3129.92,51976.49,General
C3,17-11-2024,UPI/General Txn,DEBIT,3335.12,98631.96,General
C3,17-11-2024,UPI/General Txn,CREDIT,4791.98,2646.4,General
C3,17-11-2024,UPI/General Txn,DEBIT,1865.01,96990.16,General
C3,17-11-2024,UPI/General Txn,CREDIT,3705.48,24122.31,General
C3,17-11-2024,UPI/General Txn,DEBIT,2474.23,35485.06,General
C3,17-11-2024,UPI/General Txn,CREDIT,4701.52,98700.27,General
C3,17-11-2024,UPI/General Txn,DEBIT,4299.79,73693.5,General
C3,18-11-2024,UPI/General Txn,DEBIT,3075.15,87116.01,General
C3,18-11-2024,UPI/General Txn,DEBIT,4393.55,13658.27,General
C3,18-11-2024,UPI/General Txn,CREDIT,4004.42,83403.06,General
C3,18-11-2024,UPI/General Txn,CREDIT,4981.89,17637.23,General
C3,18-11-2024,UPI/General Txn,DEBIT,2286.8,48734.69,General
C3,18-11-2024,UPI/General Txn,DEBIT,2749.27,21952.44,General
C3,18-11-2024,UPI/General Txn,DEBIT,3790.94,11441.5,General
C3,18-11-2024,UPI/General Txn,DEBIT,4967.47,16863.29,General
C3,18-11-2024,UPI/General Txn,CREDIT,4651.94,76864.57,General
C3,18-11-2024,UPI/General Txn,CREDIT,1179.84,66927.34,General
C3,19-11-2024,UPI/General Txn,CREDIT,3360.83,9953.73,General
C3,19-11-2024,UPI/General Txn,DEBIT,3489.74,93246.22,General
C3,19-11-2024,UPI/General Txn,DEBIT,3855.05,64754.67,General
C3,19-11-2024,UPI/General Txn,CREDIT,1947.35,65738.05,General
C3,19-11-2024,UPI/General Txn,CREDIT,3946.9,81036.3,General
C3,19-11-2024,UPI/General Txn,DEBIT,1195.4,29806.67,General
C3,19-11-2024,UPI/General Txn,CREDIT,645.77,74317.54,General
C3,19-11-2024,UPI/General Txn,DEBIT,4692.33,57711.06,General
C3,20-11-2024,UPI/General Txn,CREDIT,4281.32,58114.77,General
C3,20-11-2024,UPI/General Txn,DEBIT,108.22,59415.92,General
C3,20-11-2024,UPI/General Txn,CREDIT,1030.3,98005.1,General
C3,20-11-2024,UPI/General Txn,CREDIT,1666.25,79954.3,General
C3,20-11-2024,UPI/General Txn,DEBIT,4676.23,52455.39,General
C3,20-11-2024,UPI/General Txn,DEBIT,3047.93,11552.01,General
C3,20-11-2024,UPI/General Txn,CREDIT,145.02,32276.7,General
C3,20-11-2024,UPI/General Txn,CREDIT,4099.13,83884.45,General
C3,20-11-2024,UPI/General Txn,CREDIT,2549.18,15595.11,General
C3,21-11-2024,UPI/General Txn,DEBIT,814.77,60289.15,General
C3,21-11-2024,UPI/General Txn,DEBIT,1613.57,28071.8,General
C3,21-11-2024,UPI/General Txn,CREDIT,4253.58,63476.63,General
C3,21-11-2024,UPI/General Txn,CREDIT,1156.95,70709.91,General
C3,21-11-2024,UPI/General Txn,CREDIT,1945.87,16117.52,General
C3,21-11-2024,UPI/General Txn,DEBIT,3612.15,70340.33,General
C3,21-11-2024,UPI/General Txn,DEBIT,357.57,85821.1,General
C3,21-11-2024,UPI/General Txn,CREDIT,3664.24,98454.56,General
C3,21-11-2024,UPI/General Txn,DEBIT,3330.33,99115.26,General
C3,21-11-2024,UPI/General Txn,CREDIT,2784.92,42821.31,General
C3,22-11-2024,UPI/General Txn,CREDIT,4952.54,39715.25,General
C3,22-11-2024,UPI/General Txn,CREDIT,2686.44,28954.04,General
C3,22-11-2024,UPI/General Txn,CREDIT,4623.01,10634.64,General
C3,22-11-2024,UPI/General Txn,DEBIT,1684.75,85131.16,General
C3,22-11-2024,UPI/General Txn,CREDIT,3576.98,65808.76,General
C3,22-11-2024,UPI/General Txn,CREDIT,2928.07,69899.6,General
C3,22-11-2024,UPI/General Txn,DEBIT,1526.3,21766.87,General
C3,22-11-2024,UPI/General Txn,DEBIT,4041.36,73796.57,General
C3,22-11-2024,UPI/General Txn,DEBIT,144.75,68153.46,General
C3,22-11-2024,UPI/General Txn,DEBIT,4943.57,38279.02,General
C3,22-11-2024,UPI/General Txn,DEBIT,4915.23,92672.55,General
C3,23-11-2024,UPI/General Txn,CREDIT,1842.36,18783.66,General
C3,23-11-2024,UPI/General Txn,CREDIT,357.11,59745.85,General
C3,23-11-2024,UPI/General Txn,CREDIT,4851.66,25255.1,General
C3,23-11-2024,UPI/General Txn,CREDIT,682.13,49373.96,General
C3,23-11-2024,UPI/General Txn,DEBIT,3471.12,65626.9,General
C3,23-11-2024,UPI/General Txn,DEBIT,1939.32,77995.35,General
C3,23-11-2024,UPI/General Txn,CREDIT,4337.99,28246.39,General
C3,23-11-2024,UPI/General Txn,CREDIT,3300.66,2148.64,General
C3,24-11-2024,UPI/General Txn,CREDIT,504.92,64499.52,General
C3,24-11-2024,UPI/General Txn,DEBIT,4551.54,3279.65,General
C3,24-11-2024,UPI/General Txn,CREDIT,2907.61,28098.76,General
C3,24-11-2024,UPI/General Txn,DEBIT,3752.26,39012.03,General
C3,24-11-2024,UPI/General Txn,CREDIT,4999.78,30537.97,General
C3,24-11-2024,UPI/General Txn,CREDIT,713.66,7286.33,General
C3,24-11-2024,UPI/General Txn,DEBIT,4553.51,41127.72,General
C3,24-11-2024,UPI/General Txn,CREDIT,3533.64,56049.96,General
C3,25-11-2024,UPI/General Txn,CREDIT,3939.03,7329.23,General
C3,25-11-2024,UPI/General Txn,DEBIT,4202.01,75597.31,General
C3,25-11-2024,UPI/General Txn,DEBIT,1116.57,18885.75,General
C3,25-11-2024,UPI/General Txn,DEBIT,3035.6,1527.08,General
C3,25-11-2024,UPI/General Txn,CREDIT,2291.44,13181.49,General
C3,25-11-2024,UPI/General Txn,DEBIT,731.2,65611.41,General
C3,25-11-2024,UPI/General Txn,CREDIT,530.32,85293.56,General
C3,25-11-2024,UPI/General Txn,DEBIT,271.53,51108.68,General
C3,25-11-2024,UPI/General Txn,DEBIT,1881.44,42882.08,General
C3,25-11-2024,UPI/General Txn,DEBIT,4731.62,25585.37,General
C3,25-11-2024,UPI/General Txn,CREDIT,326.21,66256.6,General
C3,25-11-2024,UPI/General Txn,CREDIT,2280.11,69815.05,General
C3,26-11-2024,UPI/General Txn,CREDIT,4562.84,61011.04,General
C3,26-11-2024,UPI/General Txn,DEBIT,2601.89,66599.08,General
C3,26-11-2024,UPI/General Txn,DEBIT,319.2,19619.29,General
C3,26-11-2024,UPI/General Txn,DEBIT,1568.58,95784.87,General
C3,26-11-2024,UPI/General Txn,DEBIT,3050.51,59586.53,General
C3,26-11-2024,UPI/General Txn,CREDIT,1459.24,8361.61,General
C3,26-11-2024,UPI/General Txn,CREDIT,1349.34,65327.13,General
C3,26-11-2024,UPI/General Txn,CREDIT,900.26,9242.15,General
C3,26-11-2024,UPI/General Txn,CREDIT,1345.48,94079.73,General
C3,26-11-2024,UPI/General Txn,DEBIT,801.9,7985.25,General
C3,26-11-2024,UPI/General Txn,DEBIT,3690.11,71730.05,General
C3,26-11-2024,UPI/General Txn,DEBIT,2861.85,42548.96,General
C3,27-11-2024,UPI/General Txn,CREDIT,1650.17,38515.25,General
C3,27-11-2024,UPI/General Txn,DEBIT,4823.69,8674.94,General
C3,27-11-2024,UPI/General Txn,DEBIT,710.64,68713.95,General
C3,27-11-2024,UPI/General Txn,CREDIT,2093.23,64377.57,General
C3,27-11-2024,UPI/General Txn,CREDIT,1877.82,78029.02,General
C3,27-11-2024,UPI/General Txn,DEBIT,817.02,28091.03,General
C3,27-11-2024,UPI/General Txn,DEBIT,579.94,38484.6,General
C3,27-11-2024,UPI/General Txn,DEBIT,614.51,18397.41,General
C3,27-11-2024,UPI/General Txn,CREDIT,3668.8,59293.88,General
C3,28-11-2024,UPI/General Txn,CREDIT,568.15,70345.1,General
C3,28-11-2024,UPI/General Txn,CREDIT,4340.45,61139.23,General
C3,28-11-2024,UPI/General Txn,DEBIT,4493.19,32481.64,General
C3,28-11-2024,UPI/General Txn,DEBIT,3784.18,35172.12,General
C3,28-11-2024,UPI/General Txn,CREDIT,3732.36,48209.33,General
C3,28-11-2024,UPI/General Txn,DEBIT,725.1,68979.18,General
C3,28-11-2024,UPI/General Txn,DEBIT,3594.79,15124.34,General
C3,28-11-2024,UPI/General Txn,CREDIT,2881.05,6233.6,General
C3,28-11-2024,UPI/General Txn,CREDIT,3654.55,71042.74,General
C3,28-11-2024,UPI/General Txn,CREDIT,1320.65,70971.89,General
C3,28-11-2024,UPI/General Txn,CREDIT,997.21,80048.42,General
C3,29-11-2024,UPI/General Txn,CREDIT,1505.42,52538.87,General
C3,29-11-2024,UPI/General Txn,DEBIT,3620.49,31213.56,General
C3,29-11-2024,UPI/General Txn,CREDIT,4303.82,41244.96,General
C3,29-11-2024,UPI/General Txn,DEBIT,1632.41,63832.99,General
C3,29-11-2024,UPI/General Txn,DEBIT,475.8,94541.83,General
C3,29-11-2024,UPI/General Txn,DEBIT,909.05,9373.93,General
C3,29-11-2024,UPI/General Txn,CREDIT,1500.67,81026.34,General
C3,29-11-2024,UPI/General Txn,CREDIT,152.4,68026.27,General
C3,29-11-2024,UPI/General Txn,DEBIT,4668.96,48485.94,General
C3,29-11-2024,UPI/General Txn,DEBIT,2623.56,41141.67,General
C3,29-11-2024,UPI/General Txn,DEBIT,3119.8,71701.85,General
C3,29-11-2024,UPI/General Txn,CREDIT,3542.7,25178.4,General
C3,30-11-2024,UPI/General Txn,DEBIT,3451.98,61129.98,General
C3,30-11-2024,UPI/General Txn,DEBIT,4826.77,18306.61,General
C3,30-11-2024,UPI/General Txn,DEBIT,1898.55,51854.76,General
C3,30-11-2024,UPI/General Txn,CREDIT,4767.17,50055.28,General
C3,30-11-2024,UPI/General Txn,DEBIT,935.37,34457.9,General
C3,30-11-2024,UPI/General Txn,DEBIT,3427.41,29716.41,General
C3,30-11-2024,UPI/General Txn,CREDIT,2467.31,22093.53,General
C3,30-11-2024,UPI/General Txn,CREDIT,3716.33,22528.86,General
C3,30-11-2024,UPI/General Txn,DEBIT,1593.62,93606.02,General
C3,30-11-2024,UPI/General Txn,CREDIT,4473.22,6692.18,General
C3,30-11-2024,UPI/General Txn,CREDIT,128.87,33526.63,General
C3,30-11-2024,UPI/General Txn,DEBIT,1834.07,35622.45,General
C4,01-09-2024,UPI/General Txn,DEBIT,2070.13,11032.44,General
C4,01-09-2024,UPI/General Txn,DEBIT,2511.03,53380.56,General
C4,01-09-2024,UPI/General Txn,CREDIT,4502.7,13260.42,General
C4,01-09-2024,UPI/General Txn,DEBIT,2488.32,77175.31,General
C4,01-09-2024,UPI/General Txn,CREDIT,1325.66,40140.52,General
C4,01-09-2024,UPI/General Txn,CREDIT,1566.5,89327.15,General
C4,01-09-2024,UPI/General Txn,CREDIT,2728.49,11760.8,General
C4,01-09-2024,UPI/General Txn,CREDIT,2249,17021.6,General
C4,01-09-2024,UPI/General Txn,CREDIT,1833.32,1575.21,General
C4,02-09-2024,UPI/General Txn,CREDIT,642.26,4985.37,General
C4,02-09-2024,UPI/General Txn,CREDIT,2033.28,90198.78,General
C4,02-09-2024,UPI/General Txn,DEBIT,885.53,94889.21,General
C4,02-09-2024,UPI/General Txn,CREDIT,4802.52,12760.44,General
C4,02-09-2024,UPI/General Txn,CREDIT,2496.43,80182.19,General
C4,02-09-2024,UPI/General Txn,CREDIT,3600.17,75357.9,General
C4,02-09-2024,UPI/General Txn,CREDIT,3923.65,50684,General
C4,02-09-2024,UPI/General Txn,CREDIT,4625.45,14010.35,General
C4,02-09-2024,UPI/General Txn,DEBIT,4792.63,13486.23,General
C4,03-09-2024,UPI/General Txn,DEBIT,2550,6151.94,General
C4,03-09-2024,UPI/General Txn,CREDIT,4166.2,97667.41,General
C4,03-09-2024,UPI/General Txn,CREDIT,3713.41,48539.11,General
C4,03-09-2024,UPI/General Txn,DEBIT,1482.89,76329.09,General
C4,03-09-2024,UPI/General Txn,DEBIT,1313.96,73195.61,General
C4,03-09-2024,UPI/General Txn,CREDIT,1015.62,76906.03,General
C4,03-09-2024,UPI/General Txn,DEBIT,4334.42,66966.71,General
C4,03-09-2024,UPI/General Txn,CREDIT,2202.88,70939.63,General
C4,03-09-2024,UPI/General Txn,DEBIT,4068.77,19678.23,General
C4,03-09-2024,UPI/General Txn,DEBIT,4288.87,23709.04,General
C4,04-09-2024,UPI/General Txn,CREDIT,2066.29,99049.48,General
C4,04-09-2024,UPI/General Txn,CREDIT,4652.58,2748.47,General
C4,04-09-2024,UPI/General Txn,DEBIT,1078.25,38654.91,General
C4,04-09-2024,UPI/General Txn,DEBIT,2672.36,22955.75,General
C4,04-09-2024,UPI/General Txn,DEBIT,2187.77,51476.51,General
C4,04-09-2024,UPI/General Txn,CREDIT,3254.98,11895.44,General
C4,04-09-2024,UPI/General Txn,CREDIT,1881.52,71446.97,General
C4,04-09-2024,UPI/General Txn,DEBIT,1310.15,18993.41,General
C4,04-09-2024,UPI/General Txn,CREDIT,102.63,21985.78,General
C4,05-09-2024,UPI/General Txn,DEBIT,1472.78,43659.85,General
C4,05-09-2024,UPI/General Txn,CREDIT,1336.09,36994.54,General
C4,05-09-2024,UPI/General Txn,DEBIT,1591.35,67225.81,General
C4,05-09-2024,UPI/General Txn,DEBIT,3446.51,33789.96,General
C4,05-09-2024,UPI/General Txn,CREDIT,3732.33,74550.27,General
C4,05-09-2024,UPI/General Txn,CREDIT,2985.66,24586.97,General
C4,05-09-2024,UPI/General Txn,CREDIT,1452.14,9635.89,General
C4,05-09-2024,UPI/General Txn,DEBIT,621.19,5062.85,General
C4,05-09-2024,UPI/General Txn,DEBIT,4844.82,20099.82,General
C4,05-09-2024,UPI/General Txn,DEBIT,2284.27,8413.08,General
C4,05-09-2024,UPI/General Txn,CREDIT,2778.24,30846.17,General
C4,06-09-2024,UPI/General Txn,DEBIT,4949.26,53822.2,General
C4,06-09-2024,UPI/General Txn,DEBIT,852.99,19978.97,General
C4,06-09-2024,UPI/General Txn,CREDIT,2797.43,89267.08,General
C4,06-09-2024,UPI/General Txn,CREDIT,3820.84,89596.39,General
C4,06-09-2024,UPI/General Txn,DEBIT,2297.56,91174.07,General
C4,06-09-2024,UPI/General Txn,CREDIT,431.77,52852.51,General
C4,06-09-2024,UPI/General Txn,DEBIT,4766.98,17526.58,General
C4,06-09-2024,UPI/General Txn,DEBIT,1443.33,29675.98,General
C4,06-09-2024,UPI/General Txn,DEBIT,4783.43,79644.65,General
C4,06-09-2024,UPI/General Txn,CREDIT,3499.64,50007.56,General
C4,06-09-2024,UPI/General Txn,DEBIT,2709.1,17386.3,General
C4,07-09-2024,UPI/General Txn,CREDIT,1982.34,40684.05,General
C4,07-09-2024,UPI/General Txn,DEBIT,1430.32,1356.45,General
C4,07-09-2024,UPI/General Txn,DEBIT,2902.3,88036.35,General
C4,07-09-2024,UPI/General Txn,CREDIT,3974.17,50877.96,General
C4,07-09-2024,UPI/General Txn,CREDIT,3630.84,31037.61,General
C4,07-09-2024,UPI/General Txn,CREDIT,1179.65,55662.94,General
C4,07-09-2024,UPI/General Txn,DEBIT,938.43,53823.01,General
C4,07-09-2024,UPI/General Txn,DEBIT,1530.03,94262.55,General
C4,07-09-2024,UPI/General Txn,DEBIT,1461.01,27773.05,General
C4,07-09-2024,UPI/General Txn,DEBIT,3974.04,98964.09,General
C4,07-09-2024,UPI/General Txn,DEBIT,1128.86,1138.6,General
C4,07-09-2024,UPI/General Txn,CREDIT,1802.56,33131.63,General
C4,08-09-2024,UPI/General Txn,DEBIT,1393.79,41425.95,General
C4,08-09-2024,UPI/General Txn,CREDIT,3096.26,98540.87,General
C4,08-09-2024,UPI/General Txn,DEBIT,3167.18,82569.25,General
C4,08-09-2024,UPI/General Txn,CREDIT,1174.47,18496.79,General
C4,08-09-2024,UPI/General Txn,DEBIT,4860.86,72537.62,General
C4,08-09-2024,UPI/General Txn,CREDIT,3471.77,87132.55,General
C4,08-09-2024,UPI/General Txn,DEBIT,3208.1,81867.86,General
C4,08-09-2024,UPI/General Txn,CREDIT,1181.13,21187.94,General
C4,08-09-2024,UPI/General Txn,CREDIT,3186.02,16408.51,General
C4,08-09-2024,UPI/General Txn,CREDIT,1235.44,37495.36,General
C4,08-09-2024,UPI/General Txn,DEBIT,4520.62,50100.16,General
C4,08-09-2024,UPI/General Txn,DEBIT,2351.01,19697.13,General
C4,09-09-2024,UPI/General Txn,DEBIT,4722.44,65108.86,General
C4,09-09-2024,UPI/General Txn,DEBIT,203.13,88640.05,General
C4,09-09-2024,UPI/General Txn,DEBIT,4105.75,7875.96,General
C4,09-09-2024,UPI/General Txn,DEBIT,453.04,46047.39,General
C4,09-09-2024,UPI/General Txn,CREDIT,3261.08,10923.15,General
C4,09-09-2024,UPI/General Txn,DEBIT,2681.21,60726.06,General
C4,09-09-2024,UPI/General Txn,DEBIT,1951.59,11893.52,General
C4,09-09-2024,UPI/General Txn,DEBIT,166.41,14085.73,General
C4,09-09-2024,UPI/General Txn,CREDIT,3873.58,15120.92,General
C4,09-09-2024,UPI/General Txn,DEBIT,3174.18,79447.64,General
C4,09-09-2024,UPI/General Txn,DEBIT,146.04,54694.65,General
C4,10-09-2024,UPI/General Txn,DEBIT,4278.33,21029.84,General
C4,10-09-2024,UPI/General Txn,CREDIT,2454.08,81731.03,General
C4,10-09-2024,UPI/General Txn,CREDIT,1606.19,16296.82,General
C4,10-09-2024,UPI/General Txn,CREDIT,373.79,63121.1,General
C4,10-09-2024,UPI/General Txn,DEBIT,703.07,11178.72,General
C4,10-09-2024,UPI/General Txn,CREDIT,1554.02,15041.67,General
C4,10-09-2024,UPI/General Txn,DEBIT,4569.62,23440.84,General
C4,10-09-2024,UPI/General Txn,CREDIT,1988.38,65881.1,General
C4,10-09-2024,UPI/General Txn,CREDIT,1206.83,68989.86,General
C4,10-09-2024,UPI/General Txn,DEBIT,3602.77,49690.24,General
C4,11-09-2024,UPI/General Txn,CREDIT,1200.16,36373.48,General
C4,11-09-2024,UPI/General Txn,DEBIT,3116.91,36688.86,General
C4,11-09-2024,UPI/General Txn,DEBIT,4631.04,89663.06,General
C4,11-09-2024,UPI/General Txn,DEBIT,3062.08,43434.21,General
C4,11-09-2024,UPI/General Txn,DEBIT,1740.74,68263.9,General
C4,11-09-2024,UPI/General Txn,CREDIT,836.08,62851.07,General
C4,11-09-2024,UPI/General Txn,DEBIT,1506.33,27838.23,General
C4,11-09-2024,UPI/General Txn,CREDIT,2546.33,93355.3,General
C4,12-09-2024,UPI/General Txn,DEBIT,3965.4,78000.62,General
C4,12-09-2024,UPI/General Txn,DEBIT,818.29,39669.36,General
C4,12-09-2024,UPI/General Txn,CREDIT,3634.58,81650.33,General
C4,12-09-2024,UPI/General Txn,CREDIT,654.5,95998.95,General
C4,12-09-2024,UPI/General Txn,DEBIT,1464.53,32982.29,General
C4,12-09-2024,UPI/General Txn,CREDIT,724.93,35908.27,General
C4,12-09-2024,UPI/General Txn,CREDIT,2521.61,69648.66,General
C4,12-09-2024,UPI/General Txn,CREDIT,2128.33,14683.91,General
C4,13-09-2024,UPI/General Txn,CREDIT,1977.61,54335.98,General
C4,13-09-2024,UPI/General Txn,DEBIT,2513.75,39078.1,General
C4,13-09-2024,UPI/General Txn,CREDIT,2946.72,53167.65,General
C4,13-09-2024,UPI/General Txn,DEBIT,3905.3,70606.24,General
C4,13-09-2024,UPI/General Txn,DEBIT,1252.45,21124.69,General
C4,13-09-2024,UPI/General Txn,CREDIT,4267.92,56279.07,General
C4,13-09-2024,UPI/General Txn,DEBIT,4792.32,6898.16,General
C4,13-09-2024,UPI/General Txn,DEBIT,1811.8,30175.03,General
C4,13-09-2024,UPI/General Txn,CREDIT,806.29,25007.24,General
C4,14-09-2024,UPI/General Txn,DEBIT,373.74,12606.35,General
C4,14-09-2024,UPI/General Txn,DEBIT,3509.33,38368.62,General
C4,14-09-2024,UPI/General Txn,CREDIT,229.1,37796.74,General
C4,14-09-2024,UPI/General Txn,DEBIT,3536.87,48205.83,General
C4,14-09-2024,UPI/General Txn,DEBIT,3010.24,3988.39,General
C4,14-09-2024,UPI/General Txn,DEBIT,1889.7,25259.53,General
C4,14-09-2024,UPI/General Txn,CREDIT,161.14,15822.01,General
C4,14-09-2024,UPI/General Txn,DEBIT,993.88,75062.61,General
C4,14-09-2024,UPI/General Txn,CREDIT,3522.96,47548.27,General
C4,15-09-2024,UPI/General Txn,DEBIT,2275.47,29390.14,General
C4,15-09-2024,UPI/General Txn,DEBIT,863.85,60813.19,General
C4,15-09-2024,UPI/General Txn,DEBIT,950.54,2075.89,General
C4,15-09-2024,UPI/General Txn,CREDIT,4180.13,55861.44,General
C4,15-09-2024,UPI/General Txn,CREDIT,4164.64,71225.93,General
C4,15-09-2024,UPI/General Txn,DEBIT,2175.98,27910.93,General
C4,15-09-2024,UPI/General Txn,CREDIT,550.49,97814.7,General
C4,15-09-2024,UPI/General Txn,DEBIT,713.15,40639.84,General
C4,15-09-2024,UPI/General Txn,CREDIT,374.38,19185.68,General
C4,15-09-2024,UPI/General Txn,DEBIT,3755.38,81839.32,General
C4,16-09-2024,UPI/General Txn,CREDIT,2439.34,82898.11,General
C4,16-09-2024,UPI/General Txn,CREDIT,907.64,65018.07,General
C4,16-09-2024,UPI/General Txn,DEBIT,1054.18,11335.61,General
C4,16-09-2024,UPI/General Txn,CREDIT,1877.24,3776.84,General
C4,16-09-2024,UPI/General Txn,DEBIT,1482.81,7466.6,General
C4,16-09-2024,UPI/General Txn,CREDIT,3025.84,19586.64,General
C4,16-09-2024,UPI/General Txn,DEBIT,1088.46,24793.18,General
C4,16-09-2024,UPI/General Txn,DEBIT,516.69,56810.19,General
C4,16-09-2024,UPI/General Txn,DEBIT,3972.11,5756.84,General
C4,16-09-2024,UPI/General Txn,CREDIT,556.73,1839.39,General
C4,16-09-2024,UPI/General Txn,CREDIT,1847.58,95915.16,General
C4,17-09-2024,UPI/General Txn,CREDIT,1054.93,72843.12,General
C4,17-09-2024,UPI/General Txn,DEBIT,4871.87,33800.5,General
C4,17-09-2024,UPI/General Txn,DEBIT,4492.9,50715.53,General
C4,17-09-2024,UPI/General Txn,DEBIT,3897.79,59130.38,General
C4,17-09-2024,UPI/General Txn,DEBIT,1972.35,29721.82,General
C4,17-09-2024,UPI/General Txn,CREDIT,842.54,8796.53,General
C4,17-09-2024,UPI/General Txn,DEBIT,3167.17,88555.8,General
C4,17-09-2024,UPI/General Txn,DEBIT,4056.63,77113.75,General
C4,17-09-2024,UPI/General Txn,CREDIT,889.13,45300.54,General
C4,17-09-2024,UPI/General Txn,CREDIT,742.87,36671.32,General
C4,17-09-2024,UPI/General Txn,CREDIT,4294.17,4961.28,General
C4,17-09-2024,UPI/General Txn,CREDIT,3592.54,24671.95,General
C4,18-09-2024,UPI/General Txn,DEBIT,3073.7,57123.19,General
C4,18-09-2024,UPI/General Txn,DEBIT,4972.58,80667.92,General
C4,18-09-2024,UPI/General Txn,CREDIT,798.85,55166.47,General
C4,18-09-2024,UPI/General Txn,DEBIT,4847.84,50392.31,General
C4,18-09-2024,UPI/General Txn,DEBIT,2328.56,93471.54,General
C4,18-09-2024,UPI/General Txn,CREDIT,891.22,58074.65,General
C4,18-09-2024,UPI/General Txn,DEBIT,1831.51,18739.44,General
C4,18-09-2024,UPI/General Txn,CREDIT,3882.51,98628.19,General
C4,18-09-2024,UPI/General Txn,CREDIT,4894.57,65378.92,General
C4,18-09-2024,UPI/General Txn,DEBIT,788.19,97196.38,General
C4,18-09-2024,UPI/General Txn,CREDIT,2492.47,86041.32,General
C4,18-09-2024,UPI/General Txn,DEBIT,2064.6,44641.94,General
C4,19-09-2024,UPI/General Txn,CREDIT,4239.69,37994.63,General
C4,19-09-2024,UPI/General Txn,CREDIT,3442.78,27019.92,General
C4,19-09-2024,UPI/General Txn,DEBIT,4390.13,62440.76,General
C4,19-09-2024,UPI/General Txn,DEBIT,3254.95,70274.78,General
C4,19-09-2024,UPI/General Txn,DEBIT,2847.92,85452.92,General
C4,19-09-2024,UPI/General Txn,DEBIT,1524.24,57443.24,General
C4,19-09-2024,UPI/General Txn,DEBIT,4283.76,39434.08,General
C4,19-09-2024,UPI/General Txn,DEBIT,2365.17,35544.86,General
C4,19-09-2024,UPI/General Txn,CREDIT,2395.59,11802.79,General
C4,19-09-2024,UPI/General Txn,DEBIT,983.34,91828.57,General
C4,19-09-2024,UPI/General Txn,CREDIT,4620.2,20747.63,General
C4,19-09-2024,UPI/General Txn,CREDIT,1710.73,34899.93,General
C4,20-09-2024,UPI/General Txn,CREDIT,2482.85,12318.32,General
C4,20-09-2024,UPI/General Txn,DEBIT,2327.44,94904.83,General
C4,20-09-2024,UPI/General Txn,DEBIT,813.02,32698.48,General
C4,20-09-2024,UPI/General Txn,CREDIT,253.48,7177.63,General
C4,20-09-2024,UPI/General Txn,CREDIT,4061.81,97877.52,General
C4,20-09-2024,UPI/General Txn,DEBIT,1145.76,86934.04,General
C4,20-09-2024,UPI/General Txn,CREDIT,4767.96,27714.96,General
C4,20-09-2024,UPI/General Txn,DEBIT,3214.87,15032.05,General
C4,20-09-2024,UPI/General Txn,DEBIT,1442.14,30535.34,General
C4,20-09-2024,UPI/General Txn,CREDIT,3589.81,52953.02,General
C4,20-09-2024,UPI/General Txn,CREDIT,3381.26,19223.75,General
C4,20-09-2024,UPI/General Txn,CREDIT,363.34,34859.9,General
C4,21-09-2024,UPI/General Txn,CREDIT,906.21,94252.22,General
C4,21-09-2024,UPI/General Txn,DEBIT,2459.96,96593.39,General
C4,21-09-2024,UPI/General Txn,CREDIT,2240.24,82478.55,General
C4,21-09-2024,UPI/General Txn,DEBIT,2848.45,8703.06,General
C4,21-09-2024,UPI/General Txn,DEBIT,3373.02,33049.52,General
C4,21-09-2024,UPI/General Txn,CREDIT,4933.2,2404.49,General
C4,21-09-2024,UPI/General Txn,DEBIT,4492.86,50445.12,General
C4,21-09-2024,UPI/General Txn,CREDIT,1650.4,27017.47,General
C4,21-09-2024,UPI/General Txn,CREDIT,3639.2,94389.05,General
C4,21-09-2024,UPI/General Txn,CREDIT,4300.61,64252.72,General
C4,22-09-2024,UPI/General Txn,DEBIT,577.49,74825.05,General
C4,22-09-2024,UPI/General Txn,DEBIT,1019.52,60493.39,General
C4,22-09-2024,UPI/General Txn,DEBIT,1159.07,95285.31,General
C4,22-09-2024,UPI/General Txn,DEBIT,4861.55,37655.39,General
C4,22-09-2024,UPI/General Txn,CREDIT,1882.59,89768.84,General
C4,22-09-2024,UPI/General Txn,DEBIT,2560.22,70232.4,General
C4,22-09-2024,UPI/General Txn,CREDIT,3279.67,41991.32,General
C4,22-09-2024,UPI/General Txn,CREDIT,1823.47,52793.81,General
C4,22-09-2024,UPI/General Txn,DEBIT,3848.9,92708.54,General
C4,22-09-2024,UPI/General Txn,CREDIT,2348.24,18512.62,General
C4,22-09-2024,UPI/General Txn,CREDIT,3014.97,38774.77,General
C4,22-09-2024,UPI/General Txn,CREDIT,4240.95,63776.62,General
C4,23-09-2024,UPI/General Txn,DEBIT,4695.72,99540.96,General
C4,23-09-2024,UPI/General Txn,DEBIT,4049.1,9874.16,General
C4,23-09-2024,UPI/General Txn,CREDIT,180.49,11263.85,General
C4,23-09-2024,UPI/General Txn,DEBIT,3774.72,63718.99,General
C4,23-09-2024,UPI/General Txn,DEBIT,2566.47,67103.3,General
C4,23-09-2024,UPI/General Txn,DEBIT,4273.36,23065.06,General
C4,23-09-2024,UPI/General Txn,CREDIT,2327.69,12335.61,General
C4,23-09-2024,UPI/General Txn,DEBIT,4296.08,35710.75,General
C4,23-09-2024,UPI/General Txn,CREDIT,3989.38,41880.54,General
C4,23-09-2024,UPI/General Txn,CREDIT,4120.05,1752.91,General
C4,23-09-2024,UPI/General Txn,DEBIT,1935.75,51248.52,General
C4,23-09-2024,UPI/General Txn,CREDIT,1411.28,31432.27,General
C4,24-09-2024,UPI/General Txn,DEBIT,3399.17,90118.54,General
C4,24-09-2024,UPI/General Txn,DEBIT,2131.33,3598.43,General
C4,24-09-2024,UPI/General Txn,CREDIT,3973.5,34173.9,General
C4,24-09-2024,UPI/General Txn,CREDIT,4799.89,24941.28,General
C4,24-09-2024,UPI/General Txn,DEBIT,4870.1,62010.52,General
C4,24-09-2024,UPI/General Txn,DEBIT,2027.26,80331.83,General
C4,24-09-2024,UPI/General Txn,DEBIT,2931.48,93999.78,General
C4,24-09-2024,UPI/General Txn,DEBIT,2013.02,40908.78,General
C4,24-09-2024,UPI/General Txn,DEBIT,1658.81,44302.76,General
C4,24-09-2024,UPI/General Txn,DEBIT,587.93,50921.45,General
C4,24-09-2024,UPI/General Txn,CREDIT,3194.06,84460.04,General
C4,25-09-2024,UPI/General Txn,DEBIT,4202.96,94921.33,General
C4,25-09-2024,UPI/General Txn,DEBIT,1098.44,3538.38,General
C4,25-09-2024,UPI/General Txn,DEBIT,156.54,3754.02,General
C4,25-09-2024,UPI/General Txn,DEBIT,3567.12,57607.59,General
C4,25-09-2024,UPI/General Txn,DEBIT,223.92,98358,General
C4,25-09-2024,UPI/General Txn,CREDIT,3208.87,19468.96,General
C4,25-09-2024,UPI/General Txn,DEBIT,3297.36,30395.33,General
C4,25-09-2024,UPI/General Txn,DEBIT,2723.54,72904.95,General
C4,25-09-2024,UPI/General Txn,CREDIT,4054.78,77268.77,General
C4,25-09-2024,UPI/General Txn,CREDIT,3330.36,9213.37,General
C4,26-09-2024,UPI/General Txn,DEBIT,3174.45,11982.22,General
C4,26-09-2024,UPI/General Txn,DEBIT,4643.28,11600.59,General
C4,26-09-2024,UPI/General Txn,DEBIT,1484.07,10184.94,General
C4,26-09-2024,UPI/General Txn,CREDIT,2521.8,91359.19,General
C4,26-09-2024,UPI/General Txn,DEBIT,1119.07,49612.66,General
C4,26-09-2024,UPI/General Txn,DEBIT,207.59,49165.21,General
C4,26-09-2024,UPI/General Txn,DEBIT,3165.85,69046.3,General
C4,26-09-2024,UPI/General Txn,CREDIT,1938.75,63721.63,General
C4,26-09-2024,UPI/General Txn,DEBIT,2309.3,18800.84,General
C4,27-09-2024,UPI/General Txn,DEBIT,4527.83,12603.51,General
C4,27-09-2024,UPI/General Txn,CREDIT,1779.77,48907.19,General
C4,27-09-2024,UPI/General Txn,DEBIT,3108.62,16680.44,General
C4,27-09-2024,UPI/General Txn,DEBIT,3734.31,20091.68,General
C4,27-09-2024,UPI/General Txn,DEBIT,244.82,52281.5,General
C4,27-09-2024,UPI/General Txn,DEBIT,3828.71,86820.55,General
C4,27-09-2024,UPI/General Txn,DEBIT,662.46,3920.26,General
C4,27-09-2024,UPI/General Txn,DEBIT,778.97,73046.65,General
C4,28-09-2024,UPI/General Txn,CREDIT,1411.19,20724.52,General
C4,28-09-2024,UPI/General Txn,CREDIT,550.65,47237.33,General
C4,28-09-2024,UPI/General Txn,CREDIT,4064.16,51753,General
C4,28-09-2024,UPI/General Txn,DEBIT,2059.72,25759.22,General
C4,28-09-2024,UPI/General Txn,CREDIT,1069.59,96225.26,General
C4,28-09-2024,UPI/General Txn,CREDIT,604.18,17399.66,General
C4,28-09-2024,UPI/General Txn,CREDIT,1108.58,43913.7,General
C4,28-09-2024,UPI/General Txn,CREDIT,2286.17,81773.33,General
C4,28-09-2024,UPI/General Txn,CREDIT,3152.26,43501.98,General
C4,29-09-2024,UPI/General Txn,DEBIT,1829.29,45490.94,General
C4,29-09-2024,UPI/General Txn,CREDIT,4458.3,59100.06,General
C4,29-09-2024,UPI/General Txn,CREDIT,1538.02,40432.36,General
C4,29-09-2024,UPI/General Txn,CREDIT,661.78,43509.29,General
C4,29-09-2024,UPI/General Txn,DEBIT,1010.98,8191.39,General
C4,29-09-2024,UPI/General Txn,CREDIT,3319.08,15358.93,General
C4,29-09-2024,UPI/General Txn,DEBIT,1640.82,32540.32,General
C4,29-09-2024,UPI/General Txn,CREDIT,153.42,22163.47,General
C4,29-09-2024,UPI/General Txn,CREDIT,2880.6,89975.65,General
C4,29-09-2024,UPI/General Txn,CREDIT,2852.04,29077.81,General
C4,29-09-2024,UPI/General Txn,DEBIT,1139.66,11189.1,General
C4,29-09-2024,UPI/General Txn,DEBIT,1462.44,57820.89,General
C4,30-09-2024,UPI/General Txn,CREDIT,3442.45,32460.55,General
C4,30-09-2024,UPI/General Txn,DEBIT,1668.59,5916.31,General
C4,30-09-2024,UPI/General Txn,DEBIT,2520.28,99035.71,General
C4,30-09-2024,UPI/General Txn,DEBIT,2164.06,45825.73,General
C4,30-09-2024,UPI/General Txn,CREDIT,3047.01,24405.77,General
C4,30-09-2024,UPI/General Txn,DEBIT,204.22,64722.99,General
C4,30-09-2024,UPI/General Txn,DEBIT,4294.91,91252.67,General
C4,30-09-2024,UPI/General Txn,CREDIT,1493.39,4663.81,General
C4,30-09-2024,UPI/General Txn,DEBIT,2713.99,34401.6,General
C4,30-09-2024,UPI/General Txn,CREDIT,179.73,10416.86,General
C4,30-09-2024,UPI/General Txn,CREDIT,4032.32,28192.68,General
C4,01-10-2024,UPI/General Txn,CREDIT,2061.69,49888.04,General
C4,01-10-2024,UPI/General Txn,CREDIT,330.66,69949.24,General
C4,01-10-2024,UPI/General Txn,DEBIT,2327.45,84464.49,General
C4,01-10-2024,UPI/General Txn,DEBIT,4694.75,3899.53,General
C4,01-10-2024,UPI/General Txn,DEBIT,334.39,14734.71,General
C4,01-10-2024,UPI/General Txn,CREDIT,4968.35,23407.78,General
C4,01-10-2024,UPI/General Txn,CREDIT,531.28,81798.61,General
C4,01-10-2024,UPI/General Txn,DEBIT,2734.04,93476.93,General
C4,01-10-2024,UPI/General Txn,CREDIT,4353.27,88448.62,General
C4,01-10-2024,UPI/General Txn,DEBIT,311.07,94767.34,General
C4,02-10-2024,UPI/General Txn,CREDIT,1392.26,27721.29,General
C4,02-10-2024,UPI/General Txn,DEBIT,934.66,58761.87,General
C4,02-10-2024,UPI/General Txn,CREDIT,687.52,86327.6,General
C4,02-10-2024,UPI/General Txn,CREDIT,3789.87,64053.46,General
C4,02-10-2024,UPI/General Txn,DEBIT,3374.35,58210.59,General
C4,02-10-2024,UPI/General Txn,CREDIT,3340.22,32869.22,General
C4,02-10-2024,UPI/General Txn,DEBIT,3681.24,10088.14,General
C4,02-10-2024,UPI/General Txn,DEBIT,3854.39,35947.96,General
C4,03-10-2024,UPI/General Txn,DEBIT,3331.46,69801.54,General
C4,03-10-2024,UPI/General Txn,CREDIT,468.21,6966.43,General
C4,03-10-2024,UPI/General Txn,DEBIT,164.33,47346.89,General
C4,03-10-2024,UPI/General Txn,CREDIT,1986.8,11348.94,General
C4,03-10-2024,UPI/General Txn,CREDIT,1122.44,76288.31,General
C4,03-10-2024,UPI/General Txn,CREDIT,1627.94,65873.64,General
C4,03-10-2024,UPI/General Txn,DEBIT,4254.25,91498.4,General
C4,03-10-2024,UPI/General Txn,CREDIT,1172.05,39172,General
C4,03-10-2024,UPI/General Txn,DEBIT,2316.92,78222.08,General
C4,04-10-2024,UPI/General Txn,CREDIT,436.33,17255.44,General
C4,04-10-2024,UPI/General Txn,DEBIT,1605.02,15581.68,General
C4,04-10-2024,UPI/General Txn,DEBIT,4393.36,24815.68,General
C4,04-10-2024,UPI/General Txn,DEBIT,4481.08,27408.91,General
C4,04-10-2024,UPI/General Txn,CREDIT,2433.58,35843.73,General
C4,04-10-2024,UPI/General Txn,DEBIT,679.8,36088.26,General
C4,04-10-2024,UPI/General Txn,CREDIT,1139.12,50716.85,General
C4,04-10-2024,UPI/General Txn,DEBIT,2588.84,44692.72,General
C4,04-10-2024,UPI/General Txn,DEBIT,1911.93,65213.55,General
C4,05-10-2024,UPI/General Txn,DEBIT,1050.26,40866.52,General
C4,05-10-2024,UPI/General Txn,CREDIT,3010.84,52343.23,General
C4,05-10-2024,UPI/General Txn,DEBIT,635,64988.14,General
C4,05-10-2024,UPI/General Txn,DEBIT,4798.96,12403.6,General
C4,05-10-2024,UPI/General Txn,CREDIT,4485.79,24637.95,General
C4,05-10-2024,UPI/General Txn,CREDIT,2707.45,23420.04,General
C4,05-10-2024,UPI/General Txn,CREDIT,3139.08,39798.9,General
C4,05-10-2024,UPI/General Txn,CREDIT,596.39,50021.99,General
C4,05-10-2024,UPI/General Txn,DEBIT,938.04,35415.68,General
C4,05-10-2024,UPI/General Txn,CREDIT,1511.16,73654.34,General
C4,05-10-2024,UPI/General Txn,CREDIT,561.79,74169.98,General
C4,06-10-2024,UPI/General Txn,DEBIT,934.14,17497.9,General
C4,06-10-2024,UPI/General Txn,CREDIT,1727.56,15041.53,General
C4,06-10-2024,UPI/General Txn,CREDIT,162.4,43364.33,General
C4,06-10-2024,UPI/General Txn,CREDIT,202.05,88244.5,General
C4,06-10-2024,UPI/General Txn,DEBIT,936.55,59806.51,General
C4,06-10-2024,UPI/General Txn,DEBIT,4850.75,49342.43,General
C4,06-10-2024,UPI/General Txn,DEBIT,1312.8,5472.48,General
C4,06-10-2024,UPI/General Txn,CREDIT,185.22,83700.54,General
C4,06-10-2024,UPI/General Txn,DEBIT,2673.82,75744.26,General
C4,07-10-2024,UPI/General Txn,CREDIT,589.96,45809.02,General
C4,07-10-2024,UPI/General Txn,CREDIT,3700.59,66677.44,General
C4,07-10-2024,UPI/General Txn,CREDIT,1342.33,2342.54,General
C4,07-10-2024,UPI/General Txn,CREDIT,1827.87,89245.87,General
C4,07-10-2024,UPI/General Txn,CREDIT,3895.18,12163.35,General
C4,07-10-2024,UPI/General Txn,DEBIT,3460.34,15642.14,General
C4,07-10-2024,UPI/General Txn,DEBIT,2110.56,66277.32,General
C4,07-10-2024,UPI/General Txn,CREDIT,794,4059.56,General
C4,08-10-2024,UPI/General Txn,CREDIT,3730.96,36582.57,General
C4,08-10-2024,UPI/General Txn,DEBIT,3747.39,92144.08,General
C4,08-10-2024,UPI/General Txn,DEBIT,1951.11,96579.85,General
C4,08-10-2024,UPI/General Txn,CREDIT,4398.01,98745.83,General
C4,08-10-2024,UPI/General Txn,DEBIT,4392.85,27265.62,General
C4,08-10-2024,UPI/General Txn,CREDIT,3427.43,39711.6,General
C4,08-10-2024,UPI/General Txn,CREDIT,2144.74,31623.01,General
C4,08-10-2024,UPI/General Txn,CREDIT,301.39,83582.99,General
C4,08-10-2024,UPI/General Txn,CREDIT,702.51,57099.58,General
C4,08-10-2024,UPI/General Txn,CREDIT,3983.38,29552.44,General
C4,08-10-2024,UPI/General Txn,CREDIT,4850.4,92796.07,General
C4,08-10-2024,UPI/General Txn,DEBIT,820.94,52795.43,General
C4,09-10-2024,UPI/General Txn,DEBIT,3156.6,31060.91,General
C4,09-10-2024,UPI/General Txn,CREDIT,1512.47,2543.65,General
C4,09-10-2024,UPI/General Txn,CREDIT,300.67,82721.59,General
C4,09-10-2024,UPI/General Txn,CREDIT,704.84,31276.33,General
C4,09-10-2024,UPI/General Txn,DEBIT,2208.58,5940.3,General
C4,09-10-2024,UPI/General Txn,CREDIT,774.82,78741.07,General
C4,09-10-2024,UPI/General Txn,DEBIT,2559.77,95414.84,General
C4,09-10-2024,UPI/General Txn,DEBIT,3594.67,99595.51,General
C4,09-10-2024,UPI/General Txn,DEBIT,1063.96,29789.4,General
C4,09-10-2024,UPI/General Txn,CREDIT,257.47,25624.12,General
C4,10-10-2024,UPI/General Txn,DEBIT,2170.56,89410.33,General
C4,10-10-2024,UPI/General Txn,CREDIT,4608.95,18156.89,General
C4,10-10-2024,UPI/General Txn,CREDIT,2235.5,80633.64,General
C4,10-10-2024,UPI/General Txn,DEBIT,781.96,25752.02,General
C4,10-10-2024,UPI/General Txn,DEBIT,2139.93,30805.16,General
C4,10-10-2024,UPI/General Txn,CREDIT,519.43,55037.24,General
C4,10-10-2024,UPI/General Txn,CREDIT,1942.23,10508.19,General
C4,10-10-2024,UPI/General Txn,CREDIT,2680.2,50877.7,General
C4,10-10-2024,UPI/General Txn,CREDIT,3457.3,47369.51,General
C4,10-10-2024,UPI/General Txn,CREDIT,2195.58,96183.25,General
C4,10-10-2024,UPI/General Txn,DEBIT,2360.29,95791.68,General
C4,11-10-2024,UPI/General Txn,DEBIT,533.3,61905.65,General
C4,11-10-2024,UPI/General Txn,DEBIT,1581.71,58451.92,General
C4,11-10-2024,UPI/General Txn,CREDIT,1928.24,6300.07,General
C4,11-10-2024,UPI/General Txn,DEBIT,4241.03,40891.27,General
C4,11-10-2024,UPI/General Txn,CREDIT,129.17,84080.61,General
C4,11-10-2024,UPI/General Txn,CREDIT,514.83,83159.53,General
C4,11-10-2024,UPI/General Txn,CREDIT,3284.41,59839.63,General
C4,11-10-2024,UPI/General Txn,CREDIT,4127.51,69368.7,General
C4,11-10-2024,UPI/General Txn,DEBIT,4335.14,74306.82,General
C4,11-10-2024,UPI/General Txn,DEBIT,3404.62,70455.69,General
C4,11-10-2024,UPI/General Txn,CREDIT,2629.69,14503.87,General
C4,12-10-2024,UPI/General Txn,CREDIT,1574.37,72195.06,General
C4,12-10-2024,UPI/General Txn,CREDIT,4689,62742.73,General
C4,12-10-2024,UPI/General Txn,DEBIT,1083.43,1003.54,General
C4,12-10-2024,UPI/General Txn,DEBIT,3058.57,52462.43,General
C4,12-10-2024,UPI/General Txn,DEBIT,1311.31,47900.5,General
C4,12-10-2024,UPI/General Txn,CREDIT,4180.36,39680.68,General
C4,12-10-2024,UPI/General Txn,CREDIT,4637.62,41051.18,General
C4,12-10-2024,UPI/General Txn,DEBIT,4915.21,84330.36,General
C4,12-10-2024,UPI/General Txn,CREDIT,2778.92,86072.07,General
C4,13-10-2024,UPI/General Txn,DEBIT,703.66,63983.52,General
C4,13-10-2024,UPI/General Txn,DEBIT,1005.56,17906.77,General
C4,13-10-2024,UPI/General Txn,DEBIT,3734.16,48139.68,General
C4,13-10-2024,UPI/General Txn,DEBIT,1521.18,95950.05,General
C4,13-10-2024,UPI/General Txn,CREDIT,2515.52,39727.73,General
C4,13-10-2024,UPI/General Txn,DEBIT,3518.5,46932.41,General
C4,13-10-2024,UPI/General Txn,DEBIT,4086.12,3769.1,General
C4,13-10-2024,UPI/General Txn,CREDIT,2339.7,2090.94,General
C4,13-10-2024,UPI/General Txn,CREDIT,1583.53,5220.55,General
C4,13-10-2024,UPI/General Txn,DEBIT,4544.59,47322.8,General
C4,13-10-2024,UPI/General Txn,CREDIT,3643.02,1902.89,General
C4,13-10-2024,UPI/General Txn,DEBIT,875.74,35534.57,General
C4,14-10-2024,UPI/General Txn,DEBIT,2014.06,18275.19,General
C4,14-10-2024,UPI/General Txn,CREDIT,841.87,46488.69,General
C4,14-10-2024,UPI/General Txn,DEBIT,4307.45,28555.67,General
C4,14-10-2024,UPI/General Txn,CREDIT,3836.78,92424.22,General
C4,14-10-2024,UPI/General Txn,CREDIT,434.23,38275.75,General
C4,14-10-2024,UPI/General Txn,DEBIT,2411.59,58027.86,General
C4,14-10-2024,UPI/General Txn,CREDIT,4644.32,13812.77,General
C4,14-10-2024,UPI/General Txn,CREDIT,1687.98,58864.83,General
C4,14-10-2024,UPI/General Txn,DEBIT,4166.44,5447.98,General
C4,14-10-2024,UPI/General Txn,DEBIT,4274.95,23938.73,General
C4,14-10-2024,UPI/General Txn,CREDIT,3359.78,93489.16,General
C4,14-10-2024,UPI/General Txn,DEBIT,2434.42,98151.51,General
C4,15-10-2024,UPI/General Txn,DEBIT,616.62,73088.15,General
C4,15-10-2024,UPI/General Txn,CREDIT,1982.01,92315.2,General
C4,15-10-2024,UPI/General Txn,CREDIT,403.44,12332.9,General
C4,15-10-2024,UPI/General Txn,DEBIT,4249.33,44711.32,General
C4,15-10-2024,UPI/General Txn,DEBIT,1934.18,92431.53,General
C4,15-10-2024,UPI/General Txn,CREDIT,1673.68,38385.27,General
C4,15-10-2024,UPI/General Txn,DEBIT,4945.47,20376.08,General
C4,15-10-2024,UPI/General Txn,CREDIT,2506.4,23324.16,General
C4,15-10-2024,UPI/General Txn,CREDIT,3736.55,81569.94,General
C4,16-10-2024,UPI/General Txn,DEBIT,521.49,63282.45,General
C4,16-10-2024,UPI/General Txn,DEBIT,3376.43,4290.68,General
C4,16-10-2024,UPI/General Txn,DEBIT,788.76,36596.54,General
C4,16-10-2024,UPI/General Txn,DEBIT,2099.33,34730.42,General
C4,16-10-2024,UPI/General Txn,CREDIT,3443.57,19823.55,General
C4,16-10-2024,UPI/General Txn,CREDIT,1116.63,50584.18,General
C4,16-10-2024,UPI/General Txn,DEBIT,1846.78,80357.99,General
C4,16-10-2024,UPI/General Txn,CREDIT,2250.5,87523.71,General
C4,16-10-2024,UPI/General Txn,DEBIT,2888.85,78456.35,General
C4,17-10-2024,UPI/General Txn,CREDIT,594.47,23826.78,General
C4,17-10-2024,UPI/General Txn,CREDIT,3047.3,3231.71,General
C4,17-10-2024,UPI/General Txn,CREDIT,4124.51,92305.06,General
C4,17-10-2024,UPI/General Txn,CREDIT,1331.77,7727.33,General
C4,17-10-2024,UPI/General Txn,CREDIT,4370.22,8402.94,General
C4,17-10-2024,UPI/General Txn,CREDIT,2919.24,40522.75,General
C4,17-10-2024,UPI/General Txn,DEBIT,377.58,58694.48,General
C4,17-10-2024,UPI/General Txn,CREDIT,4690.94,65669.97,General
C4,17-10-2024,UPI/General Txn,CREDIT,258.15,26827.23,General
C4,17-10-2024,UPI/General Txn,DEBIT,1739.25,14789.57,General
C4,18-10-2024,UPI/General Txn,CREDIT,4102.14,92493.25,General
C4,18-10-2024,UPI/General Txn,DEBIT,3350.35,24326.1,General
C4,18-10-2024,UPI/General Txn,DEBIT,457.27,35238.71,General
C4,18-10-2024,UPI/General Txn,CREDIT,446.74,60216.62,General
C4,18-10-2024,UPI/General Txn,DEBIT,3100.92,88864.34,General
C4,18-10-2024,UPI/General Txn,DEBIT,2445.98,27780.33,General
C4,18-10-2024,UPI/General Txn,DEBIT,304.53,50163.08,General
C4,18-10-2024,UPI/General Txn,CREDIT,1203.7,43720.04,General
C4,18-10-2024,UPI/General Txn,DEBIT,1586.75,3122.88,General
C4,18-10-2024,UPI/General Txn,DEBIT,371.25,53884.4,General
C4,18-10-2024,UPI/General Txn,DEBIT,4315.44,55697.1,General
C4,18-10-2024,UPI/General Txn,CREDIT,355.49,69848.61,General
C4,19-10-2024,UPI/General Txn,DEBIT,3536.56,12442.74,General
C4,19-10-2024,UPI/General Txn,CREDIT,678.16,35827.12,General
C4,19-10-2024,UPI/General Txn,DEBIT,1781.32,24578.85,General
C4,19-10-2024,UPI/General Txn,DEBIT,550.75,23485.46,General
C4,19-10-2024,UPI/General Txn,DEBIT,3762.63,99102.93,General
C4,19-10-2024,UPI/General Txn,DEBIT,173,81449.57,General
C4,19-10-2024,UPI/General Txn,DEBIT,475.4,44417.03,General
C4,19-10-2024,UPI/General Txn,CREDIT,1484.72,35617.08,General
C4,19-10-2024,UPI/General Txn,DEBIT,3310.52,99810.79,General
C4,19-10-2024,UPI/General Txn,CREDIT,735.61,48391.44,General
C4,19-10-2024,UPI/General Txn,DEBIT,699.64,8561.41,General
C4,20-10-2024,UPI/General Txn,CREDIT,1108.72,89866.38,General
C4,20-10-2024,UPI/General Txn,CREDIT,4307.92,71600.25,General
C4,20-10-2024,UPI/General Txn,CREDIT,4712.99,87028.12,General
C4,20-10-2024,UPI/General Txn,CREDIT,1296.61,32567.04,General
C4,20-10-2024,UPI/General Txn,DEBIT,2752.95,6345.76,General
C4,20-10-2024,UPI/General Txn,CREDIT,4512.08,28698.6,General
C4,20-10-2024,UPI/General Txn,DEBIT,1097.42,84301.11,General
C4,20-10-2024,UPI/General Txn,CREDIT,2652.88,74448.96,General
C4,20-10-2024,UPI/General Txn,CREDIT,1132.77,72766.16,General
C4,20-10-2024,UPI/General Txn,DEBIT,3960.91,97813.06,General
C4,20-10-2024,UPI/General Txn,CREDIT,3521.88,95351.45,General
C4,20-10-2024,UPI/General Txn,DEBIT,204.32,27759.56,General
C4,21-10-2024,UPI/General Txn,DEBIT,1982.47,6912.28,General
C4,21-10-2024,UPI/General Txn,CREDIT,4287.41,50040.39,General
C4,21-10-2024,UPI/General Txn,CREDIT,4327.59,44957.95,General
C4,21-10-2024,UPI/General Txn,CREDIT,1199.8,19258.25,General
C4,21-10-2024,UPI/General Txn,DEBIT,2212.32,66379.84,General
C4,21-10-2024,UPI/General Txn,CREDIT,253.4,93785.17,General
C4,21-10-2024,UPI/General Txn,CREDIT,4559.26,92347.17,General
C4,21-10-2024,UPI/General Txn,DEBIT,4546.5,75967.97,General
C4,21-10-2024,UPI/General Txn,CREDIT,1770.63,86708.49,General
C4,21-10-2024,UPI/General Txn,DEBIT,3934.8,80932.27,General
C4,21-10-2024,UPI/General Txn,CREDIT,2811.14,85992.9,General
C4,21-10-2024,UPI/General Txn,CREDIT,4696.08,42959.67,General
C4,22-10-2024,UPI/General Txn,CREDIT,3868.16,17092.34,General
C4,22-10-2024,UPI/General Txn,DEBIT,1968.33,14055.4,General
C4,22-10-2024,UPI/General Txn,CREDIT,174.4,9468.15,General
C4,22-10-2024,UPI/General Txn,CREDIT,1324.67,34415.7,General
C4,22-10-2024,UPI/General Txn,CREDIT,2033.55,36807.79,General
C4,22-10-2024,UPI/General Txn,DEBIT,3330.23,13306.33,General
C4,22-10-2024,UPI/General Txn,CREDIT,2885.36,83763.98,General
C4,22-10-2024,UPI/General Txn,CREDIT,4253.2,46809.7,General
C4,22-10-2024,UPI/General Txn,CREDIT,2255.56,4663.37,General
C4,22-10-2024,UPI/General Txn,DEBIT,1857.75,41452.48,General
C4,22-10-2024,UPI/General Txn,DEBIT,2939.89,28368.12,General
C4,22-10-2024,UPI/General Txn,CREDIT,3090.61,95376.04,General
C4,23-10-2024,UPI/General Txn,CREDIT,981.04,26694.54,General
C4,23-10-2024,UPI/General Txn,DEBIT,2525.15,63403.48,General
C4,23-10-2024,UPI/General Txn,DEBIT,819.82,24034.57,General
C4,23-10-2024,UPI/General Txn,DEBIT,3307.54,68759.7,General
C4,23-10-2024,UPI/General Txn,CREDIT,4316.79,5153.6,General
C4,23-10-2024,UPI/General Txn,DEBIT,3615.05,95218.68,General
C4,23-10-2024,UPI/General Txn,CREDIT,4960.66,2595.7,General
C4,23-10-2024,UPI/General Txn,CREDIT,4240.16,54503.69,General
C4,23-10-2024,UPI/General Txn,DEBIT,319.19,35623.24,General
C4,23-10-2024,UPI/General Txn,CREDIT,479.65,12205.07,General
C4,23-10-2024,UPI/General Txn,DEBIT,479.51,33253.12,General
C4,24-10-2024,UPI/General Txn,CREDIT,4162.78,8067.92,General
C4,24-10-2024,UPI/General Txn,CREDIT,2189.73,15164.87,General
C4,24-10-2024,UPI/General Txn,CREDIT,1700.05,34163.59,General
C4,24-10-2024,UPI/General Txn,CREDIT,2099.87,47597.82,General
C4,24-10-2024,UPI/General Txn,DEBIT,4870.16,16870.97,General
C4,24-10-2024,UPI/General Txn,DEBIT,318.59,91275.39,General
C4,24-10-2024,UPI/General Txn,DEBIT,225.12,80995.39,General
C4,24-10-2024,UPI/General Txn,CREDIT,2602.9,94054.04,General
C4,24-10-2024,UPI/General Txn,DEBIT,1956.31,66048.87,General
C4,24-10-2024,UPI/General Txn,DEBIT,835.37,95562.76,General
C4,25-10-2024,UPI/General Txn,CREDIT,2870.47,54357.77,General
C4,25-10-2024,UPI/General Txn,DEBIT,694.09,61103.1,General
C4,25-10-2024,UPI/General Txn,CREDIT,3330.07,32377,General
C4,25-10-2024,UPI/General Txn,CREDIT,1055.62,91195.88,General
C4,25-10-2024,UPI/General Txn,CREDIT,1710.55,23858.18,General
C4,25-10-2024,UPI/General Txn,DEBIT,1642.6,69614.24,General
C4,25-10-2024,UPI/General Txn,CREDIT,2280.54,36826.23,General
C4,25-10-2024,UPI/General Txn,DEBIT,1824.72,91548.92,General
C4,25-10-2024,UPI/General Txn,DEBIT,3301.32,45447.83,General
C4,26-10-2024,UPI/General Txn,DEBIT,1225.84,92645.98,General
C4,26-10-2024,UPI/General Txn,CREDIT,1300.23,67736.41,General
C4,26-10-2024,UPI/General Txn,CREDIT,3362.92,79789.74,General
C4,26-10-2024,UPI/General Txn,DEBIT,1773.7,9069.09,General
C4,26-10-2024,UPI/General Txn,DEBIT,2163.01,58025.16,General
C4,26-10-2024,UPI/General Txn,DEBIT,3199.89,90087.37,General
C4,26-10-2024,UPI/General Txn,DEBIT,4394.39,17510.32,General
C4,26-10-2024,UPI/General Txn,CREDIT,2151.27,74542.55,General
C4,26-10-2024,UPI/General Txn,DEBIT,719.35,83552,General
C4,26-10-2024,UPI/General Txn,DEBIT,217.26,99003.41,General
C4,26-10-2024,UPI/General Txn,CREDIT,748.65,90521.78,General
C4,27-10-2024,UPI/General Txn,DEBIT,724.52,71486.37,General
C4,27-10-2024,UPI/General Txn,CREDIT,683.25,59556.32,General
C4,27-10-2024,UPI/General Txn,DEBIT,3121.49,8301.5,General
C4,27-10-2024,UPI/General Txn,CREDIT,4611.55,91156.75,General
C4,27-10-2024,UPI/General Txn,CREDIT,3191.08,29639.82,General
C4,27-10-2024,UPI/General Txn,DEBIT,2437.82,73610.87,General
C4,27-10-2024,UPI/General Txn,DEBIT,3646.17,16073.38,General
C4,27-10-2024,UPI/General Txn,CREDIT,138.14,67716.8,General
C4,27-10-2024,UPI/General Txn,CREDIT,2322.28,44420.12,General
C4,27-10-2024,UPI/General Txn,CREDIT,2592.47,94532.04,General
C4,28-10-2024,UPI/General Txn,CREDIT,1238.09,34770.6,General
C4,28-10-2024,UPI/General Txn,CREDIT,2864.24,29240.46,General
C4,28-10-2024,UPI/General Txn,DEBIT,1981.93,95397.85,General
C4,28-10-2024,UPI/General Txn,DEBIT,305.48,43623.23,General
C4,28-10-2024,UPI/General Txn,CREDIT,1463.46,10847.19,General
C4,28-10-2024,UPI/General Txn,DEBIT,1495.48,29496.47,General
C4,28-10-2024,UPI/General Txn,DEBIT,2484.52,88649.57,General
C4,28-10-2024,UPI/General Txn,CREDIT,1513.55,98891.75,General
C4,29-10-2024,UPI/General Txn,CREDIT,4630.13,14959.31,General
C4,29-10-2024,UPI/General Txn,DEBIT,1113.53,3707.66,General
C4,29-10-2024,UPI/General Txn,DEBIT,4522.45,1659.85,General
C4,29-10-2024,UPI/General Txn,DEBIT,4179.27,37584.52,General
C4,29-10-2024,UPI/General Txn,CREDIT,1481,73476.85,General
C4,29-10-2024,UPI/General Txn,CREDIT,2652.38,30199.22,General
C4,29-10-2024,UPI/General Txn,DEBIT,637.11,44996.1,General
C4,29-10-2024,UPI/General Txn,CREDIT,2218.1,9599.52,General
C4,30-10-2024,UPI/General Txn,DEBIT,4966.08,96875.52,General
C4,30-10-2024,UPI/General Txn,DEBIT,4037.84,73008.8,General
C4,30-10-2024,UPI/General Txn,CREDIT,1702.87,28334.69,General
C4,30-10-2024,UPI/General Txn,DEBIT,3190.06,70974.17,General
C4,30-10-2024,UPI/General Txn,DEBIT,1642.57,43904.38,General
C4,30-10-2024,UPI/General Txn,CREDIT,4668.6,19849.47,General
C4,30-10-2024,UPI/General Txn,DEBIT,2835.03,94969.07,General
C4,30-10-2024,UPI/General Txn,DEBIT,3173.7,14550.59,General
C4,30-10-2024,UPI/General Txn,DEBIT,1943.42,67661.42,General
C4,31-10-2024,UPI/General Txn,CREDIT,2403.57,81573.02,General
C4,31-10-2024,UPI/General Txn,CREDIT,3694.45,14047.4,General
C4,31-10-2024,UPI/General Txn,DEBIT,3210.39,95132.44,General
C4,31-10-2024,UPI/General Txn,DEBIT,4300.07,1316.57,General
C4,31-10-2024,UPI/General Txn,DEBIT,429.58,71289.06,General
C4,31-10-2024,UPI/General Txn,CREDIT,290.18,61724.44,General
C4,31-10-2024,UPI/General Txn,DEBIT,3192.03,64133.75,General
C4,31-10-2024,UPI/General Txn,DEBIT,2472.74,87911.08,General
C4,31-10-2024,UPI/General Txn,CREDIT,4219.39,67129.6,General
C4,31-10-2024,UPI/General Txn,CREDIT,2502.09,60186.37,General
C4,01-11-2024,UPI/General Txn,DEBIT,2456.7,22674.12,General
C4,01-11-2024,UPI/General Txn,CREDIT,4818.3,42539.81,General
C4,01-11-2024,UPI/General Txn,DEBIT,2291.15,66579.4,General
C4,01-11-2024,UPI/General Txn,CREDIT,667.51,95675.24,General
C4,01-11-2024,UPI/General Txn,CREDIT,3337,69999.89,General
C4,01-11-2024,UPI/General Txn,CREDIT,3553.61,84171.96,General
C4,01-11-2024,UPI/General Txn,CREDIT,4333.65,69034.97,General
C4,01-11-2024,UPI/General Txn,CREDIT,241.92,51241.25,General
C4,01-11-2024,UPI/General Txn,CREDIT,4460.07,7019.52,General
C4,01-11-2024,UPI/General Txn,CREDIT,3881.81,67823.92,General
C4,01-11-2024,UPI/General Txn,CREDIT,2115.02,43094.73,General
C4,01-11-2024,UPI/General Txn,DEBIT,1377.43,27563.41,General
C4,02-11-2024,UPI/General Txn,DEBIT,1765.22,31542.55,General
C4,02-11-2024,UPI/General Txn,DEBIT,2108.08,54065.3,General
C4,02-11-2024,UPI/General Txn,DEBIT,3919.8,94839.9,General
C4,02-11-2024,UPI/General Txn,CREDIT,3105.19,13792.32,General
C4,02-11-2024,UPI/General Txn,DEBIT,2744.86,80438.87,General
C4,02-11-2024,UPI/General Txn,CREDIT,542.24,91310.63,General
C4,02-11-2024,UPI/General Txn,DEBIT,3857.53,65838.23,General
C4,02-11-2024,UPI/General Txn,CREDIT,2641.38,54011.79,General
C4,02-11-2024,UPI/General Txn,CREDIT,4927.56,86112.56,General
C4,03-11-2024,UPI/General Txn,DEBIT,1521.92,91154.72,General
C4,03-11-2024,UPI/General Txn,DEBIT,1724.36,55742.17,General
C4,03-11-2024,UPI/General Txn,DEBIT,1318.65,4571.42,General
C4,03-11-2024,UPI/General Txn,DEBIT,198.14,50648.43,General
C4,03-11-2024,UPI/General Txn,DEBIT,3977.58,16537.61,General
C4,03-11-2024,UPI/General Txn,DEBIT,1577.19,63523.99,General
C4,03-11-2024,UPI/General Txn,DEBIT,3471.54,27973.37,General
C4,03-11-2024,UPI/General Txn,CREDIT,705.85,65872.32,General
C4,03-11-2024,UPI/General Txn,CREDIT,742.85,86336.39,General
C4,04-11-2024,UPI/General Txn,CREDIT,462.06,2995.26,General
C4,04-11-2024,UPI/General Txn,DEBIT,3738.99,10460.11,General
C4,04-11-2024,UPI/General Txn,CREDIT,2982.16,20234.12,General
C4,04-11-2024,UPI/General Txn,CREDIT,3067.89,78692.4,General
C4,04-11-2024,UPI/General Txn,DEBIT,2183.25,30913.24,General
C4,04-11-2024,UPI/General Txn,DEBIT,2348.64,27162.73,General
C4,04-11-2024,UPI/General Txn,CREDIT,3314.65,38281.49,General
C4,04-11-2024,UPI/General Txn,DEBIT,2204.72,96721.75,General
C4,05-11-2024,UPI/General Txn,CREDIT,1464.93,90858.91,General
C4,05-11-2024,UPI/General Txn,DEBIT,2712.7,38858.43,General
C4,05-11-2024,UPI/General Txn,CREDIT,4966.45,95194.28,General
C4,05-11-2024,UPI/General Txn,DEBIT,3837.23,45774.76,General
C4,05-11-2024,UPI/General Txn,DEBIT,2931.61,40337.51,General
C4,05-11-2024,UPI/General Txn,CREDIT,1237.37,48203.83,General
C4,05-11-2024,UPI/General Txn,CREDIT,633.85,33911.11,General
C4,05-11-2024,UPI/General Txn,DEBIT,4067.44,10443.51,General
C4,05-11-2024,UPI/General Txn,CREDIT,929.35,59747.54,General
C4,05-11-2024,UPI/General Txn,CREDIT,511.06,62032.36,General
C4,05-11-2024,UPI/General Txn,DEBIT,2420.22,6834.36,General
C4,05-11-2024,UPI/General Txn,CREDIT,2517.75,31834.04,General
C4,06-11-2024,UPI/General Txn,DEBIT,4188.18,32822.86,General
C4,06-11-2024,UPI/General Txn,CREDIT,2870.03,87271.36,General
C4,06-11-2024,UPI/General Txn,DEBIT,1413.91,75748.76,General
C4,06-11-2024,UPI/General Txn,CREDIT,3994.01,31988.6,General
C4,06-11-2024,UPI/General Txn,CREDIT,3294.84,46675.83,General
C4,06-11-2024,UPI/General Txn,DEBIT,2466.68,92201.81,General
C4,06-11-2024,UPI/General Txn,DEBIT,2185.94,38192.92,General
C4,06-11-2024,UPI/General Txn,DEBIT,3808.74,52473.96,General
C4,06-11-2024,UPI/General Txn,DEBIT,695.24,44322.52,General
C4,06-11-2024,UPI/General Txn,DEBIT,4862.39,88664.78,General
C4,07-11-2024,UPI/General Txn,CREDIT,936.54,14846.67,General
C4,07-11-2024,UPI/General Txn,CREDIT,4383.65,40541.16,General
C4,07-11-2024,UPI/General Txn,CREDIT,1554.08,99578.69,General
C4,07-11-2024,UPI/General Txn,CREDIT,3627.72,52725.53,General
C4,07-11-2024,UPI/General Txn,CREDIT,3113.99,56817.23,General
C4,07-11-2024,UPI/General Txn,CREDIT,913.13,52801.87,General
C4,07-11-2024,UPI/General Txn,CREDIT,1101.86,52418.6,General
C4,07-11-2024,UPI/General Txn,CREDIT,1331.07,21851.1,General
C4,07-11-2024,UPI/General Txn,DEBIT,1717.87,17259.58,General
C4,07-11-2024,UPI/General Txn,CREDIT,3603.9,1972.3,General
C4,07-11-2024,UPI/General Txn,DEBIT,2139.88,47578.85,General
C4,08-11-2024,UPI/General Txn,DEBIT,1628.02,20727.5,General
C4,08-11-2024,UPI/General Txn,CREDIT,559.85,33772.48,General
C4,08-11-2024,UPI/General Txn,CREDIT,399.43,59850.99,General
C4,08-11-2024,UPI/General Txn,DEBIT,427.18,35150.79,General
C4,08-11-2024,UPI/General Txn,DEBIT,169.23,28183.48,General
C4,08-11-2024,UPI/General Txn,CREDIT,4121.7,58862.37,General
C4,08-11-2024,UPI/General Txn,CREDIT,1598.18,93496.48,General
C4,08-11-2024,UPI/General Txn,DEBIT,2849.45,8670.14,General
C4,09-11-2024,UPI/General Txn,DEBIT,604.58,28718.57,General
C4,09-11-2024,UPI/General Txn,DEBIT,1388.39,13543.7,General
C4,09-11-2024,UPI/General Txn,CREDIT,2659.36,33685.86,General
C4,09-11-2024,UPI/General Txn,CREDIT,3882.7,96699.23,General
C4,09-11-2024,UPI/General Txn,CREDIT,3712.6,21721.36,General
C4,09-11-2024,UPI/General Txn,DEBIT,113.09,98919.64,General
C4,09-11-2024,UPI/General Txn,DEBIT,547.56,15190,General
C4,09-11-2024,UPI/General Txn,DEBIT,2429.77,33010.45,General
C4,09-11-2024,UPI/General Txn,DEBIT,4490.17,14560.52,General
C4,10-11-2024,UPI/General Txn,CREDIT,2184.49,33381.85,General
C4,10-11-2024,UPI/General Txn,DEBIT,2551.84,24836.52,General
C4,10-11-2024,UPI/General Txn,CREDIT,2026.91,70918.21,General
C4,10-11-2024,UPI/General Txn,CREDIT,1839.46,53537.87,General
C4,10-11-2024,UPI/General Txn,DEBIT,4428.1,95580.65,General
C4,10-11-2024,UPI/General Txn,CREDIT,4732.9,71423.42,General
C4,10-11-2024,UPI/General Txn,CREDIT,4215.39,49519.26,General
C4,10-11-2024,UPI/General Txn,DEBIT,3965.93,56232.6,General
C4,10-11-2024,UPI/General Txn,CREDIT,2233.53,18623.23,General
C4,10-11-2024,UPI/General Txn,CREDIT,4344.08,77303.73,General
C4,10-11-2024,UPI/General Txn,CREDIT,1795.36,22164.22,General
C4,11-11-2024,UPI/General Txn,DEBIT,4393.84,38863.28,General
C4,11-11-2024,UPI/General Txn,DEBIT,977.13,20387.77,General
C4,11-11-2024,UPI/General Txn,DEBIT,1868.86,1555.84,General
C4,11-11-2024,UPI/General Txn,DEBIT,1620.91,91193.03,General
C4,11-11-2024,UPI/General Txn,DEBIT,4587.45,61070.67,General
C4,11-11-2024,UPI/General Txn,CREDIT,264.29,64525.73,General
C4,11-11-2024,UPI/General Txn,CREDIT,2051.64,28143.21,General
C4,11-11-2024,UPI/General Txn,DEBIT,380.41,86455.35,General
C4,11-11-2024,UPI/General Txn,CREDIT,4645.12,49539.75,General
C4,11-11-2024,UPI/General Txn,DEBIT,2419.9,4781.17,General
C4,11-11-2024,UPI/General Txn,DEBIT,241.3,70858.32,General
C4,11-11-2024,UPI/General Txn,DEBIT,966.85,9199.64,General
C4,12-11-2024,UPI/General Txn,DEBIT,374.64,32109.42,General
C4,12-11-2024,UPI/General Txn,CREDIT,4303.66,98356.94,General
C4,12-11-2024,UPI/General Txn,DEBIT,1051.49,33933.83,General
C4,12-11-2024,UPI/General Txn,CREDIT,3392.76,89875.91,General
C4,12-11-2024,UPI/General Txn,CREDIT,929.15,52117.7,General
C4,12-11-2024,UPI/General Txn,CREDIT,4708.67,42221.49,General
C4,12-11-2024,UPI/General Txn,DEBIT,3371.84,7430.54,General
C4,12-11-2024,UPI/General Txn,DEBIT,4142.73,73166.75,General
C4,13-11-2024,UPI/General Txn,DEBIT,945.67,28277.02,General
C4,13-11-2024,UPI/General Txn,CREDIT,1073.55,18123.85,General
C4,13-11-2024,UPI/General Txn,DEBIT,3759.46,31805.29,General
C4,13-11-2024,UPI/General Txn,DEBIT,2846.74,34803.8,General
C4,13-11-2024,UPI/General Txn,DEBIT,2884.05,57052.74,General
C4,13-11-2024,UPI/General Txn,DEBIT,2368.73,91883.1,General
C4,13-11-2024,UPI/General Txn,DEBIT,994.25,19380.23,General
C4,13-11-2024,UPI/General Txn,DEBIT,2996.63,76905.53,General
C4,14-11-2024,UPI/General Txn,CREDIT,1165.88,46574.56,General
C4,14-11-2024,UPI/General Txn,DEBIT,4398.27,31470.45,General
C4,14-11-2024,UPI/General Txn,DEBIT,3436.36,74993.43,General
C4,14-11-2024,UPI/General Txn,CREDIT,3716.74,6280.2,General
C4,14-11-2024,UPI/General Txn,DEBIT,3558.98,28617.38,General
C4,14-11-2024,UPI/General Txn,CREDIT,2868.7,23370.08,General
C4,14-11-2024,UPI/General Txn,DEBIT,1022.4,18534.1,General
C4,14-11-2024,UPI/General Txn,CREDIT,1545.17,27189.97,General
C4,15-11-2024,UPI/General Txn,CREDIT,1840.25,35537.06,General
C4,15-11-2024,UPI/General Txn,CREDIT,3244.95,83120.51,General
C4,15-11-2024,UPI/General Txn,DEBIT,3466.5,4636.38,General
C4,15-11-2024,UPI/General Txn,CREDIT,4190.15,16414.72,General
C4,15-11-2024,UPI/General Txn,CREDIT,2886.69,35345.23,General
C4,15-11-2024,UPI/General Txn,CREDIT,4073.45,21537.25,General
C4,15-11-2024,UPI/General Txn,CREDIT,3528.3,9984.99,General
C4,15-11-2024,UPI/General Txn,CREDIT,3889.7,22607.24,General
C4,15-11-2024,UPI/General Txn,DEBIT,1378.14,52185.95,General
C4,15-11-2024,UPI/General Txn,CREDIT,3192.46,14841.71,General
C4,15-11-2024,UPI/General Txn,CREDIT,2975.42,56813.17,General
C4,16-11-2024,UPI/General Txn,CREDIT,4516.25,70427.54,General
C4,16-11-2024,UPI/General Txn,DEBIT,3184.41,16716.3,General
C4,16-11-2024,UPI/General Txn,CREDIT,2429.93,65140.25,General
C4,16-11-2024,UPI/General Txn,CREDIT,591.02,31321.29,General
C4,16-11-2024,UPI/General Txn,DEBIT,2387.52,75452.47,General
C4,16-11-2024,UPI/General Txn,CREDIT,2251.14,59763.9,General
C4,16-11-2024,UPI/General Txn,CREDIT,3503.04,47883.64,General
C4,16-11-2024,UPI/General Txn,CREDIT,1293.58,60493.25,General
C4,16-11-2024,UPI/General Txn,CREDIT,2464.53,30717.16,General
C4,16-11-2024,UPI/General Txn,DEBIT,4856.75,76554.13,General
C4,16-11-2024,UPI/General Txn,DEBIT,4514.24,42677.61,General
C4,16-11-2024,UPI/General Txn,CREDIT,3892.95,59714.53,General
C4,17-11-2024,UPI/General Txn,CREDIT,2609.8,88772.93,General
C4,17-11-2024,UPI/General Txn,DEBIT,4829.65,95197.89,General
C4,17-11-2024,UPI/General Txn,DEBIT,2883.14,13859.19,General
C4,17-11-2024,UPI/General Txn,DEBIT,1732.42,97062.19,General
C4,17-11-2024,UPI/General Txn,DEBIT,1615.44,80347.47,General
C4,17-11-2024,UPI/General Txn,DEBIT,2347.7,46598.18,General
C4,17-11-2024,UPI/General Txn,DEBIT,3327.18,88412.52,General
C4,17-11-2024,UPI/General Txn,DEBIT,1576.28,19274.77,General
C4,17-11-2024,UPI/General Txn,CREDIT,4303.03,9926.52,General
C4,18-11-2024,UPI/General Txn,CREDIT,855.28,1489.53,General
C4,18-11-2024,UPI/General Txn,DEBIT,880.72,47609.27,General
C4,18-11-2024,UPI/General Txn,DEBIT,3465.25,91370.47,General
C4,18-11-2024,UPI/General Txn,CREDIT,3375.34,70916.19,General
C4,18-11-2024,UPI/General Txn,DEBIT,3838.98,39369.82,General
C4,18-11-2024,UPI/General Txn,DEBIT,1659.95,40588.47,General
C4,18-11-2024,UPI/General Txn,CREDIT,1702.85,82159.32,General
C4,18-11-2024,UPI/General Txn,CREDIT,3678.82,60096.95,General
C4,18-11-2024,UPI/General Txn,CREDIT,2717.16,49342.62,General
C4,19-11-2024,UPI/General Txn,DEBIT,231.79,77016.55,General
C4,19-11-2024,UPI/General Txn,CREDIT,1908.75,50644.14,General
C4,19-11-2024,UPI/General Txn,CREDIT,107.8,91544.01,General
C4,19-11-2024,UPI/General Txn,DEBIT,3263.33,50495.02,General
C4,19-11-2024,UPI/General Txn,CREDIT,316.81,44104.66,General
C4,19-11-2024,UPI/General Txn,DEBIT,1763.97,43145.42,General
C4,19-11-2024,UPI/General Txn,CREDIT,1496.32,67852.02,General
C4,19-11-2024,UPI/General Txn,CREDIT,2455.2,95892.76,General
C4,19-11-2024,UPI/General Txn,DEBIT,2166.51,40423.4,General
C4,19-11-2024,UPI/General Txn,DEBIT,2635.01,47027.35,General
C4,19-11-2024,UPI/General Txn,DEBIT,504.94,65930.99,General
C4,19-11-2024,UPI/General Txn,DEBIT,2081.92,16927.49,General
C4,20-11-2024,UPI/General Txn,CREDIT,2915.94,68943.57,General
C4,20-11-2024,UPI/General Txn,CREDIT,156.78,42823.25,General
C4,20-11-2024,UPI/General Txn,CREDIT,367.11,26606.26,General
C4,20-11-2024,UPI/General Txn,CREDIT,3207.17,50704.1,General
C4,20-11-2024,UPI/General Txn,CREDIT,3926.92,84572.67,General
C4,20-11-2024,UPI/General Txn,DEBIT,4861.67,78763.98,General
C4,20-11-2024,UPI/General Txn,CREDIT,4905.6,87161.12,General
C4,20-11-2024,UPI/General Txn,DEBIT,492.04,34374.45,General
C4,20-11-2024,UPI/General Txn,CREDIT,4677.47,20563.69,General
C4,21-11-2024,UPI/General Txn,CREDIT,3665.38,44053.92,General
C4,21-11-2024,UPI/General Txn,DEBIT,2377.34,13033.59,General
C4,21-11-2024,UPI/General Txn,CREDIT,2499.14,5957.28,General
C4,21-11-2024,UPI/General Txn,CREDIT,3036.71,25980.35,General
C4,21-11-2024,UPI/General Txn,CREDIT,1753.56,76916.54,General
C4,21-11-2024,UPI/General Txn,CREDIT,215.3,18694.09,General
C4,21-11-2024,UPI/General Txn,DEBIT,1848.74,45230.24,General
C4,21-11-2024,UPI/General Txn,DEBIT,1558.65,59982.11,General
C4,21-11-2024,UPI/General Txn,DEBIT,1850.5,53595.58,General
C4,21-11-2024,UPI/General Txn,DEBIT,2041.45,9320.64,General
C4,21-11-2024,UPI/General Txn,DEBIT,563.41,63659.08,General
C4,21-11-2024,UPI/General Txn,CREDIT,2212.39,35193.24,General
C4,22-11-2024,UPI/General Txn,DEBIT,3476.06,91958.74,General
C4,22-11-2024,UPI/General Txn,CREDIT,4527.54,5023.46,General
C4,22-11-2024,UPI/General Txn,DEBIT,1700.28,15528.29,General
C4,22-11-2024,UPI/General Txn,DEBIT,4886.53,38809.39,General
C4,22-11-2024,UPI/General Txn,DEBIT,4903.31,34439.5,General
C4,22-11-2024,UPI/General Txn,CREDIT,3220.03,42830.46,General
C4,22-11-2024,UPI/General Txn,CREDIT,209.68,72437.8,General
C4,22-11-2024,UPI/General Txn,DEBIT,3739.16,83848.48,General
C4,22-11-2024,UPI/General Txn,DEBIT,2223.83,79570.83,General
C4,22-11-2024,UPI/General Txn,CREDIT,2897.39,61942.57,General
C4,22-11-2024,UPI/General Txn,DEBIT,2741.87,69731.46,General
C4,23-11-2024,UPI/General Txn,CREDIT,1933.76,22305.72,General
C4,23-11-2024,UPI/General Txn,CREDIT,4683.84,74940.11,General
C4,23-11-2024,UPI/General Txn,CREDIT,3913.71,50654.75,General
C4,23-11-2024,UPI/General Txn,CREDIT,324.14,91064.89,General
C4,23-11-2024,UPI/General Txn,CREDIT,3423.22,1500.05,General
C4,23-11-2024,UPI/General Txn,CREDIT,1114.97,66064.07,General
C4,23-11-2024,UPI/General Txn,CREDIT,1446.37,60308.87,General
C4,23-11-2024,UPI/General Txn,CREDIT,4881.9,10617.62,General
C4,24-11-2024,UPI/General Txn,CREDIT,188.56,22884.71,General
C4,24-11-2024,UPI/General Txn,CREDIT,3095.79,59203.5,General
C4,24-11-2024,UPI/General Txn,CREDIT,3210.39,54604.33,General
C4,24-11-2024,UPI/General Txn,DEBIT,2430.45,34952.12,General
C4,24-11-2024,UPI/General Txn,CREDIT,1666.25,16026.08,General
C4,24-11-2024,UPI/General Txn,CREDIT,4286.34,21853.1,General
C4,24-11-2024,UPI/General Txn,CREDIT,3518.85,26313.57,General
C4,24-11-2024,UPI/General Txn,DEBIT,258.11,63507.02,General
C4,24-11-2024,UPI/General Txn,CREDIT,2850.5,9226.11,General
C4,25-11-2024,UPI/General Txn,CREDIT,1909.04,75334.89,General
C4,25-11-2024,UPI/General Txn,CREDIT,2312.35,3926.89,General
C4,25-11-2024,UPI/General Txn,DEBIT,3161.83,62802.25,General
C4,25-11-2024,UPI/General Txn,CREDIT,2867.97,99586.76,General
C4,25-11-2024,UPI/General Txn,CREDIT,214.7,56087.51,General
C4,25-11-2024,UPI/General Txn,DEBIT,2504.71,38153.15,General
C4,25-11-2024,UPI/General Txn,CREDIT,2734.2,61105.05,General
C4,25-11-2024,UPI/General Txn,DEBIT,4263.37,40179.22,General
C4,25-11-2024,UPI/General Txn,DEBIT,1135.4,57503.76,General
C4,25-11-2024,UPI/General Txn,DEBIT,975.25,76920.59,General
C4,25-11-2024,UPI/General Txn,CREDIT,4923.48,55456.97,General
C4,25-11-2024,UPI/General Txn,DEBIT,1824.92,42399.82,General
C4,26-11-2024,UPI/General Txn,CREDIT,1466.51,63397.29,General
C4,26-11-2024,UPI/General Txn,CREDIT,3354.75,50728.16,General
C4,26-11-2024,UPI/General Txn,DEBIT,2709.29,86046.6,General
C4,26-11-2024,UPI/General Txn,CREDIT,2524.68,29342.06,General
C4,26-11-2024,UPI/General Txn,DEBIT,4630.3,92467.15,General
C4,26-11-2024,UPI/General Txn,CREDIT,970.37,1330.4,General
C4,26-11-2024,UPI/General Txn,CREDIT,4166.34,65962.87,General
C4,26-11-2024,UPI/General Txn,DEBIT,3448.42,38951.99,General
C4,26-11-2024,UPI/General Txn,CREDIT,3300.21,41619.09,General
C4,26-11-2024,UPI/General Txn,DEBIT,3218.44,14718.63,General
C4,26-11-2024,UPI/General Txn,DEBIT,3137.61,60357.25,General
C4,26-11-2024,UPI/General Txn,DEBIT,3687.53,33177.01,General
C4,27-11-2024,UPI/General Txn,CREDIT,915.65,68751.94,General
C4,27-11-2024,UPI/General Txn,DEBIT,4764.05,74553.57,General
C4,27-11-2024,UPI/General Txn,CREDIT,4429.21,55653.68,General
C4,27-11-2024,UPI/General Txn,DEBIT,4330.85,46319.12,General
C4,27-11-2024,UPI/General Txn,DEBIT,3642.99,18345.89,General
C4,27-11-2024,UPI/General Txn,DEBIT,4691.99,32949.7,General
C4,27-11-2024,UPI/General Txn,DEBIT,1535.61,21493.72,General
C4,27-11-2024,UPI/General Txn,DEBIT,2359.78,68683.44,General
C4,27-11-2024,UPI/General Txn,DEBIT,2273.9,79878.6,General
C4,28-11-2024,UPI/General Txn,DEBIT,2551.05,80565.01,General
C4,28-11-2024,UPI/General Txn,DEBIT,4205.59,25241.48,General
C4,28-11-2024,UPI/General Txn,DEBIT,3638.03,1681.45,General
C4,28-11-2024,UPI/General Txn,CREDIT,258.38,86839.21,General
C4,28-11-2024,UPI/General Txn,CREDIT,4978.12,7966.2,General
C4,28-11-2024,UPI/General Txn,CREDIT,2143.74,88452.35,General
C4,28-11-2024,UPI/General Txn,DEBIT,2732.97,44413.59,General
C4,28-11-2024,UPI/General Txn,DEBIT,4155.99,30003.34,General
C4,28-11-2024,UPI/General Txn,DEBIT,2052.14,36973.95,General
C4,28-11-2024,UPI/General Txn,CREDIT,3611.46,43430.27,General
C4,28-11-2024,UPI/General Txn,DEBIT,707.88,84859.97,General
C4,29-11-2024,UPI/General Txn,DEBIT,3792.53,72477.43,General
C4,29-11-2024,UPI/General Txn,CREDIT,1895.68,15053.06,General
C4,29-11-2024,UPI/General Txn,CREDIT,1291.04,21798.41,General
C4,29-11-2024,UPI/General Txn,DEBIT,575.92,46365.96,General
C4,29-11-2024,UPI/General Txn,DEBIT,3574.51,75941.08,General
C4,29-11-2024,UPI/General Txn,CREDIT,1777.97,33735.46,General
C4,29-11-2024,UPI/General Txn,CREDIT,2306.84,57254.89,General
C4,29-11-2024,UPI/General Txn,DEBIT,3012.7,15654.37,General
C4,29-11-2024,UPI/General Txn,DEBIT,1513.31,88136.89,General
C4,29-11-2024,UPI/General Txn,CREDIT,2861.34,31359.61,General
C4,29-11-2024,UPI/General Txn,CREDIT,3607.6,48053.2,General
C4,29-11-2024,UPI/General Txn,CREDIT,2255.33,16289.69,General
C4,30-11-2024,UPI/General Txn,CREDIT,817.98,86055.61,General
C4,30-11-2024,UPI/General Txn,DEBIT,1360.8,3772.47,General
C4,30-11-2024,UPI/General Txn,CREDIT,1137.14,15687.97,General
C4,30-11-2024,UPI/General Txn,CREDIT,159.13,72392.8,General
C4,30-11-2024,UPI/General Txn,CREDIT,3752.74,48220.46,General
C4,30-11-2024,UPI/General Txn,CREDIT,4510.02,64741.3,General
C4,30-11-2024,UPI/General Txn,CREDIT,2976.96,52810.4,General
C4,30-11-2024,UPI/General Txn,CREDIT,1952.1,65189.27,General
C4,30-11-2024,UPI/General Txn,CREDIT,4366.83,18363.35,General
C5,01-09-2024,UPI/General Txn,DEBIT,3376.85,34894.33,General
C5,01-09-2024,UPI/General Txn,DEBIT,1615.61,15858.76,General
C5,01-09-2024,UPI/General Txn,DEBIT,3082.34,65349.67,General
C5,01-09-2024,UPI/General Txn,CREDIT,1846.86,57371.39,General
C5,01-09-2024,UPI/General Txn,DEBIT,3229.32,84157.74,General
C5,01-09-2024,UPI/General Txn,DEBIT,4244.16,74396.41,General
C5,01-09-2024,UPI/General Txn,DEBIT,1881.45,40450.63,General
C5,01-09-2024,UPI/General Txn,CREDIT,584.32,51234.23,General
C5,02-09-2024,UPI/General Txn,DEBIT,2811.09,97073.28,General
C5,02-09-2024,UPI/General Txn,DEBIT,374.28,25224.53,General
C5,02-09-2024,UPI/General Txn,DEBIT,4006.62,69280.2,General
C5,02-09-2024,UPI/General Txn,DEBIT,3288.96,23605.65,General
C5,02-09-2024,UPI/General Txn,DEBIT,3615.16,4983.05,General
C5,02-09-2024,UPI/General Txn,CREDIT,3084.77,10044.56,General
C5,02-09-2024,UPI/General Txn,DEBIT,1031.07,90707.96,General
C5,02-09-2024,UPI/General Txn,CREDIT,749.49,7025.65,General
C5,02-09-2024,UPI/General Txn,CREDIT,1215.17,46962.86,General
C5,02-09-2024,UPI/General Txn,DEBIT,2730.97,32566.98,General
C5,03-09-2024,UPI/General Txn,DEBIT,1062.49,44747.91,General
C5,03-09-2024,UPI/General Txn,DEBIT,2432.58,54694.51,General
C5,03-09-2024,UPI/General Txn,CREDIT,1153.47,30696.14,General
C5,03-09-2024,UPI/General Txn,CREDIT,147.05,86252.77,General
C5,03-09-2024,UPI/General Txn,CREDIT,646.47,77962.19,General
C5,03-09-2024,UPI/General Txn,CREDIT,1054.51,99231.53,General
C5,03-09-2024,UPI/General Txn,CREDIT,1333.56,60534.06,General
C5,03-09-2024,UPI/General Txn,DEBIT,2513.77,33535.3,General
C5,04-09-2024,UPI/General Txn,CREDIT,2619.58,27155.79,General
C5,04-09-2024,UPI/General Txn,CREDIT,2707.73,28253.55,General
C5,04-09-2024,UPI/General Txn,CREDIT,2850.2,62966.25,General
C5,04-09-2024,UPI/General Txn,DEBIT,646.2,49270.46,General
C5,04-09-2024,UPI/General Txn,CREDIT,1664.12,50083,General
C5,04-09-2024,UPI/General Txn,CREDIT,976.1,67624.64,General
C5,04-09-2024,UPI/General Txn,CREDIT,563.38,34900.74,General
C5,04-09-2024,UPI/General Txn,DEBIT,3466.1,20165.95,General
C5,04-09-2024,UPI/General Txn,DEBIT,632.69,22108.43,General
C5,04-09-2024,UPI/General Txn,CREDIT,2558.72,76875.63,General
C5,04-09-2024,UPI/General Txn,CREDIT,2412.19,92827.6,General
C5,05-09-2024,UPI/General Txn,DEBIT,2897.94,33052.78,General
C5,05-09-2024,UPI/General Txn,CREDIT,1040.33,78795.3,General
C5,05-09-2024,UPI/General Txn,DEBIT,4276.55,33242.44,General
C5,05-09-2024,UPI/General Txn,CREDIT,2630.68,65695.57,General
C5,05-09-2024,UPI/General Txn,CREDIT,3964.87,23643.64,General
C5,05-09-2024,UPI/General Txn,CREDIT,1387.99,37708.32,General
C5,05-09-2024,UPI/General Txn,CREDIT,1600.54,83093.9,General
C5,05-09-2024,UPI/General Txn,CREDIT,1645.2,43104.49,General
C5,05-09-2024,UPI/General Txn,CREDIT,2028.36,1561.58,General
C5,06-09-2024,UPI/General Txn,CREDIT,371.01,36007.58,General
C5,06-09-2024,UPI/General Txn,CREDIT,4046.32,76937.81,General
C5,06-09-2024,UPI/General Txn,DEBIT,195.45,21652.3,General
C5,06-09-2024,UPI/General Txn,CREDIT,3611.7,83422.62,General
C5,06-09-2024,UPI/General Txn,CREDIT,216.03,79301.08,General
C5,06-09-2024,UPI/General Txn,DEBIT,1695.86,79949.99,General
C5,06-09-2024,UPI/General Txn,CREDIT,3126.02,85783.94,General
C5,06-09-2024,UPI/General Txn,DEBIT,623.49,16881.38,General
C5,06-09-2024,UPI/General Txn,CREDIT,3641.96,95252.49,General
C5,06-09-2024,UPI/General Txn,CREDIT,4738.87,69092.3,General
C5,06-09-2024,UPI/General Txn,CREDIT,4553.55,25734.77,General
C5,07-09-2024,UPI/General Txn,DEBIT,2971.96,11042.55,General
C5,07-09-2024,UPI/General Txn,CREDIT,3234.18,54251.68,General
C5,07-09-2024,UPI/General Txn,CREDIT,2246.81,11992.05,General
C5,07-09-2024,UPI/General Txn,DEBIT,758,33130.01,General
C5,07-09-2024,UPI/General Txn,CREDIT,3898.69,82606.76,General
C5,07-09-2024,UPI/General Txn,CREDIT,4382.36,57834.72,General
C5,07-09-2024,UPI/General Txn,CREDIT,2853,25277.44,General
C5,07-09-2024,UPI/General Txn,CREDIT,2906.39,56110.77,General
C5,07-09-2024,UPI/General Txn,DEBIT,4104.82,14906.29,General
C5,07-09-2024,UPI/General Txn,CREDIT,3872.54,95762.81,General
C5,07-09-2024,UPI/General Txn,CREDIT,1870.03,74980.05,General
C5,07-09-2024,UPI/General Txn,CREDIT,1152.58,47364.31,General
C5,08-09-2024,UPI/General Txn,DEBIT,1874.8,68089.21,General
C5,08-09-2024,UPI/General Txn,CREDIT,3549.9,60758.07,General
C5,08-09-2024,UPI/General Txn,DEBIT,4670.14,12799.85,General
C5,08-09-2024,UPI/General Txn,CREDIT,2112.82,80800.42,General
C5,08-09-2024,UPI/General Txn,DEBIT,4010.68,91385.24,General
C5,08-09-2024,UPI/General Txn,DEBIT,2610.08,57005.74,General
C5,08-09-2024,UPI/General Txn,CREDIT,4978.71,79223.61,General
C5,08-09-2024,UPI/General Txn,CREDIT,2510.85,63803.01,General
C5,08-09-2024,UPI/General Txn,DEBIT,3698.73,97448.53,General
C5,08-09-2024,UPI/General Txn,DEBIT,3924.88,80060.51,General
C5,08-09-2024,UPI/General Txn,DEBIT,4246.87,57818.6,General
C5,09-09-2024,UPI/General Txn,DEBIT,3089.15,75438.83,General
C5,09-09-2024,UPI/General Txn,CREDIT,3858.86,81957.82,General
C5,09-09-2024,UPI/General Txn,DEBIT,2382,65393.93,General
C5,09-09-2024,UPI/General Txn,CREDIT,457.83,45950.66,General
C5,09-09-2024,UPI/General Txn,CREDIT,3927.45,89050.3,General
C5,09-09-2024,UPI/General Txn,CREDIT,2067.18,1629.04,General
C5,09-09-2024,UPI/General Txn,DEBIT,4158.29,1845.25,General
C5,09-09-2024,UPI/General Txn,DEBIT,1679.68,26626.44,General
C5,09-09-2024,UPI/General Txn,CREDIT,1192.16,53704.06,General
C5,09-09-2024,UPI/General Txn,DEBIT,3302.7,77222.85,General
C5,09-09-2024,UPI/General Txn,CREDIT,2914.75,89431.11,General
C5,10-09-2024,UPI/General Txn,DEBIT,847.76,21408.27,General
C5,10-09-2024,UPI/General Txn,DEBIT,989.77,53808.78,General
C5,10-09-2024,UPI/General Txn,DEBIT,4728.02,78166.86,General
C5,10-09-2024,UPI/General Txn,DEBIT,2746.37,33418.64,General
C5,10-09-2024,UPI/General Txn,DEBIT,1645.15,66158.54,General
C5,10-09-2024,UPI/General Txn,DEBIT,1088.34,43004.08,General
C5,10-09-2024,UPI/General Txn,DEBIT,1428.28,77462.19,General
C5,10-09-2024,UPI/General Txn,CREDIT,233.75,13187.9,General
C5,10-09-2024,UPI/General Txn,DEBIT,4745.27,44951.29,General
C5,10-09-2024,UPI/General Txn,DEBIT,3745.32,38661.24,General
C5,10-09-2024,UPI/General Txn,CREDIT,2289.38,20665.14,General
C5,10-09-2024,UPI/General Txn,DEBIT,3877.82,10192.33,General
C5,11-09-2024,UPI/General Txn,DEBIT,2582.85,17125.42,General
C5,11-09-2024,UPI/General Txn,CREDIT,1127.23,74323.56,General
C5,11-09-2024,UPI/General Txn,CREDIT,1856.11,42097.66,General
C5,11-09-2024,UPI/General Txn,DEBIT,1130.6,80179.33,General
C5,11-09-2024,UPI/General Txn,CREDIT,1863.31,51364.79,General
C5,11-09-2024,UPI/General Txn,DEBIT,4729.99,1718.3,General
C5,11-09-2024,UPI/General Txn,CREDIT,4036.72,96195.31,General
C5,11-09-2024,UPI/General Txn,CREDIT,590.32,94627.45,General
C5,11-09-2024,UPI/General Txn,CREDIT,4199.02,94648.12,General
C5,12-09-2024,UPI/General Txn,DEBIT,1223.86,65392.83,General
C5,12-09-2024,UPI/General Txn,CREDIT,4069.83,2569.15,General
C5,12-09-2024,UPI/General Txn,CREDIT,4824.75,5491.58,General
C5,12-09-2024,UPI/General Txn,DEBIT,4252.33,56893.35,General
C5,12-09-2024,UPI/General Txn,DEBIT,726.95,14881.82,General
C5,12-09-2024,UPI/General Txn,DEBIT,2402.08,7056.96,General
C5,12-09-2024,UPI/General Txn,CREDIT,4031.66,37798.7,General
C5,12-09-2024,UPI/General Txn,DEBIT,2132.89,42504.68,General
C5,12-09-2024,UPI/General Txn,DEBIT,955.72,74454.7,General
C5,12-09-2024,UPI/General Txn,DEBIT,4070.57,37141.73,General
C5,13-09-2024,UPI/General Txn,DEBIT,3954.13,50257.98,General
C5,13-09-2024,UPI/General Txn,CREDIT,1599.72,90989.1,General
C5,13-09-2024,UPI/General Txn,CREDIT,1399.39,3819.34,General
C5,13-09-2024,UPI/General Txn,DEBIT,226.57,88993.22,General
C5,13-09-2024,UPI/General Txn,DEBIT,267.69,91444.12,General
C5,13-09-2024,UPI/General Txn,CREDIT,327.85,76487.73,General
C5,13-09-2024,UPI/General Txn,DEBIT,3640.36,16659.09,General
C5,13-09-2024,UPI/General Txn,DEBIT,173.2,10120.27,General
C5,14-09-2024,UPI/General Txn,CREDIT,650.81,46978.9,General
C5,14-09-2024,UPI/General Txn,CREDIT,2133.88,14306.13,General
C5,14-09-2024,UPI/General Txn,DEBIT,3056.03,31831.66,General
C5,14-09-2024,UPI/General Txn,CREDIT,2400.49,13691.66,General
C5,14-09-2024,UPI/General Txn,CREDIT,3316.23,95733.63,General
C5,14-09-2024,UPI/General Txn,DEBIT,3375.32,48301.19,General
C5,14-09-2024,UPI/General Txn,DEBIT,3768.72,13457.46,General
C5,14-09-2024,UPI/General Txn,DEBIT,2622.2,23329.63,General
C5,15-09-2024,UPI/General Txn,CREDIT,3741.61,28947.68,General
C5,15-09-2024,UPI/General Txn,DEBIT,3113.57,23396.12,General
C5,15-09-2024,UPI/General Txn,CREDIT,1004.67,33533.95,General
C5,15-09-2024,UPI/General Txn,CREDIT,4872.39,76229.47,General
C5,15-09-2024,UPI/General Txn,CREDIT,745.36,38102.3,General
C5,15-09-2024,UPI/General Txn,DEBIT,811.58,75045.66,General
C5,15-09-2024,UPI/General Txn,DEBIT,4018.88,79625.29,General
C5,15-09-2024,UPI/General Txn,DEBIT,4899.7,15152.49,General
C5,16-09-2024,UPI/General Txn,DEBIT,4193.36,17026.64,General
C5,16-09-2024,UPI/General Txn,CREDIT,1680.41,48900.64,General
C5,16-09-2024,UPI/General Txn,CREDIT,1785.12,45758.31,General
C5,16-09-2024,UPI/General Txn,CREDIT,1152.7,55042.06,General
C5,16-09-2024,UPI/General Txn,CREDIT,677.31,65890.59,General
C5,16-09-2024,UPI/General Txn,CREDIT,2621.01,34388.2,General
C5,16-09-2024,UPI/General Txn,CREDIT,4473.38,34757.32,General
C5,16-09-2024,UPI/General Txn,CREDIT,4372.66,66661.56,General
C5,17-09-2024,UPI/General Txn,CREDIT,3840.02,7248.66,General
C5,17-09-2024,UPI/General Txn,DEBIT,1890.57,96510.6,General
C5,17-09-2024,UPI/General Txn,DEBIT,718.52,97533.7,General
C5,17-09-2024,UPI/General Txn,DEBIT,4167.38,55496.01,General
C5,17-09-2024,UPI/General Txn,CREDIT,1549,31396.01,General
C5,17-09-2024,UPI/General Txn,DEBIT,2237.2,96662.96,General
C5,17-09-2024,UPI/General Txn,DEBIT,4861.23,40358.25,General
C5,17-09-2024,UPI/General Txn,DEBIT,4712.12,15029.13,General
C5,17-09-2024,UPI/General Txn,DEBIT,3434.81,20669.03,General
C5,17-09-2024,UPI/General Txn,DEBIT,3748.52,56725.42,General
C5,18-09-2024,UPI/General Txn,CREDIT,2672.72,54406.26,General
C5,18-09-2024,UPI/General Txn,DEBIT,3499.1,38072.74,General
C5,18-09-2024,UPI/General Txn,DEBIT,590.68,63855.83,General
C5,18-09-2024,UPI/General Txn,DEBIT,4308.81,84480.64,General
C5,18-09-2024,UPI/General Txn,DEBIT,3780.41,54541.34,General
C5,18-09-2024,UPI/General Txn,CREDIT,4780.14,85971.22,General
C5,18-09-2024,UPI/General Txn,CREDIT,1464.26,30353.15,General
C5,18-09-2024,UPI/General Txn,CREDIT,4514.69,89480.7,General
C5,18-09-2024,UPI/General Txn,DEBIT,2393.22,72433.22,General
C5,18-09-2024,UPI/General Txn,DEBIT,1569.97,25881.59,General
C5,18-09-2024,UPI/General Txn,CREDIT,2823.21,21666.73,General
C5,18-09-2024,UPI/General Txn,DEBIT,3693.96,6863,General
C5,19-09-2024,UPI/General Txn,CREDIT,787.49,82421.68,General
C5,19-09-2024,UPI/General Txn,DEBIT,3846.51,39732.59,General
C5,19-09-2024,UPI/General Txn,CREDIT,881.27,39708.97,General
C5,19-09-2024,UPI/General Txn,CREDIT,1047.52,7982.63,General
C5,19-09-2024,UPI/General Txn,CREDIT,4820.45,14903.59,General
C5,19-09-2024,UPI/General Txn,DEBIT,2067.06,21377.28,General
C5,19-09-2024,UPI/General Txn,CREDIT,797.8,76297.87,General
C5,19-09-2024,UPI/General Txn,DEBIT,152.77,52541.41,General
C5,19-09-2024,UPI/General Txn,CREDIT,2668.78,23985.94,General
C5,19-09-2024,UPI/General Txn,DEBIT,2247.53,54584.69,General
C5,19-09-2024,UPI/General Txn,DEBIT,3089.17,7969.87,General
C5,20-09-2024,UPI/General Txn,DEBIT,4388.65,38768.67,General
C5,20-09-2024,UPI/General Txn,DEBIT,4466.47,63062.94,General
C5,20-09-2024,UPI/General Txn,DEBIT,2186.96,87747.99,General
C5,20-09-2024,UPI/General Txn,CREDIT,3488.04,76087.49,General
C5,20-09-2024,UPI/General Txn,DEBIT,1200.7,9768.72,General
C5,20-09-2024,UPI/General Txn,CREDIT,3685.62,24887.97,General
C5,20-09-2024,UPI/General Txn,CREDIT,4264.83,83834.2,General
C5,20-09-2024,UPI/General Txn,CREDIT,4819.9,6608.6,General
C5,20-09-2024,UPI/General Txn,CREDIT,615.43,84390.17,General
C5,20-09-2024,UPI/General Txn,CREDIT,3688.97,64386.28,General
C5,21-09-2024,UPI/General Txn,CREDIT,2156.26,98325.57,General
C5,21-09-2024,UPI/General Txn,DEBIT,507.16,71596.47,General
C5,21-09-2024,UPI/General Txn,CREDIT,2479.19,22917.43,General
C5,21-09-2024,UPI/General Txn,CREDIT,2225.46,11292.58,General
C5,21-09-2024,UPI/General Txn,CREDIT,3926.52,56506.41,General
C5,21-09-2024,UPI/General Txn,CREDIT,4203.32,61056.16,General
C5,21-09-2024,UPI/General Txn,CREDIT,4364.93,5168.02,General
C5,21-09-2024,UPI/General Txn,DEBIT,628.21,57986.93,General
C5,21-09-2024,UPI/General Txn,DEBIT,675.62,36709.38,General
C5,21-09-2024,UPI/General Txn,CREDIT,3395.79,81713.07,General
C5,22-09-2024,UPI/General Txn,CREDIT,1801.79,85371.07,General
C5,22-09-2024,UPI/General Txn,DEBIT,2909.39,94079.5,General
C5,22-09-2024,UPI/General Txn,CREDIT,4084.49,67237.77,General
C5,22-09-2024,UPI/General Txn,DEBIT,225.64,3390.3,General
C5,22-09-2024,UPI/General Txn,DEBIT,4735.15,29935.41,General
C5,22-09-2024,UPI/General Txn,DEBIT,2119.51,73176.68,General
C5,22-09-2024,UPI/General Txn,CREDIT,4262.21,36500.3,General
C5,22-09-2024,UPI/General Txn,CREDIT,3446.76,97384.38,General
C5,23-09-2024,UPI/General Txn,DEBIT,1455.5,33126.73,General
C5,23-09-2024,UPI/General Txn,CREDIT,3525.61,77092.5,General
C5,23-09-2024,UPI/General Txn,CREDIT,886.9,74329.77,General
C5,23-09-2024,UPI/General Txn,DEBIT,3791.26,84627.26,General
C5,23-09-2024,UPI/General Txn,CREDIT,4297.57,35828.67,General
C5,23-09-2024,UPI/General Txn,DEBIT,2737.35,32336.88,General
C5,23-09-2024,UPI/General Txn,DEBIT,1598.59,64305.72,General
C5,23-09-2024,UPI/General Txn,CREDIT,1633.33,64308.03,General
C5,23-09-2024,UPI/General Txn,DEBIT,3807.17,27203.36,General
C5,24-09-2024,UPI/General Txn,CREDIT,1817.91,89682.24,General
C5,24-09-2024,UPI/General Txn,DEBIT,3798.38,32953.22,General
C5,24-09-2024,UPI/General Txn,CREDIT,646.25,90974.2,General
C5,24-09-2024,UPI/General Txn,CREDIT,3531.12,75920.29,General
C5,24-09-2024,UPI/General Txn,CREDIT,2737.45,62228.63,General
C5,24-09-2024,UPI/General Txn,DEBIT,472.08,9963.68,General
C5,24-09-2024,UPI/General Txn,CREDIT,3030.05,85368.67,General
C5,24-09-2024,UPI/General Txn,CREDIT,814.25,53749.95,General
C5,24-09-2024,UPI/General Txn,CREDIT,2044.11,11258.98,General
C5,24-09-2024,UPI/General Txn,CREDIT,4784.77,61728.58,General
C5,24-09-2024,UPI/General Txn,CREDIT,4856.65,99944.45,General
C5,25-09-2024,UPI/General Txn,DEBIT,4148.06,55250.73,General
C5,25-09-2024,UPI/General Txn,CREDIT,3370.85,3609.56,General
C5,25-09-2024,UPI/General Txn,DEBIT,1199.9,25289.82,General
C5,25-09-2024,UPI/General Txn,DEBIT,1206.58,15392.29,General
C5,25-09-2024,UPI/General Txn,DEBIT,1554.29,85895.6,General
C5,25-09-2024,UPI/General Txn,CREDIT,2468.04,42038.06,General
C5,25-09-2024,UPI/General Txn,DEBIT,2801.01,41820.03,General
C5,25-09-2024,UPI/General Txn,CREDIT,4254.73,63098.26,General
C5,25-09-2024,UPI/General Txn,CREDIT,4454.16,74932.49,General
C5,25-09-2024,UPI/General Txn,CREDIT,3563.06,80539.18,General
C5,25-09-2024,UPI/General Txn,CREDIT,1391.43,37086.94,General
C5,26-09-2024,UPI/General Txn,CREDIT,1668.76,8627,General
C5,26-09-2024,UPI/General Txn,CREDIT,3496.68,86134.53,General
C5,26-09-2024,UPI/General Txn,DEBIT,4932.65,79760.15,General
C5,26-09-2024,UPI/General Txn,DEBIT,2936.9,98120.09,General
C5,26-09-2024,UPI/General Txn,CREDIT,3942.67,54000.63,General
C5,26-09-2024,UPI/General Txn,DEBIT,613.56,72290.52,General
C5,26-09-2024,UPI/General Txn,DEBIT,3616.07,47063.36,General
C5,26-09-2024,UPI/General Txn,DEBIT,2913.87,46563.65,General
C5,26-09-2024,UPI/General Txn,CREDIT,2245.57,7401.12,General
C5,27-09-2024,UPI/General Txn,CREDIT,208.36,56340.61,General
C5,27-09-2024,UPI/General Txn,CREDIT,381.97,48186.02,General
C5,27-09-2024,UPI/General Txn,DEBIT,3560.91,68518.69,General
C5,27-09-2024,UPI/General Txn,CREDIT,420.52,57405.61,General
C5,27-09-2024,UPI/General Txn,DEBIT,4742.02,71647.61,General
C5,27-09-2024,UPI/General Txn,DEBIT,2504.97,98634.45,General
C5,27-09-2024,UPI/General Txn,CREDIT,1154.5,31672.7,General
C5,27-09-2024,UPI/General Txn,CREDIT,3516.31,33722.79,General
C5,27-09-2024,UPI/General Txn,CREDIT,2892.3,15279.07,General
C5,28-09-2024,UPI/General Txn,CREDIT,4902.87,86410.67,General
C5,28-09-2024,UPI/General Txn,DEBIT,4857.35,71499.26,General
C5,28-09-2024,UPI/General Txn,DEBIT,1855.91,77687.47,General
C5,28-09-2024,UPI/General Txn,DEBIT,447.97,53447.43,General
C5,28-09-2024,UPI/General Txn,DEBIT,3678.86,25631.15,General
C5,28-09-2024,UPI/General Txn,DEBIT,3047.47,83738.2,General
C5,28-09-2024,UPI/General Txn,CREDIT,244.49,73138.04,General
C5,28-09-2024,UPI/General Txn,DEBIT,1725.77,94668.57,General
C5,28-09-2024,UPI/General Txn,CREDIT,2912.61,80686.48,General
C5,28-09-2024,UPI/General Txn,CREDIT,1968.32,14712.44,General
C5,28-09-2024,UPI/General Txn,DEBIT,1782.15,31808.34,General
C5,28-09-2024,UPI/General Txn,CREDIT,969.31,88027.39,General
C5,29-09-2024,UPI/General Txn,CREDIT,544.6,40741.35,General
C5,29-09-2024,UPI/General Txn,DEBIT,1210.54,34632.3,General
C5,29-09-2024,UPI/General Txn,CREDIT,3783.9,3019.68,General
C5,29-09-2024,UPI/General Txn,DEBIT,3070.18,68588.3,General
C5,29-09-2024,UPI/General Txn,DEBIT,567.9,96396.38,General
C5,29-09-2024,UPI/General Txn,DEBIT,2692.69,33359.11,General
C5,29-09-2024,UPI/General Txn,CREDIT,1600.69,86076.5,General
C5,29-09-2024,UPI/General Txn,DEBIT,4782.99,64011.69,General
C5,29-09-2024,UPI/General Txn,DEBIT,2541.19,97601.66,General
C5,29-09-2024,UPI/General Txn,DEBIT,575.13,60372.11,General
C5,29-09-2024,UPI/General Txn,CREDIT,2912.53,70930.39,General
C5,30-09-2024,UPI/General Txn,CREDIT,2585.91,4003.83,General
C5,30-09-2024,UPI/General Txn,DEBIT,289.99,80913.28,General
C5,30-09-2024,UPI/General Txn,CREDIT,1627.16,11669.72,General
C5,30-09-2024,UPI/General Txn,DEBIT,3446.86,90122.83,General
C5,30-09-2024,UPI/General Txn,DEBIT,2538.49,99736.85,General
C5,30-09-2024,UPI/General Txn,CREDIT,4608,92932.04,General
C5,30-09-2024,UPI/General Txn,CREDIT,2785.1,78622.2,General
C5,30-09-2024,UPI/General Txn,DEBIT,4725.65,34496.05,General
C5,30-09-2024,UPI/General Txn,DEBIT,1891.9,96078.32,General
C5,01-10-2024,UPI/General Txn,CREDIT,1022.87,5117.45,General
C5,01-10-2024,UPI/General Txn,CREDIT,387.26,81279.83,General
C5,01-10-2024,UPI/General Txn,DEBIT,4557.37,84929.64,General
C5,01-10-2024,UPI/General Txn,CREDIT,545.67,91274.84,General
C5,01-10-2024,UPI/General Txn,CREDIT,2858.68,75935.42,General
C5,01-10-2024,UPI/General Txn,CREDIT,3251.67,32711.33,General
C5,01-10-2024,UPI/General Txn,DEBIT,2294.73,30002.96,General
C5,01-10-2024,UPI/General Txn,CREDIT,3169.06,44078.74,General
C5,01-10-2024,UPI/General Txn,DEBIT,503.71,49632.7,General
C5,01-10-2024,UPI/General Txn,CREDIT,1675.42,61356.66,General
C5,01-10-2024,UPI/General Txn,CREDIT,1598.9,77313.43,General
C5,02-10-2024,UPI/General Txn,DEBIT,2685,19619.81,General
C5,02-10-2024,UPI/General Txn,DEBIT,537.02,64452.31,General
C5,02-10-2024,UPI/General Txn,DEBIT,3722.36,5673.55,General
C5,02-10-2024,UPI/General Txn,DEBIT,1584.44,35824.8,General
C5,02-10-2024,UPI/General Txn,CREDIT,2735.04,74115.47,General
C5,02-10-2024,UPI/General Txn,DEBIT,2667.52,51365.81,General
C5,02-10-2024,UPI/General Txn,DEBIT,3437.55,91155.55,General
C5,02-10-2024,UPI/General Txn,DEBIT,583.39,89343.25,General
C5,03-10-2024,UPI/General Txn,DEBIT,457.52,50032.25,General
C5,03-10-2024,UPI/General Txn,DEBIT,2898.61,5478.15,General
C5,03-10-2024,UPI/General Txn,DEBIT,1969.29,92506.91,General
C5,03-10-2024,UPI/General Txn,DEBIT,123.22,66299.82,General
C5,03-10-2024,UPI/General Txn,CREDIT,4584.7,98455.79,General
C5,03-10-2024,UPI/General Txn,DEBIT,4936.72,37806.59,General
C5,03-10-2024,UPI/General Txn,DEBIT,4205.16,16436.97,General
C5,03-10-2024,UPI/General Txn,CREDIT,3033.88,88312.53,General
C5,03-10-2024,UPI/General Txn,CREDIT,2171.92,21282.75,General
C5,03-10-2024,UPI/General Txn,CREDIT,4405.54,41511.14,General
C5,04-10-2024,UPI/General Txn,CREDIT,2137.85,38336.04,General
C5,04-10-2024,UPI/General Txn,DEBIT,4228.91,81855.74,General
C5,04-10-2024,UPI/General Txn,DEBIT,2492.26,63027.17,General
C5,04-10-2024,UPI/General Txn,CREDIT,2037.8,13759.94,General
C5,04-10-2024,UPI/General Txn,DEBIT,3478.55,64122.11,General
C5,04-10-2024,UPI/General Txn,CREDIT,664.86,7583.53,General
C5,04-10-2024,UPI/General Txn,DEBIT,2731,94406.81,General
C5,04-10-2024,UPI/General Txn,CREDIT,1356.85,29195.87,General
C5,05-10-2024,UPI/General Txn,CREDIT,1495.05,11740.71,General
C5,05-10-2024,UPI/General Txn,DEBIT,685.06,95070.7,General
C5,05-10-2024,UPI/General Txn,CREDIT,2818.27,20878.03,General
C5,05-10-2024,UPI/General Txn,DEBIT,2639.31,47426.74,General
C5,05-10-2024,UPI/General Txn,DEBIT,635.79,4765.09,General
C5,05-10-2024,UPI/General Txn,DEBIT,2001.51,76491.6,General
C5,05-10-2024,UPI/General Txn,DEBIT,4051.4,44158.91,General
C5,05-10-2024,UPI/General Txn,DEBIT,1917.42,44760.36,General
C5,05-10-2024,UPI/General Txn,DEBIT,3868.72,77086.37,General
C5,05-10-2024,UPI/General Txn,DEBIT,3652.06,57311.33,General
C5,06-10-2024,UPI/General Txn,CREDIT,1772.6,92262.14,General
C5,06-10-2024,UPI/General Txn,DEBIT,1815.57,90254.72,General
C5,06-10-2024,UPI/General Txn,CREDIT,376.5,16156.65,General
C5,06-10-2024,UPI/General Txn,DEBIT,1529.85,23298.32,General
C5,06-10-2024,UPI/General Txn,CREDIT,3173.35,66143.21,General
C5,06-10-2024,UPI/General Txn,CREDIT,2250.47,7868.91,General
C5,06-10-2024,UPI/General Txn,CREDIT,1304.3,56128.46,General
C5,06-10-2024,UPI/General Txn,CREDIT,802.48,6614.6,General
C5,06-10-2024,UPI/General Txn,CREDIT,3455.34,52286.68,General
C5,07-10-2024,UPI/General Txn,DEBIT,3131.07,72683.86,General
C5,07-10-2024,UPI/General Txn,DEBIT,1676.12,15205.16,General
C5,07-10-2024,UPI/General Txn,DEBIT,608.58,1584.26,General
C5,07-10-2024,UPI/General Txn,DEBIT,116.76,81556.9,General
C5,07-10-2024,UPI/General Txn,DEBIT,3866.61,85843.3,General
C5,07-10-2024,UPI/General Txn,DEBIT,3834.66,56800.24,General
C5,07-10-2024,UPI/General Txn,CREDIT,462.23,93783.88,General
C5,07-10-2024,UPI/General Txn,CREDIT,3259.47,68875.39,General
C5,08-10-2024,UPI/General Txn,DEBIT,2303.39,68605.24,General
C5,08-10-2024,UPI/General Txn,CREDIT,3101.78,98032.98,General
C5,08-10-2024,UPI/General Txn,CREDIT,3219.82,92023.23,General
C5,08-10-2024,UPI/General Txn,CREDIT,850.38,23160.14,General
C5,08-10-2024,UPI/General Txn,DEBIT,1505.63,96340.93,General
C5,08-10-2024,UPI/General Txn,CREDIT,2003.41,88311.81,General
C5,08-10-2024,UPI/General Txn,DEBIT,1903.58,43741.92,General
C5,08-10-2024,UPI/General Txn,DEBIT,1569.3,46533.27,General
C5,08-10-2024,UPI/General Txn,DEBIT,3582.36,98761.45,General
C5,08-10-2024,UPI/General Txn,CREDIT,712.62,21601.99,General
C5,08-10-2024,UPI/General Txn,CREDIT,2088.38,46597.57,General
C5,09-10-2024,UPI/General Txn,CREDIT,2275.08,46888.2,General
C5,09-10-2024,UPI/General Txn,CREDIT,1755.23,14178.35,General
C5,09-10-2024,UPI/General Txn,DEBIT,2696.69,22478.97,General
C5,09-10-2024,UPI/General Txn,DEBIT,1035.73,94852.5,General
C5,09-10-2024,UPI/General Txn,CREDIT,3673.6,90135.08,General
C5,09-10-2024,UPI/General Txn,CREDIT,2786.21,38106.85,General
C5,09-10-2024,UPI/General Txn,CREDIT,1603.81,14991.82,General
C5,09-10-2024,UPI/General Txn,CREDIT,632.39,30731.71,General
C5,09-10-2024,UPI/General Txn,CREDIT,4181.15,6037.69,General
C5,09-10-2024,UPI/General Txn,DEBIT,1164.17,66305.49,General
C5,09-10-2024,UPI/General Txn,CREDIT,4691.9,18851.21,General
C5,10-10-2024,UPI/General Txn,DEBIT,216.79,39211.1,General
C5,10-10-2024,UPI/General Txn,CREDIT,3368.27,98379.62,General
C5,10-10-2024,UPI/General Txn,DEBIT,3435.09,64482.58,General
C5,10-10-2024,UPI/General Txn,DEBIT,2917.84,15917.64,General
C5,10-10-2024,UPI/General Txn,DEBIT,1650.8,86934.98,General
C5,10-10-2024,UPI/General Txn,CREDIT,739.72,32305.25,General
C5,10-10-2024,UPI/General Txn,DEBIT,4671.8,67942.75,General
C5,10-10-2024,UPI/General Txn,DEBIT,3956.12,3125.14,General
C5,10-10-2024,UPI/General Txn,DEBIT,4608.84,33819.35,General
C5,10-10-2024,UPI/General Txn,CREDIT,540.74,21097.7,General
C5,10-10-2024,UPI/General Txn,DEBIT,837.95,31448.62,General
C5,11-10-2024,UPI/General Txn,CREDIT,1878.41,58761.4,General
C5,11-10-2024,UPI/General Txn,CREDIT,4158.45,34523.46,General
C5,11-10-2024,UPI/General Txn,CREDIT,958.57,11048.45,General
C5,11-10-2024,UPI/General Txn,DEBIT,2853.25,17162.42,General
C5,11-10-2024,UPI/General Txn,CREDIT,680.36,16669.76,General
C5,11-10-2024,UPI/General Txn,CREDIT,2806.37,70286.4,General
C5,11-10-2024,UPI/General Txn,DEBIT,1478.05,97636.35,General
C5,11-10-2024,UPI/General Txn,DEBIT,3352.96,91009.3,General
C5,12-10-2024,UPI/General Txn,DEBIT,3802.8,88142.95,General
C5,12-10-2024,UPI/General Txn,CREDIT,2416.78,17875.34,General
C5,12-10-2024,UPI/General Txn,CREDIT,197.78,93163.28,General
C5,12-10-2024,UPI/General Txn,DEBIT,2965.97,45286.01,General
C5,12-10-2024,UPI/General Txn,CREDIT,197.3,94713.8,General
C5,12-10-2024,UPI/General Txn,CREDIT,2877.24,98793.71,General
C5,12-10-2024,UPI/General Txn,DEBIT,4443.8,18546.31,General
C5,12-10-2024,UPI/General Txn,CREDIT,3157.75,91759.64,General
C5,13-10-2024,UPI/General Txn,DEBIT,4965.19,96195.94,General
C5,13-10-2024,UPI/General Txn,DEBIT,1671.42,36116.47,General
C5,13-10-2024,UPI/General Txn,CREDIT,4919.5,2579.6,General
C5,13-10-2024,UPI/General Txn,CREDIT,4466.13,99178.48,General
C5,13-10-2024,UPI/General Txn,CREDIT,1889.56,20010.29,General
C5,13-10-2024,UPI/General Txn,DEBIT,1473.2,49471.3,General
C5,13-10-2024,UPI/General Txn,DEBIT,4538.5,65291.11,General
C5,13-10-2024,UPI/General Txn,CREDIT,3532.52,45444.18,General
C5,14-10-2024,UPI/General Txn,CREDIT,1753.84,75249.76,General
C5,14-10-2024,UPI/General Txn,CREDIT,3822.85,66281.64,General
C5,14-10-2024,UPI/General Txn,DEBIT,1731.3,13934.34,General
C5,14-10-2024,UPI/General Txn,DEBIT,4893.42,73729.49,General
C5,14-10-2024,UPI/General Txn,CREDIT,194.14,20764.6,General
C5,14-10-2024,UPI/General Txn,CREDIT,2403.59,4562.33,General
C5,14-10-2024,UPI/General Txn,CREDIT,3392.33,34227.86,General
C5,14-10-2024,UPI/General Txn,CREDIT,4035.42,41312.31,General
C5,14-10-2024,UPI/General Txn,CREDIT,1776.43,72192.59,General
C5,14-10-2024,UPI/General Txn,CREDIT,2806.67,28882.47,General
C5,14-10-2024,UPI/General Txn,CREDIT,508.2,91958.84,General
C5,15-10-2024,UPI/General Txn,CREDIT,4046.83,86286.43,General
C5,15-10-2024,UPI/General Txn,DEBIT,4489.51,81264.75,General
C5,15-10-2024,UPI/General Txn,DEBIT,4050.51,25053.14,General
C5,15-10-2024,UPI/General Txn,DEBIT,967.83,16246.61,General
C5,15-10-2024,UPI/General Txn,DEBIT,4027.14,86505.35,General
C5,15-10-2024,UPI/General Txn,DEBIT,147.26,73913.85,General
C5,15-10-2024,UPI/General Txn,DEBIT,1771.56,16468.14,General
C5,15-10-2024,UPI/General Txn,CREDIT,3168.02,63469.29,General
C5,16-10-2024,UPI/General Txn,DEBIT,3952.05,61643.95,General
C5,16-10-2024,UPI/General Txn,DEBIT,375.22,20752.61,General
C5,16-10-2024,UPI/General Txn,DEBIT,3755.71,19371.91,General
C5,16-10-2024,UPI/General Txn,DEBIT,3619.45,1380.27,General
C5,16-10-2024,UPI/General Txn,DEBIT,3978.8,21811.69,General
C5,16-10-2024,UPI/General Txn,CREDIT,3613.2,32720.09,General
C5,16-10-2024,UPI/General Txn,CREDIT,2693.73,81937.54,General
C5,16-10-2024,UPI/General Txn,CREDIT,3570.36,60940.32,General
C5,16-10-2024,UPI/General Txn,CREDIT,1011.72,73424.91,General
C5,16-10-2024,UPI/General Txn,DEBIT,2999.88,44809.12,General
C5,17-10-2024,UPI/General Txn,DEBIT,130.94,97444.85,General
C5,17-10-2024,UPI/General Txn,DEBIT,1389.98,70296.73,General
C5,17-10-2024,UPI/General Txn,DEBIT,3544.05,19631.65,General
C5,17-10-2024,UPI/General Txn,DEBIT,4258.22,17079.93,General
C5,17-10-2024,UPI/General Txn,CREDIT,3212.95,60553.84,General
C5,17-10-2024,UPI/General Txn,CREDIT,2582.61,22607.56,General
C5,17-10-2024,UPI/General Txn,CREDIT,1329.65,73808.87,General
C5,17-10-2024,UPI/General Txn,CREDIT,2699.7,28863.46,General
C5,17-10-2024,UPI/General Txn,DEBIT,890.19,7215.51,General
C5,17-10-2024,UPI/General Txn,DEBIT,1786.69,62364.69,General
C5,17-10-2024,UPI/General Txn,DEBIT,4106.75,67729.47,General
C5,17-10-2024,UPI/General Txn,CREDIT,4503.33,2187.9,General
C5,18-10-2024,UPI/General Txn,CREDIT,1660.15,70109.52,General
C5,18-10-2024,UPI/General Txn,DEBIT,3066.98,57350.91,General
C5,18-10-2024,UPI/General Txn,CREDIT,3663.03,45627.91,General
C5,18-10-2024,UPI/General Txn,CREDIT,3736.74,37673.9,General
C5,18-10-2024,UPI/General Txn,CREDIT,1571.21,32033.99,General
C5,18-10-2024,UPI/General Txn,DEBIT,4995.58,23583.05,General
C5,18-10-2024,UPI/General Txn,CREDIT,935.71,41563.51,General
C5,18-10-2024,UPI/General Txn,CREDIT,4411.88,92421.16,General
C5,19-10-2024,UPI/General Txn,CREDIT,2371.76,45765.46,General
C5,19-10-2024,UPI/General Txn,CREDIT,796.21,42540.12,General
C5,19-10-2024,UPI/General Txn,DEBIT,219.95,79038.27,General
C5,19-10-2024,UPI/General Txn,DEBIT,1969.14,40542.41,General
C5,19-10-2024,UPI/General Txn,DEBIT,168.36,15952.83,General
C5,19-10-2024,UPI/General Txn,DEBIT,4735.61,10389.77,General
C5,19-10-2024,UPI/General Txn,DEBIT,2017.33,27818.12,General
C5,19-10-2024,UPI/General Txn,CREDIT,1069.01,39830.96,General
C5,19-10-2024,UPI/General Txn,CREDIT,1587.26,23546.19,General
C5,19-10-2024,UPI/General Txn,CREDIT,2484.02,43852.77,General
C5,19-10-2024,UPI/General Txn,DEBIT,4741.92,49246.87,General
C5,20-10-2024,UPI/General Txn,DEBIT,1831.51,7623.7,General
C5,20-10-2024,UPI/General Txn,CREDIT,1684.08,61173.95,General
C5,20-10-2024,UPI/General Txn,CREDIT,793.24,80558.58,General
C5,20-10-2024,UPI/General Txn,DEBIT,2140.09,95728.81,General
C5,20-10-2024,UPI/General Txn,CREDIT,3194.39,63415.44,General
C5,20-10-2024,UPI/General Txn,CREDIT,3451.88,61551.05,General
C5,20-10-2024,UPI/General Txn,CREDIT,3035.67,34768.63,General
C5,20-10-2024,UPI/General Txn,DEBIT,1929.44,37587.19,General
C5,21-10-2024,UPI/General Txn,CREDIT,409.31,37630.84,General
C5,21-10-2024,UPI/General Txn,CREDIT,1305.94,69139.9,General
C5,21-10-2024,UPI/General Txn,CREDIT,4559.72,63753.27,General
C5,21-10-2024,UPI/General Txn,CREDIT,4519.02,78893.81,General
C5,21-10-2024,UPI/General Txn,CREDIT,2819.48,70134.63,General
C5,21-10-2024,UPI/General Txn,CREDIT,4519.09,78377.92,General
C5,21-10-2024,UPI/General Txn,DEBIT,2904.15,71102.38,General
C5,21-10-2024,UPI/General Txn,DEBIT,3086,49370.2,General
C5,21-10-2024,UPI/General Txn,DEBIT,2401.79,32032.54,General
C5,21-10-2024,UPI/General Txn,CREDIT,4415.57,75269.04,General
C5,21-10-2024,UPI/General Txn,DEBIT,3155.67,53394.32,General
C5,22-10-2024,UPI/General Txn,CREDIT,3052.74,7625.62,General
C5,22-10-2024,UPI/General Txn,DEBIT,2008.92,79336.88,General
C5,22-10-2024,UPI/General Txn,DEBIT,1453.43,37014.46,General
C5,22-10-2024,UPI/General Txn,CREDIT,3911.02,25411.98,General
C5,22-10-2024,UPI/General Txn,CREDIT,3202.04,36260.71,General
C5,22-10-2024,UPI/General Txn,DEBIT,3141.2,78584.74,General
C5,22-10-2024,UPI/General Txn,CREDIT,4787.67,98543.17,General
C5,22-10-2024,UPI/General Txn,DEBIT,3063.38,82589.51,General
C5,22-10-2024,UPI/General Txn,DEBIT,3264.62,30266.34,General
C5,22-10-2024,UPI/General Txn,DEBIT,396.76,52826.72,General
C5,22-10-2024,UPI/General Txn,DEBIT,2570.23,79280.22,General
C5,23-10-2024,UPI/General Txn,DEBIT,3533.17,30519.52,General
C5,23-10-2024,UPI/General Txn,CREDIT,1100.78,3503.09,General
C5,23-10-2024,UPI/General Txn,CREDIT,3293.01,8792.26,General
C5,23-10-2024,UPI/General Txn,DEBIT,2378.2,45221.82,General
C5,23-10-2024,UPI/General Txn,DEBIT,1971.9,59790.66,General
C5,23-10-2024,UPI/General Txn,DEBIT,3816.46,93753.39,General
C5,23-10-2024,UPI/General Txn,DEBIT,2334.12,70923.38,General
C5,23-10-2024,UPI/General Txn,DEBIT,2321.33,59061.55,General
C5,23-10-2024,UPI/General Txn,DEBIT,1681.74,13267.58,General
C5,23-10-2024,UPI/General Txn,CREDIT,4351.91,37513.38,General
C5,23-10-2024,UPI/General Txn,CREDIT,1644.82,55462.58,General
C5,24-10-2024,UPI/General Txn,CREDIT,3267.01,18621.84,General
C5,24-10-2024,UPI/General Txn,DEBIT,3104.1,64718.48,General
C5,24-10-2024,UPI/General Txn,DEBIT,1687.67,88442.7,General
C5,24-10-2024,UPI/General Txn,DEBIT,373.71,50170.98,General
C5,24-10-2024,UPI/General Txn,DEBIT,4642.05,16005.42,General
C5,24-10-2024,UPI/General Txn,DEBIT,2661.62,10094.08,General
C5,24-10-2024,UPI/General Txn,CREDIT,1865.55,34477.65,General
C5,24-10-2024,UPI/General Txn,DEBIT,2121.94,49753.11,General
C5,24-10-2024,UPI/General Txn,CREDIT,2771.05,64540.05,General
C5,24-10-2024,UPI/General Txn,DEBIT,2040.35,55261.65,General
C5,24-10-2024,UPI/General Txn,DEBIT,538.42,45401.32,General
C5,25-10-2024,UPI/General Txn,CREDIT,3837.54,23512.22,General
C5,25-10-2024,UPI/General Txn,DEBIT,376.92,6195.83,General
C5,25-10-2024,UPI/General Txn,DEBIT,4230.18,48390.63,General
C5,25-10-2024,UPI/General Txn,DEBIT,306.66,95046.64,General
C5,25-10-2024,UPI/General Txn,DEBIT,4776.66,50557.8,General
C5,25-10-2024,UPI/General Txn,CREDIT,1682.46,2906.32,General
C5,25-10-2024,UPI/General Txn,CREDIT,3851.13,3327.8,General
C5,25-10-2024,UPI/General Txn,CREDIT,3602.24,55453.08,General
C5,26-10-2024,UPI/General Txn,DEBIT,1080.61,21674.82,General
C5,26-10-2024,UPI/General Txn,DEBIT,2955.42,35588.77,General
C5,26-10-2024,UPI/General Txn,CREDIT,495.07,51405.71,General
C5,26-10-2024,UPI/General Txn,CREDIT,4162.28,22065.05,General
C5,26-10-2024,UPI/General Txn,CREDIT,2727.53,27299.03,General
C5,26-10-2024,UPI/General Txn,CREDIT,1934.07,16826.47,General
C5,26-10-2024,UPI/General Txn,CREDIT,1087.77,34114.09,General
C5,26-10-2024,UPI/General Txn,CREDIT,1702.58,39870.61,General
C5,27-10-2024,UPI/General Txn,CREDIT,2313.08,60733.42,General
C5,27-10-2024,UPI/General Txn,CREDIT,3291.9,21254.42,General
C5,27-10-2024,UPI/General Txn,CREDIT,652.2,80658.95,General
C5,27-10-2024,UPI/General Txn,DEBIT,3739.79,20814.12,General
C5,27-10-2024,UPI/General Txn,CREDIT,2894.01,83460.04,General
C5,27-10-2024,UPI/General Txn,CREDIT,3403.61,36732.89,General
C5,27-10-2024,UPI/General Txn,DEBIT,366.4,57117.81,General
C5,27-10-2024,UPI/General Txn,CREDIT,4433.46,22463.8,General
C5,27-10-2024,UPI/General Txn,DEBIT,216.68,22425.93,General
C5,27-10-2024,UPI/General Txn,CREDIT,986.5,21428.92,General
C5,28-10-2024,UPI/General Txn,CREDIT,3627.85,98438.72,General
C5,28-10-2024,UPI/General Txn,DEBIT,3048.88,92161.08,General
C5,28-10-2024,UPI/General Txn,CREDIT,2452.86,79705.31,General
C5,28-10-2024,UPI/General Txn,DEBIT,3368.42,8689.74,General
C5,28-10-2024,UPI/General Txn,DEBIT,625.58,85415.46,General
C5,28-10-2024,UPI/General Txn,DEBIT,3134.46,94731.92,General
C5,28-10-2024,UPI/General Txn,CREDIT,4657.78,45061,General
C5,28-10-2024,UPI/General Txn,DEBIT,3670.87,10626.03,General
C5,28-10-2024,UPI/General Txn,DEBIT,1903.44,97123.08,General
C5,28-10-2024,UPI/General Txn,CREDIT,3735.05,8533.85,General
C5,28-10-2024,UPI/General Txn,DEBIT,2145.69,30449.52,General
C5,29-10-2024,UPI/General Txn,CREDIT,4502.76,15041.97,General
C5,29-10-2024,UPI/General Txn,DEBIT,2338.95,12912.18,General
C5,29-10-2024,UPI/General Txn,DEBIT,3219.88,88148.77,General
C5,29-10-2024,UPI/General Txn,DEBIT,4667.01,2420.06,General
C5,29-10-2024,UPI/General Txn,DEBIT,521.87,46069.21,General
C5,29-10-2024,UPI/General Txn,CREDIT,4443.56,27736.62,General
C5,29-10-2024,UPI/General Txn,CREDIT,3544.1,7265.1,General
C5,29-10-2024,UPI/General Txn,DEBIT,3489.83,7450.62,General
C5,30-10-2024,UPI/General Txn,CREDIT,246.5,43816.26,General
C5,30-10-2024,UPI/General Txn,DEBIT,2381.94,97317.8,General
C5,30-10-2024,UPI/General Txn,DEBIT,2926.13,66004.39,General
C5,30-10-2024,UPI/General Txn,CREDIT,4801.2,71280.27,General
C5,30-10-2024,UPI/General Txn,DEBIT,3622.47,80392.16,General
C5,30-10-2024,UPI/General Txn,CREDIT,219.62,96355.77,General
C5,30-10-2024,UPI/General Txn,CREDIT,1021.54,81225.04,General
C5,30-10-2024,UPI/General Txn,DEBIT,4979.6,87478.57,General
C5,30-10-2024,UPI/General Txn,CREDIT,4193.42,56335.5,General
C5,30-10-2024,UPI/General Txn,DEBIT,3544.44,71841.36,General
C5,30-10-2024,UPI/General Txn,CREDIT,3738.38,37039.44,General
C5,31-10-2024,UPI/General Txn,CREDIT,1899.76,54914.48,General
C5,31-10-2024,UPI/General Txn,CREDIT,1929.01,72893.66,General
C5,31-10-2024,UPI/General Txn,CREDIT,2749.76,73784.3,General
C5,31-10-2024,UPI/General Txn,DEBIT,1799.26,58440.97,General
C5,31-10-2024,UPI/General Txn,CREDIT,1923.34,76964.02,General
C5,31-10-2024,UPI/General Txn,CREDIT,823.4,67895.36,General
C5,31-10-2024,UPI/General Txn,CREDIT,2098.35,9558.11,General
C5,31-10-2024,UPI/General Txn,DEBIT,1340.68,33947.6,General
C5,31-10-2024,UPI/General Txn,CREDIT,1857.48,45626.11,General
C5,31-10-2024,UPI/General Txn,DEBIT,2742.14,89084.35,General
C5,31-10-2024,UPI/General Txn,DEBIT,1782.92,60280.46,General
C5,31-10-2024,UPI/General Txn,DEBIT,2747.03,85258.69,General
C5,01-11-2024,UPI/General Txn,DEBIT,783.65,82643.86,General
C5,01-11-2024,UPI/General Txn,CREDIT,2042.12,88191.58,General
C5,01-11-2024,UPI/General Txn,DEBIT,4953.47,52437.32,General
C5,01-11-2024,UPI/General Txn,CREDIT,2919.78,93516.02,General
C5,01-11-2024,UPI/General Txn,DEBIT,3356.72,74231.42,General
C5,01-11-2024,UPI/General Txn,CREDIT,3451.65,49428.82,General
C5,01-11-2024,UPI/General Txn,CREDIT,1694.89,55296.62,General
C5,01-11-2024,UPI/General Txn,CREDIT,2035.31,22688.07,General
C5,01-11-2024,UPI/General Txn,CREDIT,1820.56,69092.29,General
C5,01-11-2024,UPI/General Txn,DEBIT,4940.96,64406.47,General
C5,01-11-2024,UPI/General Txn,DEBIT,2322.91,71903.99,General
C5,01-11-2024,UPI/General Txn,DEBIT,4476.6,50025.09,General
C5,02-11-2024,UPI/General Txn,CREDIT,3505.19,24941.5,General
C5,02-11-2024,UPI/General Txn,DEBIT,2089.99,54654.72,General
C5,02-11-2024,UPI/General Txn,DEBIT,573.28,3327.06,General
C5,02-11-2024,UPI/General Txn,DEBIT,252.38,21501.65,General
C5,02-11-2024,UPI/General Txn,DEBIT,4155.52,7635.16,General
C5,02-11-2024,UPI/General Txn,DEBIT,2317.74,42769.84,General
C5,02-11-2024,UPI/General Txn,CREDIT,1851.82,2046.28,General
C5,02-11-2024,UPI/General Txn,CREDIT,3028.05,39386.98,General
C5,03-11-2024,UPI/General Txn,CREDIT,1588.55,63886.74,General
C5,03-11-2024,UPI/General Txn,CREDIT,3007.35,97724.33,General
C5,03-11-2024,UPI/General Txn,CREDIT,2549.97,4072.99,General
C5,03-11-2024,UPI/General Txn,CREDIT,3533.09,75538.88,General
C5,03-11-2024,UPI/General Txn,CREDIT,3871.96,69170.52,General
C5,03-11-2024,UPI/General Txn,CREDIT,3139.14,94963.11,General
C5,03-11-2024,UPI/General Txn,DEBIT,3455.76,38616.76,General
C5,03-11-2024,UPI/General Txn,DEBIT,4817.56,48012.31,General
C5,03-11-2024,UPI/General Txn,DEBIT,2764.3,25293.56,General
C5,04-11-2024,UPI/General Txn,CREDIT,2327.96,24896.49,General
C5,04-11-2024,UPI/General Txn,DEBIT,4921.6,32964.38,General
C5,04-11-2024,UPI/General Txn,CREDIT,2807.87,22438.98,General
C5,04-11-2024,UPI/General Txn,DEBIT,2111.97,68698.55,General
C5,04-11-2024,UPI/General Txn,DEBIT,3007.8,93618.28,General
C5,04-11-2024,UPI/General Txn,DEBIT,2277.71,46854.82,General
C5,04-11-2024,UPI/General Txn,CREDIT,3515.94,80329.46,General
C5,04-11-2024,UPI/General Txn,DEBIT,2724.75,26067.23,General
C5,05-11-2024,UPI/General Txn,CREDIT,3521.26,18217.95,General
C5,05-11-2024,UPI/General Txn,DEBIT,2313.46,4941.83,General
C5,05-11-2024,UPI/General Txn,CREDIT,3045.49,11857.78,General
C5,05-11-2024,UPI/General Txn,DEBIT,858.5,20713.18,General
C5,05-11-2024,UPI/General Txn,DEBIT,2482.61,39343.06,General
C5,05-11-2024,UPI/General Txn,DEBIT,3748.2,77473.8,General
C5,05-11-2024,UPI/General Txn,DEBIT,314.99,23118.84,General
C5,05-11-2024,UPI/General Txn,CREDIT,4341.27,23644.52,General
C5,06-11-2024,UPI/General Txn,DEBIT,4061.25,11052.23,General
C5,06-11-2024,UPI/General Txn,DEBIT,782.11,44371.63,General
C5,06-11-2024,UPI/General Txn,CREDIT,1896.71,3033.22,General
C5,06-11-2024,UPI/General Txn,CREDIT,2673.36,63848.37,General
C5,06-11-2024,UPI/General Txn,CREDIT,621.01,4320.15,General
C5,06-11-2024,UPI/General Txn,CREDIT,2237.83,7626.92,General
C5,06-11-2024,UPI/General Txn,CREDIT,527.49,47987.93,General
C5,06-11-2024,UPI/General Txn,DEBIT,2584.86,90755.01,General
C5,06-11-2024,UPI/General Txn,DEBIT,4390.11,3386.82,General
C5,06-11-2024,UPI/General Txn,DEBIT,523.25,66799.45,General
C5,06-11-2024,UPI/General Txn,CREDIT,2285.9,56179.48,General
C5,07-11-2024,UPI/General Txn,DEBIT,427.41,58629.93,General
C5,07-11-2024,UPI/General Txn,DEBIT,667.66,23992.58,General
C5,07-11-2024,UPI/General Txn,DEBIT,822.2,74917.57,General
C5,07-11-2024,UPI/General Txn,CREDIT,2014.48,6939.4,General
C5,07-11-2024,UPI/General Txn,DEBIT,3961.63,52931.75,General
C5,07-11-2024,UPI/General Txn,DEBIT,1402.85,31031.07,General
C5,07-11-2024,UPI/General Txn,CREDIT,4076.16,92152.43,General
C5,07-11-2024,UPI/General Txn,DEBIT,4316.87,19678.03,General
C5,07-11-2024,UPI/General Txn,CREDIT,2426.32,22198.13,General
C5,07-11-2024,UPI/General Txn,DEBIT,944.85,15465.13,General
C5,07-11-2024,UPI/General Txn,DEBIT,722.08,86257.36,General
C5,08-11-2024,UPI/General Txn,DEBIT,2440.67,57049.58,General
C5,08-11-2024,UPI/General Txn,CREDIT,1310.63,84137.32,General
C5,08-11-2024,UPI/General Txn,DEBIT,1872.44,82969.59,General
C5,08-11-2024,UPI/General Txn,CREDIT,2091.32,5247.98,General
C5,08-11-2024,UPI/General Txn,CREDIT,1670.39,3738.86,General
C5,08-11-2024,UPI/General Txn,CREDIT,3391.11,39686.85,General
C5,08-11-2024,UPI/General Txn,DEBIT,3071.54,75112.24,General
C5,08-11-2024,UPI/General Txn,CREDIT,723.9,64958.06,General
C5,09-11-2024,UPI/General Txn,CREDIT,1282.57,50216.21,General
C5,09-11-2024,UPI/General Txn,DEBIT,467.77,42314.33,General
C5,09-11-2024,UPI/General Txn,DEBIT,2852.26,77518.89,General
C5,09-11-2024,UPI/General Txn,CREDIT,295.75,39933.47,General
C5,09-11-2024,UPI/General Txn,CREDIT,2376.08,31046.19,General
C5,09-11-2024,UPI/General Txn,CREDIT,2722.93,92013.35,General
C5,09-11-2024,UPI/General Txn,CREDIT,4291.36,51632.56,General
C5,09-11-2024,UPI/General Txn,DEBIT,1991.86,47463.48,General
C5,09-11-2024,UPI/General Txn,CREDIT,545.84,97547.44,General
C5,10-11-2024,UPI/General Txn,DEBIT,2633.29,25907.7,General
C5,10-11-2024,UPI/General Txn,CREDIT,1414.24,87600.4,General
C5,10-11-2024,UPI/General Txn,DEBIT,3012.73,31992.11,General
C5,10-11-2024,UPI/General Txn,DEBIT,4538.47,57035.48,General
C5,10-11-2024,UPI/General Txn,CREDIT,1807.71,19992.81,General
C5,10-11-2024,UPI/General Txn,CREDIT,1741.49,28573.69,General
C5,10-11-2024,UPI/General Txn,DEBIT,3029.03,77063.09,General
C5,10-11-2024,UPI/General Txn,DEBIT,4463.7,80422.2,General
C5,10-11-2024,UPI/General Txn,DEBIT,3472.83,69023.23,General
C5,10-11-2024,UPI/General Txn,CREDIT,1871.29,21241.98,General
C5,10-11-2024,UPI/General Txn,DEBIT,2367.18,12603.87,General
C5,10-11-2024,UPI/General Txn,CREDIT,3641.44,64220.94,General
C5,11-11-2024,UPI/General Txn,CREDIT,3030.84,19124.71,General
C5,11-11-2024,UPI/General Txn,CREDIT,3272.64,38124.86,General
C5,11-11-2024,UPI/General Txn,CREDIT,2018.99,93315.91,General
C5,11-11-2024,UPI/General Txn,CREDIT,2349.49,15487.65,General
C5,11-11-2024,UPI/General Txn,CREDIT,3069.32,13318.5,General
C5,11-11-2024,UPI/General Txn,CREDIT,1945.15,1323.44,General
C5,11-11-2024,UPI/General Txn,CREDIT,1025.75,92852.77,General
C5,11-11-2024,UPI/General Txn,CREDIT,2328.33,51600.72,General
C5,11-11-2024,UPI/General Txn,CREDIT,2160.42,6048.31,General
C5,12-11-2024,UPI/General Txn,CREDIT,3177.75,59931.91,General
C5,12-11-2024,UPI/General Txn,CREDIT,2434.2,32001.06,General
C5,12-11-2024,UPI/General Txn,DEBIT,784.66,36772.16,General
C5,12-11-2024,UPI/General Txn,DEBIT,4026.37,5062.43,General
C5,12-11-2024,UPI/General Txn,DEBIT,444.37,55300.58,General
C5,12-11-2024,UPI/General Txn,DEBIT,1415.23,92649.03,General
C5,12-11-2024,UPI/General Txn,DEBIT,3464.95,4953.8,General
C5,12-11-2024,UPI/General Txn,DEBIT,3335.46,1975.75,General
C5,12-11-2024,UPI/General Txn,CREDIT,1754.27,29134.62,General
C5,12-11-2024,UPI/General Txn,DEBIT,1279.33,62212.88,General
C5,12-11-2024,UPI/General Txn,CREDIT,2896.02,92857.3,General
C5,13-11-2024,UPI/General Txn,DEBIT,4219.76,3272.45,General
C5,13-11-2024,UPI/General Txn,DEBIT,2962.19,18012.39,General
C5,13-11-2024,UPI/General Txn,CREDIT,4835.36,21110.98,General
C5,13-11-2024,UPI/General Txn,DEBIT,3119.85,10026.6,General
C5,13-11-2024,UPI/General Txn,CREDIT,3728.23,81145.48,General
C5,13-11-2024,UPI/General Txn,DEBIT,710.36,84692.84,General
C5,13-11-2024,UPI/General Txn,CREDIT,1182.77,61351.11,General
C5,13-11-2024,UPI/General Txn,DEBIT,4470.24,28667.6,General
C5,13-11-2024,UPI/General Txn,CREDIT,115.52,44084.13,General
C5,13-11-2024,UPI/General Txn,CREDIT,4318.39,45170.36,General
C5,14-11-2024,UPI/General Txn,DEBIT,591.8,41444.93,General
C5,14-11-2024,UPI/General Txn,DEBIT,2276.25,74177.27,General
C5,14-11-2024,UPI/General Txn,CREDIT,1983.93,3279.63,General
C5,14-11-2024,UPI/General Txn,DEBIT,3848.77,88298.82,General
C5,14-11-2024,UPI/General Txn,CREDIT,2508.45,32885.92,General
C5,14-11-2024,UPI/General Txn,CREDIT,2545.26,83983.68,General
C5,14-11-2024,UPI/General Txn,CREDIT,3072.11,15307.06,General
C5,14-11-2024,UPI/General Txn,CREDIT,479.05,17669.78,General
C5,14-11-2024,UPI/General Txn,DEBIT,2079.63,32106.97,General
C5,15-11-2024,UPI/General Txn,CREDIT,1443.29,89946.81,General
C5,15-11-2024,UPI/General Txn,CREDIT,1959.28,96104.85,General
C5,15-11-2024,UPI/General Txn,DEBIT,3463.81,64902.25,General
C5,15-11-2024,UPI/General Txn,DEBIT,417.01,39498.12,General
C5,15-11-2024,UPI/General Txn,CREDIT,1791.4,3028.92,General
C5,15-11-2024,UPI/General Txn,CREDIT,2237.83,91009.62,General
C5,15-11-2024,UPI/General Txn,CREDIT,538.36,35474.78,General
C5,15-11-2024,UPI/General Txn,CREDIT,1418.7,48374.54,General
C5,15-11-2024,UPI/General Txn,DEBIT,925.85,84744.35,General
C5,15-11-2024,UPI/General Txn,CREDIT,4897.89,5749.87,General
C5,15-11-2024,UPI/General Txn,DEBIT,1220.04,10145.3,General
C5,16-11-2024,UPI/General Txn,DEBIT,345.32,53000.13,General
C5,16-11-2024,UPI/General Txn,DEBIT,1350.21,30022.13,General
C5,16-11-2024,UPI/General Txn,CREDIT,4306.65,87229.86,General
C5,16-11-2024,UPI/General Txn,CREDIT,1011.5,31848.24,General
C5,16-11-2024,UPI/General Txn,DEBIT,2650.49,87309.2,General
C5,16-11-2024,UPI/General Txn,DEBIT,3142.63,29536.06,General
C5,16-11-2024,UPI/General Txn,CREDIT,2404.22,89597.28,General
C5,16-11-2024,UPI/General Txn,DEBIT,1257.6,60660.8,General
C5,16-11-2024,UPI/General Txn,DEBIT,477.53,27635.37,General
C5,16-11-2024,UPI/General Txn,DEBIT,3937.4,78126.87,General
C5,16-11-2024,UPI/General Txn,CREDIT,2811.85,72597.64,General
C5,16-11-2024,UPI/General Txn,DEBIT,848.32,25319.01,General
C5,17-11-2024,UPI/General Txn,DEBIT,1694.84,76868.61,General
C5,17-11-2024,UPI/General Txn,DEBIT,2614.9,50590.4,General
C5,17-11-2024,UPI/General Txn,CREDIT,4484.71,14359.96,General
C5,17-11-2024,UPI/General Txn,DEBIT,336.89,84807.17,General
C5,17-11-2024,UPI/General Txn,CREDIT,1285.44,57812.59,General
C5,17-11-2024,UPI/General Txn,DEBIT,1468.46,46039.47,General
C5,17-11-2024,UPI/General Txn,DEBIT,3580.03,17046.6,General
C5,17-11-2024,UPI/General Txn,DEBIT,3069.45,7640.33,General
C5,18-11-2024,UPI/General Txn,CREDIT,765.93,46616.5,General
C5,18-11-2024,UPI/General Txn,CREDIT,4014.31,55481.26,General
C5,18-11-2024,UPI/General Txn,CREDIT,3658.55,96248.39,General
C5,18-11-2024,UPI/General Txn,CREDIT,4722.1,78852.09,General
C5,18-11-2024,UPI/General Txn,CREDIT,2929.61,75411.49,General
C5,18-11-2024,UPI/General Txn,CREDIT,2665.01,17522.66,General
C5,18-11-2024,UPI/General Txn,DEBIT,4303.84,80679.03,General
C5,18-11-2024,UPI/General Txn,CREDIT,1113.78,84352.66,General
C5,18-11-2024,UPI/General Txn,CREDIT,666.13,38874.66,General
C5,18-11-2024,UPI/General Txn,DEBIT,1567.64,32139.97,General
C5,18-11-2024,UPI/General Txn,DEBIT,1073.64,22341.47,General
C5,19-11-2024,UPI/General Txn,DEBIT,2304.71,65258.06,General
C5,19-11-2024,UPI/General Txn,DEBIT,1579.66,15089.22,General
C5,19-11-2024,UPI/General Txn,CREDIT,4512.47,26039.08,General
C5,19-11-2024,UPI/General Txn,CREDIT,2056.27,37785.15,General
C5,19-11-2024,UPI/General Txn,DEBIT,1102.99,42164.2,General
C5,19-11-2024,UPI/General Txn,DEBIT,351.6,89806.85,General
C5,19-11-2024,UPI/General Txn,CREDIT,4621.46,38029.53,General
C5,19-11-2024,UPI/General Txn,CREDIT,1817.72,88817.61,General
C5,19-11-2024,UPI/General Txn,DEBIT,4373.35,60225.41,General
C5,20-11-2024,UPI/General Txn,CREDIT,4123.36,5011.92,General
C5,20-11-2024,UPI/General Txn,CREDIT,4908.65,7707.81,General
C5,20-11-2024,UPI/General Txn,CREDIT,1724.12,92276.54,General
C5,20-11-2024,UPI/General Txn,DEBIT,913.13,15447.96,General
C5,20-11-2024,UPI/General Txn,CREDIT,3584.41,6928.81,General
C5,20-11-2024,UPI/General Txn,CREDIT,2596.58,3389.84,General
C5,20-11-2024,UPI/General Txn,CREDIT,2076.72,35345.65,General
C5,20-11-2024,UPI/General Txn,CREDIT,1700.07,6040.72,General
C5,20-11-2024,UPI/General Txn,DEBIT,2633.29,88469.77,General
C5,20-11-2024,UPI/General Txn,CREDIT,3816.61,76600.33,General
C5,21-11-2024,UPI/General Txn,DEBIT,3364.97,99865.81,General
C5,21-11-2024,UPI/General Txn,CREDIT,851.32,33685.05,General
C5,21-11-2024,UPI/General Txn,CREDIT,3599.93,15251.2,General
C5,21-11-2024,UPI/General Txn,DEBIT,3834.33,10225.77,General
C5,21-11-2024,UPI/General Txn,CREDIT,1981.06,22803.52,General
C5,21-11-2024,UPI/General Txn,DEBIT,315.67,95402.41,General
C5,21-11-2024,UPI/General Txn,DEBIT,1053.02,42341.32,General
C5,21-11-2024,UPI/General Txn,DEBIT,4147.02,43264.24,General
C5,22-11-2024,UPI/General Txn,DEBIT,1350.22,1056.13,General
C5,22-11-2024,UPI/General Txn,DEBIT,424.52,27285.26,General
C5,22-11-2024,UPI/General Txn,DEBIT,2465.06,22690.35,General
C5,22-11-2024,UPI/General Txn,DEBIT,4584.16,92557.36,General
C5,22-11-2024,UPI/General Txn,DEBIT,2518.06,67272.3,General
C5,22-11-2024,UPI/General Txn,CREDIT,4077.28,62063.04,General
C5,22-11-2024,UPI/General Txn,CREDIT,4899.34,95611.17,General
C5,22-11-2024,UPI/General Txn,CREDIT,1364.61,63520.93,General
C5,22-11-2024,UPI/General Txn,DEBIT,1700.01,67107.43,General
C5,22-11-2024,UPI/General Txn,CREDIT,4193.26,80812.71,General
C5,22-11-2024,UPI/General Txn,DEBIT,3913.65,23393.69,General
C5,22-11-2024,UPI/General Txn,CREDIT,208.9,27946.66,General
C5,23-11-2024,UPI/General Txn,CREDIT,1572.79,6077.37,General
C5,23-11-2024,UPI/General Txn,CREDIT,2999.29,11543.18,General
C5,23-11-2024,UPI/General Txn,DEBIT,825.06,84604.33,General
C5,23-11-2024,UPI/General Txn,DEBIT,1172.87,46970.41,General
C5,23-11-2024,UPI/General Txn,DEBIT,850.97,70040.79,General
C5,23-11-2024,UPI/General Txn,CREDIT,2578.63,74509.83,General
C5,23-11-2024,UPI/General Txn,CREDIT,2154.53,30609.37,General
C5,23-11-2024,UPI/General Txn,CREDIT,1288.22,94900.67,General
C5,23-11-2024,UPI/General Txn,CREDIT,3348.12,92686.33,General
C5,23-11-2024,UPI/General Txn,CREDIT,378.82,81691.02,General
C5,23-11-2024,UPI/General Txn,CREDIT,854.83,97857.5,General
C5,23-11-2024,UPI/General Txn,CREDIT,1735.55,12704.41,General
C5,24-11-2024,UPI/General Txn,CREDIT,2483.95,92855.72,General
C5,24-11-2024,UPI/General Txn,DEBIT,2042.09,41126.45,General
C5,24-11-2024,UPI/General Txn,CREDIT,4262.31,25080.35,General
C5,24-11-2024,UPI/General Txn,CREDIT,4042.19,16760.01,General
C5,24-11-2024,UPI/General Txn,CREDIT,1703,85466.66,General
C5,24-11-2024,UPI/General Txn,DEBIT,593.23,79823.24,General
C5,24-11-2024,UPI/General Txn,CREDIT,141.6,49772.2,General
C5,24-11-2024,UPI/General Txn,DEBIT,552.34,99191.89,General
C5,24-11-2024,UPI/General Txn,DEBIT,110.23,4235.78,General
C5,25-11-2024,UPI/General Txn,CREDIT,4920.14,68195.23,General
C5,25-11-2024,UPI/General Txn,CREDIT,4598.61,66939.76,General
C5,25-11-2024,UPI/General Txn,DEBIT,528.85,89395.09,General
C5,25-11-2024,UPI/General Txn,DEBIT,1717.69,99635.24,General
C5,25-11-2024,UPI/General Txn,DEBIT,503.49,61821.97,General
C5,25-11-2024,UPI/General Txn,DEBIT,4125.01,79164.73,General
C5,25-11-2024,UPI/General Txn,CREDIT,4495.58,11646.31,General
C5,25-11-2024,UPI/General Txn,DEBIT,3007.51,83348.42,General
C5,25-11-2024,UPI/General Txn,DEBIT,1493.78,46771.32,General
C5,25-11-2024,UPI/General Txn,DEBIT,4276.74,64702.94,General
C5,26-11-2024,UPI/General Txn,DEBIT,570.99,69214.17,General
C5,26-11-2024,UPI/General Txn,CREDIT,256.97,66835.85,General
C5,26-11-2024,UPI/General Txn,CREDIT,3505.05,36516.44,General
C5,26-11-2024,UPI/General Txn,CREDIT,2593.49,65695.45,General
C5,26-11-2024,UPI/General Txn,CREDIT,4091.73,80889.62,General
C5,26-11-2024,UPI/General Txn,CREDIT,1252.11,66959.28,General
C5,26-11-2024,UPI/General Txn,CREDIT,1131.68,15723.37,General
C5,26-11-2024,UPI/General Txn,DEBIT,860.57,6816.06,General
C5,26-11-2024,UPI/General Txn,DEBIT,4388.19,11659.77,General
C5,26-11-2024,UPI/General Txn,DEBIT,2299.71,72554.2,General
C5,26-11-2024,UPI/General Txn,CREDIT,1484.13,69084.85,General
C5,26-11-2024,UPI/General Txn,CREDIT,2938.42,44098.15,General
C5,27-11-2024,UPI/General Txn,CREDIT,4656.38,93806.18,General
C5,27-11-2024,UPI/General Txn,CREDIT,1127.88,65961.98,General
C5,27-11-2024,UPI/General Txn,CREDIT,1884.63,19957.37,General
C5,27-11-2024,UPI/General Txn,DEBIT,423.67,84271.01,General
C5,27-11-2024,UPI/General Txn,CREDIT,4037.77,19469.69,General
C5,27-11-2024,UPI/General Txn,CREDIT,2538.32,78588.75,General
C5,27-11-2024,UPI/General Txn,CREDIT,4326.61,14157.42,General
C5,27-11-2024,UPI/General Txn,CREDIT,1701.85,66182.08,General
C5,28-11-2024,UPI/General Txn,DEBIT,4353.86,1736.43,General
C5,28-11-2024,UPI/General Txn,CREDIT,3937.71,42164.3,General
C5,28-11-2024,UPI/General Txn,CREDIT,2485.78,15668.61,General
C5,28-11-2024,UPI/General Txn,DEBIT,4432.67,51765.66,General
C5,28-11-2024,UPI/General Txn,CREDIT,2527.25,90823.38,General
C5,28-11-2024,UPI/General Txn,CREDIT,3631.84,4806.46,General
C5,28-11-2024,UPI/General Txn,CREDIT,145.2,71425.16,General
C5,28-11-2024,UPI/General Txn,CREDIT,4021.02,34380.8,General
C5,28-11-2024,UPI/General Txn,DEBIT,612.53,21895.11,General
C5,28-11-2024,UPI/General Txn,CREDIT,1729.34,53556.04,General
C5,28-11-2024,UPI/General Txn,DEBIT,4458.97,44058.83,General
C5,28-11-2024,UPI/General Txn,DEBIT,4754.1,46040.3,General
C5,29-11-2024,UPI/General Txn,CREDIT,2780.9,5406.85,General
C5,29-11-2024,UPI/General Txn,CREDIT,1729.77,59342.71,General
C5,29-11-2024,UPI/General Txn,DEBIT,4828.92,47977.24,General
C5,29-11-2024,UPI/General Txn,CREDIT,4403.35,91496.42,General
C5,29-11-2024,UPI/General Txn,DEBIT,3082.93,92385.86,General
C5,29-11-2024,UPI/General Txn,DEBIT,4190.53,45477.86,General
C5,29-11-2024,UPI/General Txn,DEBIT,1571.38,81856.89,General
C5,29-11-2024,UPI/General Txn,CREDIT,3375.32,40086.45,General
C5,29-11-2024,UPI/General Txn,DEBIT,121,5013.87,General
C5,29-11-2024,UPI/General Txn,CREDIT,4764.84,24659.02,General
C5,29-11-2024,UPI/General Txn,DEBIT,111.03,95905.11,General
C5,29-11-2024,UPI/General Txn,CREDIT,4031.72,53990.51,General
C5,30-11-2024,UPI/General Txn,DEBIT,4705.59,50673.43,General
C5,30-11-2024,UPI/General Txn,CREDIT,4767.73,77121.19,General
C5,30-11-2024,UPI/General Txn,CREDIT,3350.24,98897.97,General
C5,30-11-2024,UPI/General Txn,CREDIT,1145.73,78187.81,General
C5,30-11-2024,UPI/General Txn,CREDIT,4290.65,56514.72,General
C5,30-11-2024,UPI/General Txn,DEBIT,1710.08,2406.92,General
C5,30-11-2024,UPI/General Txn,CREDIT,2204.55,65037.46,General
C5,30-11-2024,UPI/General Txn,DEBIT,4738.23,10846.53,General
C5,30-11-2024,UPI/General Txn,CREDIT,4662.3,17733.24,General
C5,30-11-2024,UPI/General Txn,CREDIT,1532.35,42141.99,General
C5,30-11-2024,UPI/General Txn,DEBIT,4539.18,73187.02,General
C5,30-11-2024,UPI/General Txn,CREDIT,1871.01,31639.75,General
C6,01-09-2024,UPI/General Txn,DEBIT,3231.21,98298.55,General
C6,01-09-2024,UPI/General Txn,DEBIT,4378.78,95404.97,General
C6,01-09-2024,UPI/General Txn,CREDIT,423.31,96549.22,General
C6,01-09-2024,UPI/General Txn,CREDIT,655.52,34415.45,General
C6,01-09-2024,UPI/General Txn,CREDIT,2552.27,51567.18,General
C6,01-09-2024,UPI/General Txn,CREDIT,2458.09,78764.2,General
C6,01-09-2024,UPI/General Txn,DEBIT,1845.67,35970.78,General
C6,01-09-2024,UPI/General Txn,DEBIT,2000.62,54985.14,General
C6,01-09-2024,UPI/General Txn,DEBIT,1326.35,91181.07,General
C6,01-09-2024,UPI/General Txn,DEBIT,3139.68,99220.17,General
C6,01-09-2024,UPI/General Txn,CREDIT,895.23,16873.64,General
C6,01-09-2024,UPI/General Txn,DEBIT,4094.57,48390.35,General
C6,02-09-2024,UPI/General Txn,CREDIT,245.97,79473.87,General
C6,02-09-2024,UPI/General Txn,CREDIT,2218.77,22023.64,General
C6,02-09-2024,UPI/General Txn,CREDIT,1031.7,77572.87,General
C6,02-09-2024,UPI/General Txn,DEBIT,3763.9,97637.59,General
C6,02-09-2024,UPI/General Txn,CREDIT,3748.79,56188.32,General
C6,02-09-2024,UPI/General Txn,CREDIT,2343.48,64610.21,General
C6,02-09-2024,UPI/General Txn,DEBIT,1075.65,4601.57,General
C6,02-09-2024,UPI/General Txn,CREDIT,1021.59,2695.01,General
C6,02-09-2024,UPI/General Txn,CREDIT,3356.44,65222.97,General
C6,02-09-2024,UPI/General Txn,DEBIT,2136.12,96988.79,General
C6,03-09-2024,UPI/General Txn,DEBIT,517.6,59870.2,General
C6,03-09-2024,UPI/General Txn,DEBIT,2850.92,59695.66,General
C6,03-09-2024,UPI/General Txn,CREDIT,2419.81,12855.55,General
C6,03-09-2024,UPI/General Txn,CREDIT,4073.06,25357.72,General
C6,03-09-2024,UPI/General Txn,CREDIT,2731.7,30051.68,General
C6,03-09-2024,UPI/General Txn,DEBIT,4307.42,93965.81,General
C6,03-09-2024,UPI/General Txn,DEBIT,3357.64,69894.77,General
C6,03-09-2024,UPI/General Txn,DEBIT,4096.9,28786.14,General
C6,03-09-2024,UPI/General Txn,DEBIT,4263.71,97537.83,General
C6,03-09-2024,UPI/General Txn,CREDIT,1882.55,31530.13,General
C6,03-09-2024,UPI/General Txn,DEBIT,1569.12,3588.63,General
C6,04-09-2024,UPI/General Txn,DEBIT,1705.99,87080.98,General
C6,04-09-2024,UPI/General Txn,DEBIT,4663.91,36890.68,General
C6,04-09-2024,UPI/General Txn,CREDIT,566.27,77031.88,General
C6,04-09-2024,UPI/General Txn,DEBIT,1659.73,19079.28,General
C6,04-09-2024,UPI/General Txn,DEBIT,1140.32,23920.42,General
C6,04-09-2024,UPI/General Txn,DEBIT,1454.92,81346.13,General
C6,04-09-2024,UPI/General Txn,CREDIT,2789.79,90725.62,General
C6,04-09-2024,UPI/General Txn,DEBIT,3323.71,89637.26,General
C6,04-09-2024,UPI/General Txn,DEBIT,3786.28,31877.33,General
C6,04-09-2024,UPI/General Txn,DEBIT,4402.02,66131.85,General
C6,05-09-2024,UPI/General Txn,DEBIT,3731.36,7806.01,General
C6,05-09-2024,UPI/General Txn,DEBIT,4750.02,11576.04,General
C6,05-09-2024,UPI/General Txn,CREDIT,2437.19,81140.56,General
C6,05-09-2024,UPI/General Txn,DEBIT,2089.34,27163.94,General
C6,05-09-2024,UPI/General Txn,DEBIT,2995.18,9118.88,General
C6,05-09-2024,UPI/General Txn,DEBIT,925.06,63453.05,General
C6,05-09-2024,UPI/General Txn,DEBIT,182.54,73146.12,General
C6,05-09-2024,UPI/General Txn,DEBIT,720.64,98975.04,General
C6,05-09-2024,UPI/General Txn,CREDIT,125.9,58092.38,General
C6,05-09-2024,UPI/General Txn,DEBIT,3676.27,49772.63,General
C6,06-09-2024,UPI/General Txn,DEBIT,390.92,61712.54,General
C6,06-09-2024,UPI/General Txn,CREDIT,2003.36,35082.52,General
C6,06-09-2024,UPI/General Txn,CREDIT,2082.15,91163.88,General
C6,06-09-2024,UPI/General Txn,DEBIT,1509.55,62022.1,General
C6,06-09-2024,UPI/General Txn,CREDIT,4458.88,26244.93,General
C6,06-09-2024,UPI/General Txn,DEBIT,3065.75,97803.77,General
C6,06-09-2024,UPI/General Txn,DEBIT,2087.17,74931.78,General
C6,06-09-2024,UPI/General Txn,DEBIT,3487.37,81630.18,General
C6,06-09-2024,UPI/General Txn,DEBIT,2943,14112.41,General
C6,07-09-2024,UPI/General Txn,DEBIT,1231.19,74743.13,General
C6,07-09-2024,UPI/General Txn,CREDIT,3683.14,14163.24,General
C6,07-09-2024,UPI/General Txn,DEBIT,1168.86,57882.9,General
C6,07-09-2024,UPI/General Txn,DEBIT,3294.08,83167.1,General
C6,07-09-2024,UPI/General Txn,DEBIT,167.42,34794.34,General
C6,07-09-2024,UPI/General Txn,DEBIT,2290.67,72707.11,General
C6,07-09-2024,UPI/General Txn,CREDIT,3949.43,33186.05,General
C6,07-09-2024,UPI/General Txn,CREDIT,2114.52,44897.77,General
C6,08-09-2024,UPI/General Txn,DEBIT,4303.01,21471.37,General
C6,08-09-2024,UPI/General Txn,DEBIT,1830.57,49501.42,General
C6,08-09-2024,UPI/General Txn,CREDIT,4750.8,5844.41,General
C6,08-09-2024,UPI/General Txn,CREDIT,114.98,16701.9,General
C6,08-09-2024,UPI/General Txn,DEBIT,3928.83,75084.11,General
C6,08-09-2024,UPI/General Txn,DEBIT,2668.98,41927.03,General
C6,08-09-2024,UPI/General Txn,DEBIT,4418.4,29061.17,General
C6,08-09-2024,UPI/General Txn,DEBIT,967.59,47850.16,General
C6,08-09-2024,UPI/General Txn,DEBIT,3836.9,59061.96,General
C6,09-09-2024,UPI/General Txn,DEBIT,1585.66,45484.96,General
C6,09-09-2024,UPI/General Txn,CREDIT,3473.31,84107.33,General
C6,09-09-2024,UPI/General Txn,CREDIT,4821.19,16885.37,General
C6,09-09-2024,UPI/General Txn,DEBIT,1180.77,2697.43,General
C6,09-09-2024,UPI/General Txn,CREDIT,1248.66,39073.58,General
C6,09-09-2024,UPI/General Txn,DEBIT,4933.82,11872.62,General
C6,09-09-2024,UPI/General Txn,CREDIT,3634.09,69300.88,General
C6,09-09-2024,UPI/General Txn,CREDIT,1431.88,74893.89,General
C6,09-09-2024,UPI/General Txn,DEBIT,199.47,24881.35,General
C6,09-09-2024,UPI/General Txn,DEBIT,1485.79,76015.96,General
C6,10-09-2024,UPI/General Txn,DEBIT,4293.67,63124.41,General
C6,10-09-2024,UPI/General Txn,DEBIT,4889.51,15760.53,General
C6,10-09-2024,UPI/General Txn,CREDIT,195.89,57227.16,General
C6,10-09-2024,UPI/General Txn,DEBIT,107.16,19549.81,General
C6,10-09-2024,UPI/General Txn,CREDIT,3689.83,25865.6,General
C6,10-09-2024,UPI/General Txn,DEBIT,4042.51,63255.86,General
C6,10-09-2024,UPI/General Txn,CREDIT,3382.2,10512.9,General
C6,10-09-2024,UPI/General Txn,DEBIT,2412.09,89135.45,General
C6,10-09-2024,UPI/General Txn,CREDIT,1691.1,36331.18,General
C6,10-09-2024,UPI/General Txn,CREDIT,3818.74,49821.9,General
C6,10-09-2024,UPI/General Txn,DEBIT,2211.03,69283.2,General
C6,10-09-2024,UPI/General Txn,DEBIT,605.64,23899.14,General
C6,11-09-2024,UPI/General Txn,CREDIT,1104.3,53963.09,General
C6,11-09-2024,UPI/General Txn,DEBIT,3719.22,68415.11,General
C6,11-09-2024,UPI/General Txn,CREDIT,4882.04,72124.67,General
C6,11-09-2024,UPI/General Txn,DEBIT,1181.59,22628.58,General
C6,11-09-2024,UPI/General Txn,CREDIT,574.6,2158.08,General
C6,11-09-2024,UPI/General Txn,DEBIT,2978.75,99140.24,General
C6,11-09-2024,UPI/General Txn,CREDIT,3250.79,89417.17,General
C6,11-09-2024,UPI/General Txn,DEBIT,558.07,61565.63,General
C6,12-09-2024,UPI/General Txn,DEBIT,4046.54,5372.88,General
C6,12-09-2024,UPI/General Txn,DEBIT,3476.08,66072.41,General
C6,12-09-2024,UPI/General Txn,DEBIT,3509.76,92696.59,General
C6,12-09-2024,UPI/General Txn,DEBIT,2498.79,79776.51,General
C6,12-09-2024,UPI/General Txn,DEBIT,4448.59,9782.31,General
C6,12-09-2024,UPI/General Txn,CREDIT,2956.11,1009.2,General
C6,12-09-2024,UPI/General Txn,CREDIT,3512.26,75579.41,General
C6,12-09-2024,UPI/General Txn,DEBIT,2825.81,3663.04,General
C6,13-09-2024,UPI/General Txn,DEBIT,4905.45,67062.56,General
C6,13-09-2024,UPI/General Txn,DEBIT,1043.47,24187.74,General
C6,13-09-2024,UPI/General Txn,DEBIT,321.5,20389.75,General
C6,13-09-2024,UPI/General Txn,DEBIT,1124.45,30205,General
C6,13-09-2024,UPI/General Txn,CREDIT,400.25,23336.89,General
C6,13-09-2024,UPI/General Txn,DEBIT,759.12,72848.64,General
C6,13-09-2024,UPI/General Txn,CREDIT,3647.9,63085.93,General
C6,13-09-2024,UPI/General Txn,CREDIT,4412.82,83639.89,General
C6,14-09-2024,UPI/General Txn,DEBIT,854.25,83528.35,General
C6,14-09-2024,UPI/General Txn,CREDIT,879.44,1754.66,General
C6,14-09-2024,UPI/General Txn,DEBIT,1935.22,68759.52,General
C6,14-09-2024,UPI/General Txn,DEBIT,4475.21,9397.9,General
C6,14-09-2024,UPI/General Txn,DEBIT,871.92,16220.23,General
C6,14-09-2024,UPI/General Txn,DEBIT,631.35,70269.07,General
C6,14-09-2024,UPI/General Txn,CREDIT,914.33,88752.43,General
C6,14-09-2024,UPI/General Txn,DEBIT,871.25,95408.19,General
C6,14-09-2024,UPI/General Txn,CREDIT,2181.94,28638.36,General
C6,14-09-2024,UPI/General Txn,DEBIT,1375.12,92695.1,General
C6,14-09-2024,UPI/General Txn,DEBIT,4011.68,20430.7,General
C6,15-09-2024,UPI/General Txn,CREDIT,1940.08,92797.51,General
C6,15-09-2024,UPI/General Txn,DEBIT,4386.15,79863.58,General
C6,15-09-2024,UPI/General Txn,DEBIT,721.22,23744.04,General
C6,15-09-2024,UPI/General Txn,DEBIT,3531.32,56446.42,General
C6,15-09-2024,UPI/General Txn,DEBIT,2033.57,6230.34,General
C6,15-09-2024,UPI/General Txn,DEBIT,980.98,80095.35,General
C6,15-09-2024,UPI/General Txn,DEBIT,1278.37,51333.18,General
C6,15-09-2024,UPI/General Txn,DEBIT,3073.82,24907.98,General
C6,15-09-2024,UPI/General Txn,CREDIT,2806.16,52982.51,General
C6,15-09-2024,UPI/General Txn,CREDIT,558.33,33875.51,General
C6,16-09-2024,UPI/General Txn,DEBIT,4157.74,43344.35,General
C6,16-09-2024,UPI/General Txn,DEBIT,4266.2,14831.53,General
C6,16-09-2024,UPI/General Txn,DEBIT,3971.14,52277.55,General
C6,16-09-2024,UPI/General Txn,DEBIT,3161.72,42790.12,General
C6,16-09-2024,UPI/General Txn,DEBIT,3205.89,74036.37,General
C6,16-09-2024,UPI/General Txn,DEBIT,1677.03,68452.55,General
C6,16-09-2024,UPI/General Txn,CREDIT,4964.48,3966.05,General
C6,16-09-2024,UPI/General Txn,DEBIT,3850.85,77755.12,General
C6,16-09-2024,UPI/General Txn,DEBIT,3485.33,9279.75,General
C6,17-09-2024,UPI/General Txn,DEBIT,3812.04,9180.63,General
C6,17-09-2024,UPI/General Txn,DEBIT,1033.07,44458.93,General
C6,17-09-2024,UPI/General Txn,CREDIT,4482.04,6667.51,General
C6,17-09-2024,UPI/General Txn,DEBIT,3191.15,72203.32,General
C6,17-09-2024,UPI/General Txn,CREDIT,4943.17,38525.46,General
C6,17-09-2024,UPI/General Txn,CREDIT,664.27,75500.4,General
C6,17-09-2024,UPI/General Txn,DEBIT,1377.94,55031.75,General
C6,17-09-2024,UPI/General Txn,CREDIT,824.92,29431.2,General
C6,17-09-2024,UPI/General Txn,DEBIT,2658.89,15907.15,General
C6,18-09-2024,UPI/General Txn,DEBIT,2556.94,32097.25,General
C6,18-09-2024,UPI/General Txn,CREDIT,2397.48,47263.96,General
C6,18-09-2024,UPI/General Txn,DEBIT,316.32,1276.76,General
C6,18-09-2024,UPI/General Txn,DEBIT,1380.3,38411.68,General
C6,18-09-2024,UPI/General Txn,DEBIT,3219.67,36785.21,General
C6,18-09-2024,UPI/General Txn,DEBIT,2627.86,41113.15,General
C6,18-09-2024,UPI/General Txn,DEBIT,2858.71,41884.27,General
C6,18-09-2024,UPI/General Txn,DEBIT,4008.73,99076.09,General
C6,18-09-2024,UPI/General Txn,DEBIT,1910.87,37254.85,General
C6,18-09-2024,UPI/General Txn,CREDIT,4125.73,73230.37,General
C6,19-09-2024,UPI/General Txn,CREDIT,3600.01,6250.64,General
C6,19-09-2024,UPI/General Txn,CREDIT,1118.79,60608.15,General
C6,19-09-2024,UPI/General Txn,CREDIT,3109.62,62191.02,General
C6,19-09-2024,UPI/General Txn,DEBIT,3953.96,77464.28,General
C6,19-09-2024,UPI/General Txn,DEBIT,3915.21,13450.9,General
C6,19-09-2024,UPI/General Txn,DEBIT,397.49,92885.72,General
C6,19-09-2024,UPI/General Txn,CREDIT,4339.73,83654.92,General
C6,19-09-2024,UPI/General Txn,DEBIT,708.9,26899.17,General
C6,19-09-2024,UPI/General Txn,DEBIT,3693.1,55200.29,General
C6,19-09-2024,UPI/General Txn,DEBIT,2420.84,52050.67,General
C6,19-09-2024,UPI/General Txn,DEBIT,1952.63,53303.81,General
C6,19-09-2024,UPI/General Txn,CREDIT,414.41,24980.49,General
C6,20-09-2024,UPI/General Txn,CREDIT,793.35,62288.39,General
C6,20-09-2024,UPI/General Txn,DEBIT,1546.24,52650.62,General
C6,20-09-2024,UPI/General Txn,CREDIT,3261.41,41356.48,General
C6,20-09-2024,UPI/General Txn,DEBIT,877.11,88065.17,General
C6,20-09-2024,UPI/General Txn,DEBIT,3806.75,37457.39,General
C6,20-09-2024,UPI/General Txn,CREDIT,3653.62,22173.56,General
C6,20-09-2024,UPI/General Txn,CREDIT,1616.97,9134.66,General
C6,20-09-2024,UPI/General Txn,CREDIT,4379.88,29870.91,General
C6,21-09-2024,UPI/General Txn,CREDIT,867.69,76008.14,General
C6,21-09-2024,UPI/General Txn,DEBIT,4344.74,19472.32,General
C6,21-09-2024,UPI/General Txn,CREDIT,3964.43,34653.14,General
C6,21-09-2024,UPI/General Txn,CREDIT,3447.6,19975.53,General
C6,21-09-2024,UPI/General Txn,DEBIT,4340.79,67197.77,General
C6,21-09-2024,UPI/General Txn,CREDIT,2402.18,41707.97,General
C6,21-09-2024,UPI/General Txn,CREDIT,1470.96,51785.03,General
C6,21-09-2024,UPI/General Txn,DEBIT,4803.86,77431.65,General
C6,21-09-2024,UPI/General Txn,CREDIT,3680.82,24902.9,General
C6,21-09-2024,UPI/General Txn,DEBIT,3517.29,83211.15,General
C6,21-09-2024,UPI/General Txn,DEBIT,1449.62,47102.59,General
C6,22-09-2024,UPI/General Txn,CREDIT,3401.02,4716.56,General
C6,22-09-2024,UPI/General Txn,DEBIT,3465.45,99319.48,General
C6,22-09-2024,UPI/General Txn,DEBIT,1527.74,91732.1,General
C6,22-09-2024,UPI/General Txn,CREDIT,1123.79,20238.56,General
C6,22-09-2024,UPI/General Txn,CREDIT,2678.44,88464.54,General
C6,22-09-2024,UPI/General Txn,DEBIT,698.68,80863.79,General
C6,22-09-2024,UPI/General Txn,DEBIT,4049.15,10362.91,General
C6,22-09-2024,UPI/General Txn,CREDIT,3039.29,72403.92,General
C6,23-09-2024,UPI/General Txn,DEBIT,2767.45,24868.54,General
C6,23-09-2024,UPI/General Txn,DEBIT,547.95,49765.52,General
C6,23-09-2024,UPI/General Txn,CREDIT,760.06,99944.91,General
C6,23-09-2024,UPI/General Txn,CREDIT,292.13,85626.54,General
C6,23-09-2024,UPI/General Txn,DEBIT,3644.47,91894.91,General
C6,23-09-2024,UPI/General Txn,CREDIT,3098.19,76081.44,General
C6,23-09-2024,UPI/General Txn,CREDIT,1704.46,10435.47,General
C6,23-09-2024,UPI/General Txn,CREDIT,4807.63,78112.42,General
C6,24-09-2024,UPI/General Txn,DEBIT,4469.94,91239.58,General
C6,24-09-2024,UPI/General Txn,DEBIT,1122.65,99729.05,General
C6,24-09-2024,UPI/General Txn,DEBIT,244.05,34124.26,General
C6,24-09-2024,UPI/General Txn,DEBIT,2133.61,83922.08,General
C6,24-09-2024,UPI/General Txn,DEBIT,2666.96,25194.2,General
C6,24-09-2024,UPI/General Txn,CREDIT,1948.73,64046.51,General
C6,24-09-2024,UPI/General Txn,CREDIT,2537.02,82481.05,General
C6,24-09-2024,UPI/General Txn,CREDIT,3020.75,91750.54,General
C6,24-09-2024,UPI/General Txn,DEBIT,4423.18,39784.38,General
C6,24-09-2024,UPI/General Txn,CREDIT,3087.74,14258.7,General
C6,24-09-2024,UPI/General Txn,CREDIT,383.93,60765.45,General
C6,24-09-2024,UPI/General Txn,CREDIT,4061.72,11776.76,General
C6,25-09-2024,UPI/General Txn,CREDIT,1206.64,53458.96,General
C6,25-09-2024,UPI/General Txn,DEBIT,1780.46,59069.15,General
C6,25-09-2024,UPI/General Txn,CREDIT,3806.95,20275.89,General
C6,25-09-2024,UPI/General Txn,DEBIT,4093.24,94218.41,General
C6,25-09-2024,UPI/General Txn,DEBIT,3072.18,8276.65,General
C6,25-09-2024,UPI/General Txn,CREDIT,2311.33,34431.77,General
C6,25-09-2024,UPI/General Txn,CREDIT,476.05,93444.01,General
C6,25-09-2024,UPI/General Txn,CREDIT,3507.54,13875.19,General
C6,25-09-2024,UPI/General Txn,DEBIT,2726.91,83128.72,General
C6,25-09-2024,UPI/General Txn,CREDIT,3189.34,24527.22,General
C6,26-09-2024,UPI/General Txn,DEBIT,2200.48,52414.59,General
C6,26-09-2024,UPI/General Txn,DEBIT,570.33,43225.08,General
C6,26-09-2024,UPI/General Txn,DEBIT,4248.03,94440.95,General
C6,26-09-2024,UPI/General Txn,DEBIT,4386.66,52505.4,General
C6,26-09-2024,UPI/General Txn,CREDIT,1095.59,40385.2,General
C6,26-09-2024,UPI/General Txn,DEBIT,3076.39,39242.13,General
C6,26-09-2024,UPI/General Txn,DEBIT,3456.05,32717.44,General
C6,26-09-2024,UPI/General Txn,DEBIT,3751.29,95325.88,General
C6,26-09-2024,UPI/General Txn,CREDIT,3861.21,89851.87,General
C6,26-09-2024,UPI/General Txn,CREDIT,1843.4,51398.51,General
C6,26-09-2024,UPI/General Txn,DEBIT,998.68,49053.23,General
C6,27-09-2024,UPI/General Txn,DEBIT,2179.92,62496.69,General
C6,27-09-2024,UPI/General Txn,CREDIT,4921.21,29749.68,General
C6,27-09-2024,UPI/General Txn,DEBIT,4819.33,24967.91,General
C6,27-09-2024,UPI/General Txn,DEBIT,4492.17,79587.33,General
C6,27-09-2024,UPI/General Txn,DEBIT,4927.22,34918.32,General
C6,27-09-2024,UPI/General Txn,DEBIT,1263.39,41338.27,General
C6,27-09-2024,UPI/General Txn,CREDIT,1138.61,61836.35,General
C6,27-09-2024,UPI/General Txn,DEBIT,708.27,67035.55,General
C6,27-09-2024,UPI/General Txn,DEBIT,2312.52,60962.52,General
C6,27-09-2024,UPI/General Txn,CREDIT,332.71,99325.86,General
C6,27-09-2024,UPI/General Txn,DEBIT,2946.13,80525.37,General
C6,28-09-2024,UPI/General Txn,DEBIT,2913.03,71750.62,General
C6,28-09-2024,UPI/General Txn,CREDIT,2320.23,58707.01,General
C6,28-09-2024,UPI/General Txn,CREDIT,911.45,76896.22,General
C6,28-09-2024,UPI/General Txn,CREDIT,2906.3,87088.42,General
C6,28-09-2024,UPI/General Txn,CREDIT,3318.18,9875.81,General
C6,28-09-2024,UPI/General Txn,DEBIT,2658.84,53991.2,General
C6,28-09-2024,UPI/General Txn,CREDIT,1894.28,64040.92,General
C6,28-09-2024,UPI/General Txn,DEBIT,2886.93,33705.03,General
C6,28-09-2024,UPI/General Txn,DEBIT,604.43,77457.65,General
C6,28-09-2024,UPI/General Txn,DEBIT,4447.96,95375.56,General
C6,29-09-2024,UPI/General Txn,DEBIT,630.94,30148.73,General
C6,29-09-2024,UPI/General Txn,CREDIT,792.33,41017.01,General
C6,29-09-2024,UPI/General Txn,DEBIT,2843.26,41374.09,General
C6,29-09-2024,UPI/General Txn,CREDIT,3528.42,16345.08,General
C6,29-09-2024,UPI/General Txn,CREDIT,3237.17,76615.37,General
C6,29-09-2024,UPI/General Txn,DEBIT,4864.48,64551.66,General
C6,29-09-2024,UPI/General Txn,DEBIT,952.18,31640.67,General
C6,29-09-2024,UPI/General Txn,DEBIT,4720.85,52479.38,General
C6,29-09-2024,UPI/General Txn,CREDIT,1179.95,65368.77,General
C6,30-09-2024,UPI/General Txn,DEBIT,778.76,83761.15,General
C6,30-09-2024,UPI/General Txn,DEBIT,4906.59,89827.83,General
C6,30-09-2024,UPI/General Txn,DEBIT,4804.1,98178.21,General
C6,30-09-2024,UPI/General Txn,CREDIT,4521.02,34792.63,General
C6,30-09-2024,UPI/General Txn,DEBIT,2791.34,41216.86,General
C6,30-09-2024,UPI/General Txn,DEBIT,3839.22,43980.41,General
C6,30-09-2024,UPI/General Txn,CREDIT,1403.59,57718.41,General
C6,30-09-2024,UPI/General Txn,DEBIT,1789.12,92422.68,General
C6,30-09-2024,UPI/General Txn,CREDIT,1161.5,81065.47,General
C6,30-09-2024,UPI/General Txn,DEBIT,581.44,76882.61,General
C6,30-09-2024,UPI/General Txn,CREDIT,4055.44,57579.19,General
C6,30-09-2024,UPI/General Txn,DEBIT,4904.32,25941.12,General
C6,01-10-2024,UPI/General Txn,CREDIT,3908.37,54605.34,General
C6,01-10-2024,UPI/General Txn,CREDIT,1278.94,85126.59,General
C6,01-10-2024,UPI/General Txn,DEBIT,1432.32,85609.06,General
C6,01-10-2024,UPI/General Txn,DEBIT,4179.4,48363.32,General
C6,01-10-2024,UPI/General Txn,DEBIT,1196.3,67103.92,General
C6,01-10-2024,UPI/General Txn,CREDIT,2618.1,90826.56,General
C6,01-10-2024,UPI/General Txn,DEBIT,2007.5,12561.61,General
C6,01-10-2024,UPI/General Txn,CREDIT,4900.29,50886.03,General
C6,01-10-2024,UPI/General Txn,DEBIT,467.78,81617.06,General
C6,02-10-2024,UPI/General Txn,DEBIT,4135.45,5743.7,General
C6,02-10-2024,UPI/General Txn,DEBIT,424.49,61594.69,General
C6,02-10-2024,UPI/General Txn,CREDIT,1468.31,63356.34,General
C6,02-10-2024,UPI/General Txn,CREDIT,458.5,6378.03,General
C6,02-10-2024,UPI/General Txn,DEBIT,2098.18,86426.95,General
C6,02-10-2024,UPI/General Txn,CREDIT,2656.86,64565.25,General
C6,02-10-2024,UPI/General Txn,DEBIT,3172.19,73267.66,General
C6,02-10-2024,UPI/General Txn,CREDIT,1180.5,27742.03,General
C6,02-10-2024,UPI/General Txn,CREDIT,4489.02,44826.8,General
C6,02-10-2024,UPI/General Txn,DEBIT,1479.35,6760.02,General
C6,03-10-2024,UPI/General Txn,CREDIT,4438.63,76533.67,General
C6,03-10-2024,UPI/General Txn,DEBIT,2117.07,60034.89,General
C6,03-10-2024,UPI/General Txn,DEBIT,1788.3,74840.44,General
C6,03-10-2024,UPI/General Txn,CREDIT,2511.26,92360.06,General
C6,03-10-2024,UPI/General Txn,DEBIT,4623.14,56976.72,General
C6,03-10-2024,UPI/General Txn,DEBIT,4669.18,77142.2,General
C6,03-10-2024,UPI/General Txn,CREDIT,1391.37,93720.87,General
C6,03-10-2024,UPI/General Txn,CREDIT,3405.7,7648.65,General
C6,03-10-2024,UPI/General Txn,DEBIT,1056.82,45932.78,General
C6,03-10-2024,UPI/General Txn,DEBIT,537.02,95465.13,General
C6,03-10-2024,UPI/General Txn,DEBIT,1639.58,21059.24,General
C6,04-10-2024,UPI/General Txn,DEBIT,632.7,46961.25,General
C6,04-10-2024,UPI/General Txn,DEBIT,1104.09,68125.24,General
C6,04-10-2024,UPI/General Txn,DEBIT,485.11,1045.98,General
C6,04-10-2024,UPI/General Txn,CREDIT,651.84,24559.33,General
C6,04-10-2024,UPI/General Txn,CREDIT,2615.14,14103.27,General
C6,04-10-2024,UPI/General Txn,CREDIT,2529.17,38222.13,General
C6,04-10-2024,UPI/General Txn,CREDIT,1032.9,8359.27,General
C6,04-10-2024,UPI/General Txn,CREDIT,3372.59,31402.73,General
C6,04-10-2024,UPI/General Txn,DEBIT,3003.52,86591.24,General
C6,04-10-2024,UPI/General Txn,DEBIT,1682.81,86548.16,General
C6,04-10-2024,UPI/General Txn,DEBIT,1540.68,97334.78,General
C6,05-10-2024,UPI/General Txn,CREDIT,2212.68,99497.96,General
C6,05-10-2024,UPI/General Txn,DEBIT,1258.89,68522.83,General
C6,05-10-2024,UPI/General Txn,CREDIT,4176.8,47569.4,General
C6,05-10-2024,UPI/General Txn,DEBIT,630.58,90599.24,General
C6,05-10-2024,UPI/General Txn,CREDIT,3730.49,67060.36,General
C6,05-10-2024,UPI/General Txn,DEBIT,934.56,8442.68,General
C6,05-10-2024,UPI/General Txn,DEBIT,4186.39,87939.97,General
C6,05-10-2024,UPI/General Txn,DEBIT,4481.9,11131.46,General
C6,06-10-2024,UPI/General Txn,CREDIT,1379.38,17990.34,General
C6,06-10-2024,UPI/General Txn,CREDIT,2776.01,78655.06,General
C6,06-10-2024,UPI/General Txn,CREDIT,3465.22,24152.59,General
C6,06-10-2024,UPI/General Txn,DEBIT,2187.5,87598.59,General
C6,06-10-2024,UPI/General Txn,DEBIT,2742.86,84959.53,General
C6,06-10-2024,UPI/General Txn,CREDIT,968.36,41434.09,General
C6,06-10-2024,UPI/General Txn,CREDIT,1758.51,96016.97,General
C6,06-10-2024,UPI/General Txn,CREDIT,212.3,40875.36,General
C6,06-10-2024,UPI/General Txn,DEBIT,4642.82,45903.8,General
C6,07-10-2024,UPI/General Txn,CREDIT,2073.03,24359.04,General
C6,07-10-2024,UPI/General Txn,DEBIT,2084.91,86150,General
C6,07-10-2024,UPI/General Txn,DEBIT,175.76,38235.57,General
C6,07-10-2024,UPI/General Txn,DEBIT,803.78,18864.45,General
C6,07-10-2024,UPI/General Txn,CREDIT,3182.96,67714.42,General
C6,07-10-2024,UPI/General Txn,CREDIT,522.33,68195.97,General
C6,07-10-2024,UPI/General Txn,DEBIT,3331.82,77951.37,General
C6,07-10-2024,UPI/General Txn,CREDIT,2741.47,93768.82,General
C6,08-10-2024,UPI/General Txn,DEBIT,2084.18,73516.47,General
C6,08-10-2024,UPI/General Txn,DEBIT,2661.9,8202.57,General
C6,08-10-2024,UPI/General Txn,CREDIT,2896.03,57218.84,General
C6,08-10-2024,UPI/General Txn,DEBIT,4847.69,56195.11,General
C6,08-10-2024,UPI/General Txn,CREDIT,2717.87,24286.7,General
C6,08-10-2024,UPI/General Txn,CREDIT,3154.84,78551.58,General
C6,08-10-2024,UPI/General Txn,DEBIT,4353.58,13560.53,General
C6,08-10-2024,UPI/General Txn,CREDIT,4601.07,80040.12,General
C6,08-10-2024,UPI/General Txn,DEBIT,4761.86,66569.04,General
C6,08-10-2024,UPI/General Txn,CREDIT,2757.18,51228.76,General
C6,09-10-2024,UPI/General Txn,CREDIT,3277.02,88366.63,General
C6,09-10-2024,UPI/General Txn,DEBIT,1754.83,65079.8,General
C6,09-10-2024,UPI/General Txn,CREDIT,1489.47,62980.52,General
C6,09-10-2024,UPI/General Txn,DEBIT,2586.92,69832.76,General
C6,09-10-2024,UPI/General Txn,CREDIT,2262.89,92441.29,General
C6,09-10-2024,UPI/General Txn,CREDIT,1252.88,45310.34,General
C6,09-10-2024,UPI/General Txn,DEBIT,2440.25,3595.57,General
C6,09-10-2024,UPI/General Txn,CREDIT,3116.36,38664.38,General
C6,09-10-2024,UPI/General Txn,DEBIT,482.16,72221.46,General
C6,09-10-2024,UPI/General Txn,CREDIT,3352.09,49994.93,General
C6,10-10-2024,UPI/General Txn,DEBIT,2513.11,85845.35,General
C6,10-10-2024,UPI/General Txn,CREDIT,2915.51,51074.74,General
C6,10-10-2024,UPI/General Txn,DEBIT,3620.84,83867.46,General
C6,10-10-2024,UPI/General Txn,DEBIT,734.49,49896.81,General
C6,10-10-2024,UPI/General Txn,CREDIT,3773.85,68474.71,General
C6,10-10-2024,UPI/General Txn,DEBIT,103.21,68551.53,General
C6,10-10-2024,UPI/General Txn,CREDIT,3982.79,6135.33,General
C6,10-10-2024,UPI/General Txn,DEBIT,1419.7,66693.44,General
C6,10-10-2024,UPI/General Txn,CREDIT,4352.16,38712.98,General
C6,10-10-2024,UPI/General Txn,CREDIT,3135.74,57350.15,General
C6,10-10-2024,UPI/General Txn,DEBIT,250.11,17624.05,General
C6,10-10-2024,UPI/General Txn,DEBIT,4508.86,78059.53,General
C6,11-10-2024,UPI/General Txn,CREDIT,4277.16,25869.37,General
C6,11-10-2024,UPI/General Txn,CREDIT,4677.73,46607.9,General
C6,11-10-2024,UPI/General Txn,DEBIT,2030.93,35948.97,General
C6,11-10-2024,UPI/General Txn,CREDIT,4094.61,19383.2,General
C6,11-10-2024,UPI/General Txn,DEBIT,1308.46,68669.03,General
C6,11-10-2024,UPI/General Txn,CREDIT,3722.87,79163.97,General
C6,11-10-2024,UPI/General Txn,DEBIT,4168.51,86762.92,General
C6,11-10-2024,UPI/General Txn,DEBIT,1053.38,34678.42,General
C6,11-10-2024,UPI/General Txn,DEBIT,905.67,68762.46,General
C6,11-10-2024,UPI/General Txn,DEBIT,4588.39,53770.99,General
C6,12-10-2024,UPI/General Txn,CREDIT,3639.86,18611.96,General
C6,12-10-2024,UPI/General Txn,CREDIT,4730.62,17600.25,General
C6,12-10-2024,UPI/General Txn,CREDIT,2919.67,94660.41,General
C6,12-10-2024,UPI/General Txn,DEBIT,1186.1,34989.18,General
C6,12-10-2024,UPI/General Txn,CREDIT,3078.89,11119.85,General
C6,12-10-2024,UPI/General Txn,DEBIT,4316.21,56433.42,General
C6,12-10-2024,UPI/General Txn,CREDIT,2016.97,3540.27,General
C6,12-10-2024,UPI/General Txn,CREDIT,3264.52,95669.64,General
C6,12-10-2024,UPI/General Txn,CREDIT,4752.93,2547.61,General
C6,12-10-2024,UPI/General Txn,CREDIT,1670.16,77527.32,General
C6,13-10-2024,UPI/General Txn,DEBIT,4141.82,1752.63,General
C6,13-10-2024,UPI/General Txn,DEBIT,1602.43,87897.26,General
C6,13-10-2024,UPI/General Txn,DEBIT,4479.95,92705.54,General
C6,13-10-2024,UPI/General Txn,CREDIT,654.66,60301.1,General
C6,13-10-2024,UPI/General Txn,DEBIT,907.59,52632.72,General
C6,13-10-2024,UPI/General Txn,DEBIT,3552.96,27644.24,General
C6,13-10-2024,UPI/General Txn,CREDIT,284.68,21808.4,General
C6,13-10-2024,UPI/General Txn,CREDIT,1607.14,30071.35,General
C6,13-10-2024,UPI/General Txn,CREDIT,626.86,21027.42,General
C6,13-10-2024,UPI/General Txn,DEBIT,1161.32,37244.9,General
C6,14-10-2024,UPI/General Txn,CREDIT,4105.94,73056.33,General
C6,14-10-2024,UPI/General Txn,DEBIT,4758.05,24576.73,General
C6,14-10-2024,UPI/General Txn,CREDIT,2188.63,5533.42,General
C6,14-10-2024,UPI/General Txn,CREDIT,4803.02,95320.33,General
C6,14-10-2024,UPI/General Txn,DEBIT,833.46,29064.4,General
C6,14-10-2024,UPI/General Txn,DEBIT,3871.82,4484.03,General
C6,14-10-2024,UPI/General Txn,CREDIT,1833.91,38910.31,General
C6,14-10-2024,UPI/General Txn,DEBIT,2693.14,69911.81,General
C6,14-10-2024,UPI/General Txn,DEBIT,2666.23,60902.1,General
C6,15-10-2024,UPI/General Txn,DEBIT,3813.05,27896.52,General
C6,15-10-2024,UPI/General Txn,CREDIT,735.9,40817.17,General
C6,15-10-2024,UPI/General Txn,CREDIT,4461.91,56183.25,General
C6,15-10-2024,UPI/General Txn,CREDIT,4573.17,42192.23,General
C6,15-10-2024,UPI/General Txn,CREDIT,4782.18,79437.26,General
C6,15-10-2024,UPI/General Txn,CREDIT,2303.92,28674.27,General
C6,15-10-2024,UPI/General Txn,DEBIT,4326.7,49778.47,General
C6,15-10-2024,UPI/General Txn,CREDIT,1755.66,98332.24,General
C6,15-10-2024,UPI/General Txn,CREDIT,4476.54,54593.6,General
C6,16-10-2024,UPI/General Txn,CREDIT,3691.15,96489,General
C6,16-10-2024,UPI/General Txn,CREDIT,4003.35,78973.17,General
C6,16-10-2024,UPI/General Txn,CREDIT,4223.72,18599.74,General
C6,16-10-2024,UPI/General Txn,DEBIT,731.59,96795.81,General
C6,16-10-2024,UPI/General Txn,CREDIT,4080.85,98553.22,General
C6,16-10-2024,UPI/General Txn,DEBIT,224.44,88366.51,General
C6,16-10-2024,UPI/General Txn,CREDIT,310.09,37877.86,General
C6,16-10-2024,UPI/General Txn,DEBIT,1224.91,8202.07,General
C6,16-10-2024,UPI/General Txn,DEBIT,1258.46,80131.9,General
C6,16-10-2024,UPI/General Txn,DEBIT,4355.58,21626.05,General
C6,17-10-2024,UPI/General Txn,DEBIT,1765.66,52656.9,General
C6,17-10-2024,UPI/General Txn,CREDIT,3203.75,55999.06,General
C6,17-10-2024,UPI/General Txn,DEBIT,992.53,29107.04,General
C6,17-10-2024,UPI/General Txn,CREDIT,1493.38,39196.74,General
C6,17-10-2024,UPI/General Txn,CREDIT,3137.82,15263.17,General
C6,17-10-2024,UPI/General Txn,DEBIT,4819.17,42884.16,General
C6,17-10-2024,UPI/General Txn,CREDIT,4504.46,72216.72,General
C6,17-10-2024,UPI/General Txn,CREDIT,1534.07,15820.76,General
C6,17-10-2024,UPI/General Txn,CREDIT,131.19,84750.36,General
C6,17-10-2024,UPI/General Txn,DEBIT,4925.47,92004.87,General
C6,18-10-2024,UPI/General Txn,DEBIT,1124.84,53056.94,General
C6,18-10-2024,UPI/General Txn,DEBIT,4046.39,71049.01,General
C6,18-10-2024,UPI/General Txn,DEBIT,4057.87,73967.57,General
C6,18-10-2024,UPI/General Txn,DEBIT,1033.08,13503.25,General
C6,18-10-2024,UPI/General Txn,DEBIT,3072.24,63064.28,General
C6,18-10-2024,UPI/General Txn,DEBIT,3157.93,38338.48,General
C6,18-10-2024,UPI/General Txn,DEBIT,139.76,52439.47,General
C6,18-10-2024,UPI/General Txn,CREDIT,2135.3,16854.93,General
C6,18-10-2024,UPI/General Txn,CREDIT,3615.97,35155.7,General
C6,18-10-2024,UPI/General Txn,CREDIT,2709.31,40998.51,General
C6,19-10-2024,UPI/General Txn,DEBIT,3359.27,78905.37,General
C6,19-10-2024,UPI/General Txn,CREDIT,4509.27,46961.88,General
C6,19-10-2024,UPI/General Txn,CREDIT,1375.67,56642.09,General
C6,19-10-2024,UPI/General Txn,DEBIT,1401.59,38512.05,General
C6,19-10-2024,UPI/General Txn,DEBIT,4327.41,33217.99,General
C6,19-10-2024,UPI/General Txn,CREDIT,3131.2,38858.87,General
C6,19-10-2024,UPI/General Txn,DEBIT,3322.62,73226.07,General
C6,19-10-2024,UPI/General Txn,DEBIT,2023.23,72110.62,General
C6,20-10-2024,UPI/General Txn,DEBIT,3262.56,7268.87,General
C6,20-10-2024,UPI/General Txn,DEBIT,3468.67,44846.93,General
C6,20-10-2024,UPI/General Txn,DEBIT,3614.25,92653.7,General
C6,20-10-2024,UPI/General Txn,DEBIT,3311.44,95712.41,General
C6,20-10-2024,UPI/General Txn,CREDIT,4637.83,18997.14,General
C6,20-10-2024,UPI/General Txn,DEBIT,860.44,74358.46,General
C6,20-10-2024,UPI/General Txn,DEBIT,4419.64,73547.71,General
C6,20-10-2024,UPI/General Txn,DEBIT,4017.07,64395.39,General
C6,21-10-2024,UPI/General Txn,DEBIT,2810.37,24409.02,General
C6,21-10-2024,UPI/General Txn,CREDIT,916.16,70544.55,General
C6,21-10-2024,UPI/General Txn,DEBIT,1298.15,32700.17,General
C6,21-10-2024,UPI/General Txn,CREDIT,4704.51,42369.66,General
C6,21-10-2024,UPI/General Txn,CREDIT,2496.61,73974.38,General
C6,21-10-2024,UPI/General Txn,DEBIT,4424.28,16994.61,General
C6,21-10-2024,UPI/General Txn,DEBIT,2026.1,94247.94,General
C6,21-10-2024,UPI/General Txn,CREDIT,2898.11,86677.88,General
C6,21-10-2024,UPI/General Txn,CREDIT,2930.28,61510.07,General
C6,22-10-2024,UPI/General Txn,CREDIT,984.26,60757.13,General
C6,22-10-2024,UPI/General Txn,CREDIT,4254.92,1266.12,General
C6,22-10-2024,UPI/General Txn,CREDIT,2898.11,7918.37,General
C6,22-10-2024,UPI/General Txn,DEBIT,371.64,67005.33,General
C6,22-10-2024,UPI/General Txn,CREDIT,3019.89,72157.7,General
C6,22-10-2024,UPI/General Txn,CREDIT,1149.76,14689.26,General
C6,22-10-2024,UPI/General Txn,DEBIT,4761.06,13936.16,General
C6,22-10-2024,UPI/General Txn,DEBIT,237.58,14336.91,General
C6,23-10-2024,UPI/General Txn,DEBIT,2045.95,55249.97,General
C6,23-10-2024,UPI/General Txn,DEBIT,949.01,27265.85,General
C6,23-10-2024,UPI/General Txn,CREDIT,2815.63,52343.78,General
C6,23-10-2024,UPI/General Txn,CREDIT,2578.99,35581.98,General
C6,23-10-2024,UPI/General Txn,CREDIT,1131.87,67067.44,General
C6,23-10-2024,UPI/General Txn,DEBIT,1851.08,64105.29,General
C6,23-10-2024,UPI/General Txn,DEBIT,2032.29,80070.51,General
C6,23-10-2024,UPI/General Txn,DEBIT,4620.48,20997.52,General
C6,23-10-2024,UPI/General Txn,CREDIT,1462.84,24392.45,General
C6,23-10-2024,UPI/General Txn,DEBIT,2000.47,81652.6,General
C6,24-10-2024,UPI/General Txn,CREDIT,1671.6,7574.44,General
C6,24-10-2024,UPI/General Txn,DEBIT,4192.4,95455.33,General
C6,24-10-2024,UPI/General Txn,DEBIT,4372.83,3261.22,General
C6,24-10-2024,UPI/General Txn,DEBIT,831.16,78142.83,General
C6,24-10-2024,UPI/General Txn,CREDIT,3675.86,66736.83,General
C6,24-10-2024,UPI/General Txn,DEBIT,553.13,48318.91,General
C6,24-10-2024,UPI/General Txn,DEBIT,3303.4,6612.18,General
C6,24-10-2024,UPI/General Txn,DEBIT,4133.92,58078.37,General
C6,24-10-2024,UPI/General Txn,DEBIT,4961.67,21831.29,General
C6,24-10-2024,UPI/General Txn,DEBIT,3008.08,61261.02,General
C6,24-10-2024,UPI/General Txn,CREDIT,664.33,5793.23,General
C6,24-10-2024,UPI/General Txn,DEBIT,839.57,12440.4,General
C6,25-10-2024,UPI/General Txn,CREDIT,678.59,41601.04,General
C6,25-10-2024,UPI/General Txn,DEBIT,3788.03,6296.84,General
C6,25-10-2024,UPI/General Txn,DEBIT,3068.6,12477.46,General
C6,25-10-2024,UPI/General Txn,DEBIT,1974.65,13820.75,General
C6,25-10-2024,UPI/General Txn,DEBIT,985.46,62133.29,General
C6,25-10-2024,UPI/General Txn,DEBIT,256.4,72576.94,General
C6,25-10-2024,UPI/General Txn,CREDIT,3342.42,93307.84,General
C6,25-10-2024,UPI/General Txn,DEBIT,1069.96,4665.28,General
C6,25-10-2024,UPI/General Txn,CREDIT,2902.23,38648.08,General
C6,26-10-2024,UPI/General Txn,DEBIT,2727.13,46078.98,General
C6,26-10-2024,UPI/General Txn,CREDIT,4396.68,77888.23,General
C6,26-10-2024,UPI/General Txn,CREDIT,607.78,18437.58,General
C6,26-10-2024,UPI/General Txn,DEBIT,541.49,79193.86,General
C6,26-10-2024,UPI/General Txn,DEBIT,3446.9,92270.97,General
C6,26-10-2024,UPI/General Txn,CREDIT,4313.23,98216.4,General
C6,26-10-2024,UPI/General Txn,CREDIT,835.63,38182.12,General
C6,26-10-2024,UPI/General Txn,DEBIT,183.86,70361.94,General
C6,26-10-2024,UPI/General Txn,CREDIT,1896.96,72435.85,General
C6,27-10-2024,UPI/General Txn,DEBIT,4071.28,80730.85,General
C6,27-10-2024,UPI/General Txn,CREDIT,1151.63,13692.13,General
C6,27-10-2024,UPI/General Txn,CREDIT,3503.35,82525.87,General
C6,27-10-2024,UPI/General Txn,DEBIT,3904.18,96919.67,General
C6,27-10-2024,UPI/General Txn,CREDIT,681.39,19884.89,General
C6,27-10-2024,UPI/General Txn,CREDIT,4682.33,54424.29,General
C6,27-10-2024,UPI/General Txn,DEBIT,1998.11,21989.25,General
C6,27-10-2024,UPI/General Txn,DEBIT,232.51,88922.13,General
C6,28-10-2024,UPI/General Txn,CREDIT,225.66,93088.34,General
C6,28-10-2024,UPI/General Txn,CREDIT,2170.05,61810.86,General
C6,28-10-2024,UPI/General Txn,CREDIT,2448.62,28515.15,General
C6,28-10-2024,UPI/General Txn,DEBIT,915.12,44868.34,General
C6,28-10-2024,UPI/General Txn,DEBIT,3635.58,43690.97,General
C6,28-10-2024,UPI/General Txn,DEBIT,4323.63,41821.77,General
C6,28-10-2024,UPI/General Txn,CREDIT,736.94,53573.67,General
C6,28-10-2024,UPI/General Txn,DEBIT,4731.25,34896.64,General
C6,28-10-2024,UPI/General Txn,DEBIT,1379.2,82949,General
C6,29-10-2024,UPI/General Txn,CREDIT,1187,4205.92,General
C6,29-10-2024,UPI/General Txn,DEBIT,387.37,61997.58,General
C6,29-10-2024,UPI/General Txn,CREDIT,4549.1,95702.32,General
C6,29-10-2024,UPI/General Txn,CREDIT,2865.7,37488.04,General
C6,29-10-2024,UPI/General Txn,CREDIT,4475.91,62667.73,General
C6,29-10-2024,UPI/General Txn,CREDIT,1917.35,37825.01,General
C6,29-10-2024,UPI/General Txn,DEBIT,2183.33,94631.25,General
C6,29-10-2024,UPI/General Txn,DEBIT,1331.28,14549.06,General
C6,30-10-2024,UPI/General Txn,DEBIT,2362.55,11945.46,General
C6,30-10-2024,UPI/General Txn,DEBIT,2819.21,79928.65,General
C6,30-10-2024,UPI/General Txn,DEBIT,2619.5,21514.73,General
C6,30-10-2024,UPI/General Txn,CREDIT,4049.87,55830.49,General
C6,30-10-2024,UPI/General Txn,CREDIT,591.85,28340.83,General
C6,30-10-2024,UPI/General Txn,CREDIT,4721.73,17025.56,General
C6,30-10-2024,UPI/General Txn,DEBIT,2629.77,52168.34,General
C6,30-10-2024,UPI/General Txn,CREDIT,4080.45,45328.36,General
C6,30-10-2024,UPI/General Txn,DEBIT,825.85,86974.83,General
C6,30-10-2024,UPI/General Txn,CREDIT,630.09,70726.07,General
C6,31-10-2024,UPI/General Txn,DEBIT,513.73,41450.1,General
C6,31-10-2024,UPI/General Txn,DEBIT,598.17,46732.67,General
C6,31-10-2024,UPI/General Txn,DEBIT,1223.03,96908.76,General
C6,31-10-2024,UPI/General Txn,CREDIT,4083.69,36750.99,General
C6,31-10-2024,UPI/General Txn,CREDIT,2700.4,49711.28,General
C6,31-10-2024,UPI/General Txn,CREDIT,1077.52,18323.08,General
C6,31-10-2024,UPI/General Txn,DEBIT,3549.92,2725.53,General
C6,31-10-2024,UPI/General Txn,CREDIT,2231.97,53637.48,General
C6,31-10-2024,UPI/General Txn,CREDIT,2687.8,45235.16,General
C6,31-10-2024,UPI/General Txn,CREDIT,3546.7,50121.24,General
C6,31-10-2024,UPI/General Txn,DEBIT,1102.35,34042.51,General
C6,01-11-2024,UPI/General Txn,DEBIT,3074.12,82435.96,General
C6,01-11-2024,UPI/General Txn,CREDIT,4605.34,92274.96,General
C6,01-11-2024,UPI/General Txn,CREDIT,4207.82,44244.08,General
C6,01-11-2024,UPI/General Txn,CREDIT,829.68,58929.57,General
C6,01-11-2024,UPI/General Txn,DEBIT,2670.62,70248.25,General
C6,01-11-2024,UPI/General Txn,DEBIT,2427.52,6700.51,General
C6,01-11-2024,UPI/General Txn,CREDIT,1403.42,43130.79,General
C6,01-11-2024,UPI/General Txn,CREDIT,1621.95,63056.93,General
C6,01-11-2024,UPI/General Txn,DEBIT,222.17,79715.24,General
C6,02-11-2024,UPI/General Txn,CREDIT,2289.96,66987.12,General
C6,02-11-2024,UPI/General Txn,CREDIT,709.18,4697.72,General
C6,02-11-2024,UPI/General Txn,CREDIT,3770.21,58970.9,General
C6,02-11-2024,UPI/General Txn,DEBIT,2765,82234.2,General
C6,02-11-2024,UPI/General Txn,CREDIT,2858.31,57842.72,General
C6,02-11-2024,UPI/General Txn,DEBIT,1643.73,32349.92,General
C6,02-11-2024,UPI/General Txn,CREDIT,943.39,61445.28,General
C6,02-11-2024,UPI/General Txn,CREDIT,2559,65011.82,General
C6,03-11-2024,UPI/General Txn,CREDIT,4126.39,78549.26,General
C6,03-11-2024,UPI/General Txn,CREDIT,2693.02,64249.28,General
C6,03-11-2024,UPI/General Txn,DEBIT,3275.33,46861.53,General
C6,03-11-2024,UPI/General Txn,DEBIT,2251.18,81552.87,General
C6,03-11-2024,UPI/General Txn,CREDIT,1972.88,11103.49,General
C6,03-11-2024,UPI/General Txn,DEBIT,4549.57,15695.55,General
C6,03-11-2024,UPI/General Txn,DEBIT,2476.28,49017.12,General
C6,03-11-2024,UPI/General Txn,DEBIT,2897.99,24096.59,General
C6,03-11-2024,UPI/General Txn,CREDIT,953.56,44252.48,General
C6,03-11-2024,UPI/General Txn,CREDIT,1133.58,58703.53,General
C6,03-11-2024,UPI/General Txn,CREDIT,4568.65,80894.33,General
C6,03-11-2024,UPI/General Txn,CREDIT,428.28,17349.13,General
C6,04-11-2024,UPI/General Txn,DEBIT,4255.8,3604.39,General
C6,04-11-2024,UPI/General Txn,CREDIT,2389.62,82161.56,General
C6,04-11-2024,UPI/General Txn,DEBIT,2748.7,11463.43,General
C6,04-11-2024,UPI/General Txn,DEBIT,2112.64,66414.84,General
C6,04-11-2024,UPI/General Txn,CREDIT,3330.39,10412.73,General
C6,04-11-2024,UPI/General Txn,DEBIT,4661.36,24285.86,General
C6,04-11-2024,UPI/General Txn,CREDIT,3453.3,90182.41,General
C6,04-11-2024,UPI/General Txn,DEBIT,4497.49,97625.12,General
C6,04-11-2024,UPI/General Txn,CREDIT,4816.34,92852.53,General
C6,04-11-2024,UPI/General Txn,DEBIT,2590.27,97080.31,General
C6,04-11-2024,UPI/General Txn,CREDIT,4647.57,31107.29,General
C6,05-11-2024,UPI/General Txn,DEBIT,887.51,45677.84,General
C6,05-11-2024,UPI/General Txn,CREDIT,4412.87,52672.68,General
C6,05-11-2024,UPI/General Txn,DEBIT,3713.48,57537.68,General
C6,05-11-2024,UPI/General Txn,CREDIT,2257.73,44329.12,General
C6,05-11-2024,UPI/General Txn,DEBIT,156.52,7109.73,General
C6,05-11-2024,UPI/General Txn,DEBIT,225.9,42459.97,General
C6,05-11-2024,UPI/General Txn,DEBIT,1668.97,83052.25,General
C6,05-11-2024,UPI/General Txn,DEBIT,981.17,38644.74,General
C6,05-11-2024,UPI/General Txn,CREDIT,517.13,10058.87,General
C6,06-11-2024,UPI/General Txn,CREDIT,4677.33,67759.71,General
C6,06-11-2024,UPI/General Txn,DEBIT,2993.11,60390.27,General
C6,06-11-2024,UPI/General Txn,DEBIT,2175.03,46872.55,General
C6,06-11-2024,UPI/General Txn,CREDIT,3785.57,66793.76,General
C6,06-11-2024,UPI/General Txn,DEBIT,345.12,59295.33,General
C6,06-11-2024,UPI/General Txn,DEBIT,1223.75,26606.49,General
C6,06-11-2024,UPI/General Txn,CREDIT,3973.31,12136.81,General
C6,06-11-2024,UPI/General Txn,CREDIT,2193.03,90059.11,General
C6,07-11-2024,UPI/General Txn,CREDIT,967.44,67745.05,General
C6,07-11-2024,UPI/General Txn,DEBIT,4061.55,33997.38,General
C6,07-11-2024,UPI/General Txn,DEBIT,1949.2,78124.04,General
C6,07-11-2024,UPI/General Txn,CREDIT,2355.17,18990.8,General
C6,07-11-2024,UPI/General Txn,CREDIT,3235.99,70499.09,General
C6,07-11-2024,UPI/General Txn,CREDIT,1486.9,38989.34,General
C6,07-11-2024,UPI/General Txn,CREDIT,1318.41,93620.09,General
C6,07-11-2024,UPI/General Txn,CREDIT,2203.61,45852.92,General
C6,07-11-2024,UPI/General Txn,DEBIT,1630.73,44950.7,General
C6,08-11-2024,UPI/General Txn,DEBIT,2848.08,39207.59,General
C6,08-11-2024,UPI/General Txn,CREDIT,883.06,58419.74,General
C6,08-11-2024,UPI/General Txn,CREDIT,1291.47,28246.51,General
C6,08-11-2024,UPI/General Txn,DEBIT,2778.89,50750.75,General
C6,08-11-2024,UPI/General Txn,DEBIT,2911.96,27325.9,General
C6,08-11-2024,UPI/General Txn,DEBIT,2060.64,61793.94,General
C6,08-11-2024,UPI/General Txn,DEBIT,4413.64,98516.23,General
C6,08-11-2024,UPI/General Txn,DEBIT,2036.42,99068.92,General
C6,08-11-2024,UPI/General Txn,CREDIT,3789.19,60592.3,General
C6,09-11-2024,UPI/General Txn,DEBIT,2182.08,9829,General
C6,09-11-2024,UPI/General Txn,DEBIT,461.88,59063.3,General
C6,09-11-2024,UPI/General Txn,DEBIT,3807.77,36416.96,General
C6,09-11-2024,UPI/General Txn,DEBIT,3801.91,99859.32,General
C6,09-11-2024,UPI/General Txn,CREDIT,4378.35,11688.09,General
C6,09-11-2024,UPI/General Txn,CREDIT,1145.38,89549.8,General
C6,09-11-2024,UPI/General Txn,DEBIT,1774.47,5335.3,General
C6,09-11-2024,UPI/General Txn,DEBIT,1347.11,40660.22,General
C6,10-11-2024,UPI/General Txn,CREDIT,4559.05,90736.48,General
C6,10-11-2024,UPI/General Txn,CREDIT,1464.24,50063.6,General
C6,10-11-2024,UPI/General Txn,DEBIT,1384.7,43462.85,General
C6,10-11-2024,UPI/General Txn,DEBIT,3286.4,70004.44,General
C6,10-11-2024,UPI/General Txn,CREDIT,1440.64,40804.41,General
C6,10-11-2024,UPI/General Txn,CREDIT,409.58,89760.99,General
C6,10-11-2024,UPI/General Txn,DEBIT,4663.65,77467.59,General
C6,10-11-2024,UPI/General Txn,CREDIT,721.21,59860.17,General
C6,11-11-2024,UPI/General Txn,DEBIT,3789.74,55123.73,General
C6,11-11-2024,UPI/General Txn,DEBIT,4786.49,86763.58,General
C6,11-11-2024,UPI/General Txn,DEBIT,2362.45,10592.91,General
C6,11-11-2024,UPI/General Txn,CREDIT,490.14,41956.25,General
C6,11-11-2024,UPI/General Txn,DEBIT,4254.18,78940.41,General
C6,11-11-2024,UPI/General Txn,DEBIT,4214.7,91992.56,General
C6,11-11-2024,UPI/General Txn,CREDIT,3170.29,55045.59,General
C6,11-11-2024,UPI/General Txn,DEBIT,3120.69,70189.19,General
C6,11-11-2024,UPI/General Txn,CREDIT,2950.67,31849.96,General
C6,11-11-2024,UPI/General Txn,CREDIT,2582.94,69180.23,General
C6,11-11-2024,UPI/General Txn,CREDIT,4346.99,34688.21,General
C6,11-11-2024,UPI/General Txn,CREDIT,1379.97,80554.35,General
C6,12-11-2024,UPI/General Txn,DEBIT,642.17,72515.78,General
C6,12-11-2024,UPI/General Txn,DEBIT,3429.66,84637.03,General
C6,12-11-2024,UPI/General Txn,CREDIT,3927.13,25393.25,General
C6,12-11-2024,UPI/General Txn,DEBIT,4650.87,35774.84,General
C6,12-11-2024,UPI/General Txn,DEBIT,444.88,42825.73,General
C6,12-11-2024,UPI/General Txn,DEBIT,3668.17,83419.88,General
C6,12-11-2024,UPI/General Txn,CREDIT,2735.31,21507.01,General
C6,12-11-2024,UPI/General Txn,CREDIT,1640.5,97610.56,General
C6,13-11-2024,UPI/General Txn,CREDIT,590.04,33437.73,General
C6,13-11-2024,UPI/General Txn,CREDIT,3037.52,49065.3,General
C6,13-11-2024,UPI/General Txn,CREDIT,340.84,80892.36,General
C6,13-11-2024,UPI/General Txn,CREDIT,1563.7,18713.83,General
C6,13-11-2024,UPI/General Txn,CREDIT,1537.26,99865.36,General
C6,13-11-2024,UPI/General Txn,CREDIT,3443.8,78766.2,General
C6,13-11-2024,UPI/General Txn,CREDIT,3728.74,43702.66,General
C6,13-11-2024,UPI/General Txn,CREDIT,2111.26,79128.61,General
C6,13-11-2024,UPI/General Txn,DEBIT,1384.44,82198.95,General
C6,14-11-2024,UPI/General Txn,CREDIT,1642.26,49512.9,General
C6,14-11-2024,UPI/General Txn,DEBIT,2271.17,57549.8,General
C6,14-11-2024,UPI/General Txn,CREDIT,3934.33,77032.53,General
C6,14-11-2024,UPI/General Txn,DEBIT,4827.31,78344.69,General
C6,14-11-2024,UPI/General Txn,DEBIT,4045.8,43089.99,General
C6,14-11-2024,UPI/General Txn,CREDIT,1288.33,26550.77,General
C6,14-11-2024,UPI/General Txn,CREDIT,2081.74,78544.63,General
C6,14-11-2024,UPI/General Txn,DEBIT,4286.01,77272.05,General
C6,14-11-2024,UPI/General Txn,CREDIT,1748.89,6365.05,General
C6,14-11-2024,UPI/General Txn,CREDIT,2042.8,60761.4,General
C6,15-11-2024,UPI/General Txn,DEBIT,1221.62,1906.45,General
C6,15-11-2024,UPI/General Txn,CREDIT,4666.39,16866.15,General
C6,15-11-2024,UPI/General Txn,DEBIT,1015.02,16063.43,General
C6,15-11-2024,UPI/General Txn,CREDIT,987.12,43390.02,General
C6,15-11-2024,UPI/General Txn,CREDIT,4418.64,31751.01,General
C6,15-11-2024,UPI/General Txn,CREDIT,758.25,61714.04,General
C6,15-11-2024,UPI/General Txn,DEBIT,2011.7,8827.44,General
C6,15-11-2024,UPI/General Txn,DEBIT,1476.56,10137.72,General
C6,15-11-2024,UPI/General Txn,CREDIT,4562.52,53807.48,General
C6,15-11-2024,UPI/General Txn,CREDIT,2633.64,99343.98,General
C6,16-11-2024,UPI/General Txn,DEBIT,3826.42,11726.44,General
C6,16-11-2024,UPI/General Txn,CREDIT,2985.17,48638.84,General
C6,16-11-2024,UPI/General Txn,DEBIT,2523.22,20392.5,General
C6,16-11-2024,UPI/General Txn,CREDIT,487.75,44964.75,General
C6,16-11-2024,UPI/General Txn,DEBIT,3949.41,93167.55,General
C6,16-11-2024,UPI/General Txn,DEBIT,1438.67,99427.39,General
C6,16-11-2024,UPI/General Txn,CREDIT,2101.89,85421.44,General
C6,16-11-2024,UPI/General Txn,CREDIT,3229.11,8537.83,General
C6,17-11-2024,UPI/General Txn,DEBIT,4605.66,21185.2,General
C6,17-11-2024,UPI/General Txn,CREDIT,1331.02,34872.88,General
C6,17-11-2024,UPI/General Txn,CREDIT,2207.41,86773.44,General
C6,17-11-2024,UPI/General Txn,CREDIT,2708.22,55856.66,General
C6,17-11-2024,UPI/General Txn,DEBIT,4871.14,37481.08,General
C6,17-11-2024,UPI/General Txn,DEBIT,1397.16,31666.53,General
C6,17-11-2024,UPI/General Txn,DEBIT,704.69,50842.81,General
C6,17-11-2024,UPI/General Txn,CREDIT,4405.38,79894.68,General
C6,18-11-2024,UPI/General Txn,CREDIT,331.03,26192,General
C6,18-11-2024,UPI/General Txn,CREDIT,3298.82,65568.5,General
C6,18-11-2024,UPI/General Txn,DEBIT,1758.84,87117.16,General
C6,18-11-2024,UPI/General Txn,DEBIT,4243,12028.96,General
C6,18-11-2024,UPI/General Txn,DEBIT,4727.88,93530.82,General
C6,18-11-2024,UPI/General Txn,CREDIT,4925.15,77205.34,General
C6,18-11-2024,UPI/General Txn,CREDIT,3112.41,68535.04,General
C6,18-11-2024,UPI/General Txn,DEBIT,3141.87,45624.26,General
C6,18-11-2024,UPI/General Txn,CREDIT,4515.73,76651.57,General
C6,18-11-2024,UPI/General Txn,CREDIT,1290.19,64861.43,General
C6,19-11-2024,UPI/General Txn,DEBIT,2497.5,19971.19,General
C6,19-11-2024,UPI/General Txn,CREDIT,4179.76,68823.22,General
C6,19-11-2024,UPI/General Txn,CREDIT,4116.27,36009.39,General
C6,19-11-2024,UPI/General Txn,DEBIT,161.82,80318.42,General
C6,19-11-2024,UPI/General Txn,CREDIT,429.63,96269.3,General
C6,19-11-2024,UPI/General Txn,CREDIT,4150.84,33566.18,General
C6,19-11-2024,UPI/General Txn,DEBIT,3213.17,39274.69,General
C6,19-11-2024,UPI/General Txn,DEBIT,4972.22,33174.97,General
C6,19-11-2024,UPI/General Txn,DEBIT,2772.06,27409.77,General
C6,20-11-2024,UPI/General Txn,DEBIT,1722.02,88228.56,General
C6,20-11-2024,UPI/General Txn,DEBIT,157.89,51955.52,General
C6,20-11-2024,UPI/General Txn,CREDIT,3604.26,44613.62,General
C6,20-11-2024,UPI/General Txn,DEBIT,2575.27,84413.46,General
C6,20-11-2024,UPI/General Txn,DEBIT,1792.17,28606.56,General
C6,20-11-2024,UPI/General Txn,CREDIT,1346.53,26903.62,General
C6,20-11-2024,UPI/General Txn,DEBIT,2194.74,82125.48,General
C6,20-11-2024,UPI/General Txn,DEBIT,4407.14,48036.03,General
C6,20-11-2024,UPI/General Txn,CREDIT,3135.75,70753.1,General
C6,21-11-2024,UPI/General Txn,CREDIT,625.05,24851.43,General
C6,21-11-2024,UPI/General Txn,DEBIT,3019.21,54126.46,General
C6,21-11-2024,UPI/General Txn,CREDIT,4805.69,87539.21,General
C6,21-11-2024,UPI/General Txn,CREDIT,3703.17,98829.03,General
C6,21-11-2024,UPI/General Txn,DEBIT,2685.7,88595.12,General
C6,21-11-2024,UPI/General Txn,DEBIT,3845.24,31301.43,General
C6,21-11-2024,UPI/General Txn,CREDIT,4927.89,58298.74,General
C6,21-11-2024,UPI/General Txn,CREDIT,750.94,11360.76,General
C6,21-11-2024,UPI/General Txn,DEBIT,4214.75,26125.52,General
C6,21-11-2024,UPI/General Txn,DEBIT,1239.5,86322.94,General
C6,21-11-2024,UPI/General Txn,CREDIT,4933.83,71336.79,General
C6,21-11-2024,UPI/General Txn,DEBIT,957.64,90551.3,General
C6,22-11-2024,UPI/General Txn,CREDIT,3278.62,17110.67,General
C6,22-11-2024,UPI/General Txn,DEBIT,1253.78,15943.84,General
C6,22-11-2024,UPI/General Txn,CREDIT,652.38,3978.27,General
C6,22-11-2024,UPI/General Txn,DEBIT,4607.76,94426.44,General
C6,22-11-2024,UPI/General Txn,DEBIT,2876.25,52191.03,General
C6,22-11-2024,UPI/General Txn,DEBIT,2621.95,71457.38,General
C6,22-11-2024,UPI/General Txn,DEBIT,2829.52,17610.54,General
C6,22-11-2024,UPI/General Txn,DEBIT,693.52,2475.38,General
C6,22-11-2024,UPI/General Txn,DEBIT,1227.1,2611.47,General
C6,22-11-2024,UPI/General Txn,CREDIT,3489.16,46669.6,General
C6,22-11-2024,UPI/General Txn,DEBIT,1959.07,91094.03,General
C6,22-11-2024,UPI/General Txn,CREDIT,2588.82,71771.73,General
C6,23-11-2024,UPI/General Txn,DEBIT,154.9,81965.16,General
C6,23-11-2024,UPI/General Txn,CREDIT,1027.82,79889.1,General
C6,23-11-2024,UPI/General Txn,DEBIT,1514.94,89876.37,General
C6,23-11-2024,UPI/General Txn,CREDIT,1517.88,65337.69,General
C6,23-11-2024,UPI/General Txn,DEBIT,3241.65,59373.63,General
C6,23-11-2024,UPI/General Txn,CREDIT,3800.07,28359.99,General
C6,23-11-2024,UPI/General Txn,DEBIT,3936.89,20303.75,General
C6,23-11-2024,UPI/General Txn,CREDIT,1615.72,83373.7,General
C6,24-11-2024,UPI/General Txn,DEBIT,270.86,73600.19,General
C6,24-11-2024,UPI/General Txn,CREDIT,4973.47,83694.81,General
C6,24-11-2024,UPI/General Txn,DEBIT,2080.96,1347.32,General
C6,24-11-2024,UPI/General Txn,CREDIT,4105.11,94402.38,General
C6,24-11-2024,UPI/General Txn,CREDIT,4767.23,44315.95,General
C6,24-11-2024,UPI/General Txn,DEBIT,465.21,90391,General
C6,24-11-2024,UPI/General Txn,CREDIT,325.78,97271.97,General
C6,24-11-2024,UPI/General Txn,CREDIT,3375.37,27598.58,General
C6,25-11-2024,NEFT/FACTORY WAGE,CREDIT,8000,91697.85,Salary
C6,25-11-2024,UPI/General Txn,DEBIT,1565.55,71186.92,General
C6,25-11-2024,UPI/General Txn,DEBIT,3549.99,98691.37,General
C6,25-11-2024,NEFT/FACTORY WAGE,CREDIT,8000,54623.73,Salary
C6,25-11-2024,NEFT/FACTORY WAGE,CREDIT,8000,77470.17,Salary
C6,25-11-2024,UPI/General Txn,DEBIT,2400.23,37361.14,General
C6,25-11-2024,UPI/General Txn,DEBIT,2852.32,43559.75,General
C6,25-11-2024,NEFT/FACTORY WAGE,CREDIT,8000,55842.15,Salary
C6,26-11-2024,UPI/General Txn,CREDIT,2718.05,16771.26,General
C6,26-11-2024,UPI/General Txn,DEBIT,3073.97,53267.49,General
C6,26-11-2024,UPI/General Txn,DEBIT,2745.68,47775.36,General
C6,26-11-2024,UPI/General Txn,CREDIT,4975.53,78377.34,General
C6,26-11-2024,UPI/General Txn,DEBIT,455.97,37728.58,General
C6,26-11-2024,UPI/General Txn,DEBIT,2997.67,36939.11,General
C6,26-11-2024,UPI/General Txn,CREDIT,4235.08,89782.43,General
C6,26-11-2024,UPI/General Txn,DEBIT,214.53,13523.92,General
C6,26-11-2024,UPI/General Txn,DEBIT,4722.01,43729.68,General
C6,26-11-2024,UPI/General Txn,CREDIT,3537.56,46000.66,General
C6,26-11-2024,UPI/General Txn,DEBIT,4820.62,38633.9,General
C6,27-11-2024,UPI/General Txn,DEBIT,4891.11,76344.19,General
C6,27-11-2024,UPI/General Txn,CREDIT,4903.95,93517.91,General
C6,27-11-2024,UPI/General Txn,CREDIT,4709.65,36759.48,General
C6,27-11-2024,UPI/General Txn,DEBIT,2601.43,46596.49,General
C6,27-11-2024,UPI/General Txn,DEBIT,2338.9,67425.46,General
C6,27-11-2024,UPI/General Txn,CREDIT,776.05,39124.56,General
C6,27-11-2024,UPI/General Txn,DEBIT,1005.9,10560.63,General
C6,27-11-2024,UPI/General Txn,DEBIT,3397.57,28752.76,General
C6,27-11-2024,UPI/General Txn,CREDIT,3081.9,94056.57,General
C6,27-11-2024,UPI/General Txn,DEBIT,2235.14,17109.16,General
C6,28-11-2024,UPI/General Txn,CREDIT,4720.82,51710.45,General
C6,28-11-2024,UPI/General Txn,DEBIT,464.8,81305.11,General
C6,28-11-2024,UPI/General Txn,CREDIT,4420.04,72379.6,General
C6,28-11-2024,UPI/General Txn,DEBIT,1895.56,11418.34,General
C6,28-11-2024,UPI/General Txn,CREDIT,2812.41,37911.99,General
C6,28-11-2024,UPI/General Txn,DEBIT,4183.85,32577.08,General
C6,28-11-2024,UPI/General Txn,DEBIT,3919.56,1285.73,General
C6,28-11-2024,UPI/General Txn,DEBIT,2932.09,84611.84,General
C6,28-11-2024,UPI/General Txn,DEBIT,1899.13,71320.36,General
C6,28-11-2024,UPI/General Txn,DEBIT,188.5,7273.56,General
C6,28-11-2024,UPI/General Txn,CREDIT,2056.56,41590.87,General
C6,28-11-2024,UPI/General Txn,CREDIT,4758.13,17996.03,General
C6,29-11-2024,UPI/General Txn,CREDIT,1464.39,99196.07,General
C6,29-11-2024,UPI/General Txn,CREDIT,2565.18,88854.99,General
C6,29-11-2024,UPI/General Txn,CREDIT,4438.85,1500.63,General
C6,29-11-2024,UPI/General Txn,DEBIT,535.9,16930.86,General
C6,29-11-2024,UPI/General Txn,CREDIT,1382.91,24796.68,General
C6,29-11-2024,UPI/General Txn,CREDIT,767.62,8176.31,General
C6,29-11-2024,UPI/General Txn,CREDIT,4713.83,1618.45,General
C6,29-11-2024,UPI/General Txn,CREDIT,422.96,94354.14,General
C6,29-11-2024,UPI/General Txn,DEBIT,3243.25,10055.22,General
C6,30-11-2024,UPI/General Txn,DEBIT,1921.83,61431.42,General
C6,30-11-2024,UPI/General Txn,DEBIT,4234.82,98124.43,General
C6,30-11-2024,UPI/General Txn,CREDIT,3318.99,19407.05,General
C6,30-11-2024,UPI/General Txn,DEBIT,496.27,74642.95,General
C6,30-11-2024,UPI/General Txn,CREDIT,1214.32,6270.77,General
C6,30-11-2024,UPI/General Txn,DEBIT,2890.61,5341.16,General
C6,30-11-2024,UPI/General Txn,CREDIT,2365.64,59771.2,General
C6,30-11-2024,UPI/General Txn,DEBIT,3434.38,95741.13,General
C6,30-11-2024,UPI/General Txn,DEBIT,1356.49,87848.4,General
C6,30-11-2024,UPI/General Txn,CREDIT,2912.61,56615.66,General
C6,30-11-2024,UPI/General Txn,CREDIT,1703.42,23473.33,General
C6,30-11-2024,UPI/General Txn,CREDIT,3264.71,41907.23,General
C7,01-09-2024,UPI/General Txn,CREDIT,1145.36,35116.76,General
C7,01-09-2024,UPI/General Txn,CREDIT,3016.37,95698.44,General
C7,01-09-2024,UPI/General Txn,CREDIT,3853.36,83796.9,General
C7,01-09-2024,UPI/General Txn,DEBIT,531.64,97763.02,General
C7,01-09-2024,UPI/General Txn,CREDIT,1090.7,81282.74,General
C7,01-09-2024,UPI/General Txn,DEBIT,504.95,4516.65,General
C7,01-09-2024,UPI/General Txn,DEBIT,1728.22,35827.71,General
C7,01-09-2024,UPI/General Txn,CREDIT,2851.25,22956.12,General
C7,01-09-2024,UPI/General Txn,CREDIT,997.56,89347.78,General
C7,01-09-2024,UPI/General Txn,CREDIT,1145.35,44347.19,General
C7,01-09-2024,UPI/General Txn,DEBIT,2667.69,34402.12,General
C7,01-09-2024,UPI/General Txn,CREDIT,4600.14,53464.03,General
C7,02-09-2024,UPI/General Txn,CREDIT,4324.02,4852.86,General
C7,02-09-2024,UPI/General Txn,DEBIT,2203.41,59240.31,General
C7,02-09-2024,UPI/General Txn,CREDIT,1173.24,89208.58,General
C7,02-09-2024,UPI/General Txn,DEBIT,4661.65,55169.08,General
C7,02-09-2024,UPI/General Txn,CREDIT,4841.6,80219.99,General
C7,02-09-2024,UPI/General Txn,CREDIT,1974.86,41183.33,General
C7,02-09-2024,UPI/General Txn,DEBIT,775.71,33753.98,General
C7,02-09-2024,UPI/General Txn,CREDIT,360.06,92774.19,General
C7,02-09-2024,UPI/General Txn,CREDIT,3552.97,36650.5,General
C7,02-09-2024,UPI/General Txn,CREDIT,3137.39,8926.1,General
C7,02-09-2024,UPI/General Txn,DEBIT,4808.51,21393.01,General
C7,03-09-2024,UPI/General Txn,DEBIT,3673.01,59812.6,General
C7,03-09-2024,UPI/General Txn,CREDIT,2750.13,90329.02,General
C7,03-09-2024,UPI/General Txn,DEBIT,1690.31,49845.07,General
C7,03-09-2024,UPI/General Txn,DEBIT,3529.2,66942.16,General
C7,03-09-2024,UPI/General Txn,DEBIT,3040.43,10873.26,General
C7,03-09-2024,UPI/General Txn,DEBIT,508.34,46807.27,General
C7,03-09-2024,UPI/General Txn,CREDIT,2586.8,10380.72,General
C7,03-09-2024,UPI/General Txn,DEBIT,4932.77,15090.1,General
C7,03-09-2024,UPI/General Txn,CREDIT,4046.66,68515.74,General
C7,04-09-2024,UPI/General Txn,DEBIT,3465.01,17650.82,General
C7,04-09-2024,UPI/General Txn,CREDIT,216.59,92018.35,General
C7,04-09-2024,UPI/General Txn,CREDIT,1644.12,70164.63,General
C7,04-09-2024,UPI/General Txn,DEBIT,507.47,99822.88,General
C7,04-09-2024,UPI/General Txn,DEBIT,4475.55,19041.85,General
C7,04-09-2024,UPI/General Txn,CREDIT,4515.47,87320.37,General
C7,04-09-2024,UPI/General Txn,DEBIT,391.65,86133.23,General
C7,04-09-2024,UPI/General Txn,DEBIT,3821.78,8815.05,General
C7,05-09-2024,UPI/General Txn,DEBIT,1752.58,90744.05,General
C7,05-09-2024,UPI/General Txn,CREDIT,1800.42,44575.3,General
C7,05-09-2024,UPI/General Txn,CREDIT,4463.92,4167.07,General
C7,05-09-2024,UPI/General Txn,CREDIT,1484.35,10889.41,General
C7,05-09-2024,UPI/General Txn,DEBIT,2270.42,84607.96,General
C7,05-09-2024,UPI/General Txn,DEBIT,2372.11,93144.28,General
C7,05-09-2024,UPI/General Txn,CREDIT,3570.66,64747.42,General
C7,05-09-2024,UPI/General Txn,DEBIT,4575.93,5766.31,General
C7,06-09-2024,UPI/General Txn,DEBIT,1510.44,97013.64,General
C7,06-09-2024,UPI/General Txn,DEBIT,3887.02,21123.08,General
C7,06-09-2024,UPI/General Txn,DEBIT,4496.59,1297.42,General
C7,06-09-2024,UPI/General Txn,DEBIT,1806.23,87950.4,General
C7,06-09-2024,UPI/General Txn,CREDIT,2199.2,7376.54,General
C7,06-09-2024,UPI/General Txn,DEBIT,2759.53,95585.76,General
C7,06-09-2024,UPI/General Txn,CREDIT,4953.38,88169.51,General
C7,06-09-2024,UPI/General Txn,DEBIT,3121.34,96024.59,General
C7,06-09-2024,UPI/General Txn,DEBIT,1859.95,91020.95,General
C7,06-09-2024,UPI/General Txn,CREDIT,3461.52,15504.28,General
C7,06-09-2024,UPI/General Txn,DEBIT,1870.6,4292.51,General
C7,07-09-2024,UPI/General Txn,DEBIT,4822.4,64768.41,General
C7,07-09-2024,UPI/General Txn,CREDIT,2049.14,94347.55,General
C7,07-09-2024,UPI/General Txn,DEBIT,4553.28,8295.09,General
C7,07-09-2024,UPI/General Txn,CREDIT,1995.6,48272.56,General
C7,07-09-2024,UPI/General Txn,DEBIT,316.04,99615.48,General
C7,07-09-2024,UPI/General Txn,DEBIT,2554.67,71948.99,General
C7,07-09-2024,UPI/General Txn,DEBIT,4786.44,57457.32,General
C7,07-09-2024,UPI/General Txn,CREDIT,1515.98,86326.91,General
C7,07-09-2024,UPI/General Txn,CREDIT,200.5,49586.87,General
C7,07-09-2024,UPI/General Txn,DEBIT,1947.19,34083.25,General
C7,07-09-2024,UPI/General Txn,DEBIT,139.44,63655.43,General
C7,08-09-2024,UPI/General Txn,DEBIT,457.1,98551.45,General
C7,08-09-2024,UPI/General Txn,DEBIT,1634.21,89985.55,General
C7,08-09-2024,UPI/General Txn,DEBIT,999.86,46478.47,General
C7,08-09-2024,UPI/General Txn,DEBIT,1348.38,63145.9,General
C7,08-09-2024,UPI/General Txn,DEBIT,3341.31,22664.68,General
C7,08-09-2024,UPI/General Txn,CREDIT,1184.48,85745.14,General
C7,08-09-2024,UPI/General Txn,DEBIT,441.75,57560.45,General
C7,08-09-2024,UPI/General Txn,CREDIT,3251.44,84054.1,General
C7,09-09-2024,UPI/General Txn,DEBIT,1845.23,64083.47,General
C7,09-09-2024,UPI/General Txn,CREDIT,4799.47,51533.24,General
C7,09-09-2024,UPI/General Txn,DEBIT,1290.58,88753.45,General
C7,09-09-2024,UPI/General Txn,CREDIT,671.58,39865.63,General
C7,09-09-2024,UPI/General Txn,DEBIT,1177.73,62010.36,General
C7,09-09-2024,UPI/General Txn,CREDIT,131.83,95811.09,General
C7,09-09-2024,UPI/General Txn,CREDIT,4625.3,34074.22,General
C7,09-09-2024,UPI/General Txn,CREDIT,4394.64,33004.48,General
C7,10-09-2024,UPI/General Txn,DEBIT,4317.45,17928.2,General
C7,10-09-2024,UPI/General Txn,CREDIT,3711.04,31856.8,General
C7,10-09-2024,UPI/General Txn,DEBIT,2036.68,95371.87,General
C7,10-09-2024,UPI/General Txn,DEBIT,1277.32,79936.61,General
C7,10-09-2024,UPI/General Txn,DEBIT,4435.25,46299.74,General
C7,10-09-2024,UPI/General Txn,DEBIT,1833.24,8696.03,General
C7,10-09-2024,UPI/General Txn,CREDIT,2363.52,89102.89,General
C7,10-09-2024,UPI/General Txn,DEBIT,3505.02,1108.64,General
C7,10-09-2024,UPI/General Txn,DEBIT,2280.1,80314.16,General
C7,10-09-2024,UPI/General Txn,DEBIT,4225.08,71655.73,General
C7,10-09-2024,UPI/General Txn,DEBIT,2798.58,19715.47,General
C7,10-09-2024,UPI/General Txn,DEBIT,3532.08,10798.49,General
C7,11-09-2024,UPI/General Txn,DEBIT,3655.23,7684.99,General
C7,11-09-2024,UPI/General Txn,DEBIT,4543.83,52703.14,General
C7,11-09-2024,UPI/General Txn,DEBIT,4558.32,68953.15,General
C7,11-09-2024,UPI/General Txn,CREDIT,2871.16,11535.18,General
C7,11-09-2024,UPI/General Txn,CREDIT,649.12,21932.16,General
C7,11-09-2024,UPI/General Txn,DEBIT,1920,73302.67,General
C7,11-09-2024,UPI/General Txn,CREDIT,4415.55,69336.47,General
C7,11-09-2024,UPI/General Txn,DEBIT,2405.18,38790.26,General
C7,11-09-2024,UPI/General Txn,DEBIT,2632.14,75290.83,General
C7,11-09-2024,UPI/General Txn,DEBIT,3888.32,48396.27,General
C7,11-09-2024,UPI/General Txn,DEBIT,3851.38,7649.71,General
C7,11-09-2024,UPI/General Txn,DEBIT,4897.54,51343.51,General
C7,12-09-2024,UPI/General Txn,DEBIT,2450,80566.88,General
C7,12-09-2024,UPI/General Txn,CREDIT,1452.94,86757.03,General
C7,12-09-2024,UPI/General Txn,DEBIT,3321.05,17644.01,General
C7,12-09-2024,UPI/General Txn,DEBIT,3794.56,1120.7,General
C7,12-09-2024,UPI/General Txn,DEBIT,970.4,61889.15,General
C7,12-09-2024,UPI/General Txn,DEBIT,2729.61,14391.76,General
C7,12-09-2024,UPI/General Txn,DEBIT,4733.02,25944.24,General
C7,12-09-2024,UPI/General Txn,CREDIT,1459.38,98752.9,General
C7,12-09-2024,UPI/General Txn,DEBIT,3308.69,92530.92,General
C7,12-09-2024,UPI/General Txn,DEBIT,4315.25,7537.86,General
C7,12-09-2024,UPI/General Txn,CREDIT,4872.3,58150.16,General
C7,12-09-2024,UPI/General Txn,DEBIT,3581.65,67639.5,General
C7,13-09-2024,UPI/General Txn,DEBIT,725.15,97888.88,General
C7,13-09-2024,UPI/General Txn,DEBIT,1457.29,22682.73,General
C7,13-09-2024,UPI/General Txn,CREDIT,742.88,50304.68,General
C7,13-09-2024,UPI/General Txn,DEBIT,4267.38,69849.81,General
C7,13-09-2024,UPI/General Txn,CREDIT,605.85,72067.38,General
C7,13-09-2024,UPI/General Txn,DEBIT,303,50830.47,General
C7,13-09-2024,UPI/General Txn,DEBIT,2147.85,41308.64,General
C7,13-09-2024,UPI/General Txn,DEBIT,2039.78,68536.01,General
C7,14-09-2024,UPI/General Txn,DEBIT,1787.73,93555.37,General
C7,14-09-2024,UPI/General Txn,CREDIT,2255.85,36230.03,General
C7,14-09-2024,UPI/General Txn,DEBIT,4525.16,61499.42,General
C7,14-09-2024,UPI/General Txn,DEBIT,1198.8,68694.91,General
C7,14-09-2024,UPI/General Txn,DEBIT,3293.63,42155.35,General
C7,14-09-2024,UPI/General Txn,DEBIT,4428.96,47497.97,General
C7,14-09-2024,UPI/General Txn,DEBIT,1952.79,86199.46,General
C7,14-09-2024,UPI/General Txn,DEBIT,879.69,12813.83,General
C7,15-09-2024,UPI/General Txn,CREDIT,1391.99,7621.2,General
C7,15-09-2024,UPI/General Txn,DEBIT,1996.79,15932.74,General
C7,15-09-2024,UPI/General Txn,DEBIT,497.68,93949.71,General
C7,15-09-2024,UPI/General Txn,DEBIT,2157.02,50607.63,General
C7,15-09-2024,UPI/General Txn,CREDIT,1897.77,96915.06,General
C7,15-09-2024,UPI/General Txn,CREDIT,2146.65,46589.95,General
C7,15-09-2024,UPI/General Txn,DEBIT,3790.4,38933.31,General
C7,15-09-2024,UPI/General Txn,DEBIT,3532.09,9327.15,General
C7,16-09-2024,UPI/General Txn,CREDIT,4040.49,36805.38,General
C7,16-09-2024,UPI/General Txn,CREDIT,1585.66,78101.49,General
C7,16-09-2024,UPI/General Txn,CREDIT,3937.79,65946.68,General
C7,16-09-2024,UPI/General Txn,CREDIT,2260.78,39760.11,General
C7,16-09-2024,UPI/General Txn,CREDIT,1062.1,60861.26,General
C7,16-09-2024,UPI/General Txn,DEBIT,1023.97,57187.74,General
C7,16-09-2024,UPI/General Txn,CREDIT,1784.57,65075.1,General
C7,16-09-2024,UPI/General Txn,CREDIT,1946.95,19787.5,General
C7,16-09-2024,UPI/General Txn,CREDIT,4247.9,14334.27,General
C7,16-09-2024,UPI/General Txn,DEBIT,4422.11,9757.51,General
C7,16-09-2024,UPI/General Txn,CREDIT,4846.42,22427.77,General
C7,16-09-2024,UPI/General Txn,DEBIT,2113.58,92043.88,General
C7,17-09-2024,UPI/General Txn,CREDIT,4710.11,27388.95,General
C7,17-09-2024,UPI/General Txn,DEBIT,841.4,53846.29,General
C7,17-09-2024,UPI/General Txn,DEBIT,2515.66,74250.62,General
C7,17-09-2024,UPI/General Txn,DEBIT,4658.5,64307.53,General
C7,17-09-2024,UPI/General Txn,DEBIT,3649.34,66143.49,General
C7,17-09-2024,UPI/General Txn,CREDIT,2897.38,27103.3,General
C7,17-09-2024,UPI/General Txn,CREDIT,1084.96,80694.8,General
C7,17-09-2024,UPI/General Txn,CREDIT,4448.07,94776.24,General
C7,17-09-2024,UPI/General Txn,DEBIT,4873.13,89007.38,General
C7,17-09-2024,UPI/General Txn,CREDIT,3366.88,53631.25,General
C7,18-09-2024,UPI/General Txn,DEBIT,1303.06,94987.02,General
C7,18-09-2024,UPI/General Txn,DEBIT,270.2,8677.28,General
C7,18-09-2024,UPI/General Txn,CREDIT,3561.39,84985.61,General
C7,18-09-2024,UPI/General Txn,CREDIT,2692.11,3770.95,General
C7,18-09-2024,UPI/General Txn,CREDIT,4902.68,37609.7,General
C7,18-09-2024,UPI/General Txn,CREDIT,2387.83,91697.62,General
C7,18-09-2024,UPI/General Txn,CREDIT,2862.21,50438.57,General
C7,18-09-2024,UPI/General Txn,CREDIT,4000.72,59095.83,General
C7,18-09-2024,UPI/General Txn,CREDIT,4485.08,72452.82,General
C7,19-09-2024,UPI/General Txn,CREDIT,4740.25,96738.38,General
C7,19-09-2024,UPI/General Txn,CREDIT,2239.27,99121.69,General
C7,19-09-2024,UPI/General Txn,CREDIT,1427.19,93188.14,General
C7,19-09-2024,UPI/General Txn,CREDIT,3013.77,96265.24,General
C7,19-09-2024,UPI/General Txn,DEBIT,411.55,90688.53,General
C7,19-09-2024,UPI/General Txn,DEBIT,719.72,34982.5,General
C7,19-09-2024,UPI/General Txn,DEBIT,1912.7,57695.97,General
C7,19-09-2024,UPI/General Txn,CREDIT,4633.94,51296.51,General
C7,19-09-2024,UPI/General Txn,DEBIT,4092.35,76281.36,General
C7,19-09-2024,UPI/General Txn,CREDIT,3020.13,78866.21,General
C7,20-09-2024,UPI/General Txn,CREDIT,2921.01,30906.62,General
C7,20-09-2024,UPI/General Txn,DEBIT,2288.75,85491.41,General
C7,20-09-2024,UPI/General Txn,CREDIT,1273.69,87141.46,General
C7,20-09-2024,UPI/General Txn,DEBIT,1453.3,37426.33,General
C7,20-09-2024,UPI/General Txn,DEBIT,3615.28,27303.81,General
C7,20-09-2024,UPI/General Txn,CREDIT,1985.55,6211.27,General
C7,20-09-2024,UPI/General Txn,CREDIT,3371.72,65415.85,General
C7,20-09-2024,UPI/General Txn,DEBIT,2959.25,79471.22,General
C7,20-09-2024,UPI/General Txn,CREDIT,871.32,81841.22,General
C7,20-09-2024,UPI/General Txn,CREDIT,1574.89,88726.96,General
C7,21-09-2024,UPI/General Txn,DEBIT,3620.13,45827.71,General
C7,21-09-2024,UPI/General Txn,CREDIT,2121.98,23374.54,General
C7,21-09-2024,UPI/General Txn,DEBIT,4809.15,3968.78,General
C7,21-09-2024,UPI/General Txn,DEBIT,3263.52,50072.56,General
C7,21-09-2024,UPI/General Txn,CREDIT,2701.07,92055.5,General
C7,21-09-2024,UPI/General Txn,DEBIT,796.23,8860.68,General
C7,21-09-2024,UPI/General Txn,CREDIT,3676.46,10145.43,General
C7,21-09-2024,UPI/General Txn,CREDIT,4669.41,32515.23,General
C7,21-09-2024,UPI/General Txn,CREDIT,1124.66,74173.31,General
C7,22-09-2024,UPI/General Txn,CREDIT,2221.43,26716.4,General
C7,22-09-2024,UPI/General Txn,CREDIT,4236.29,5812.33,General
C7,22-09-2024,UPI/General Txn,DEBIT,2536.38,87099.67,General
C7,22-09-2024,UPI/General Txn,DEBIT,4675.42,69458.6,General
C7,22-09-2024,UPI/General Txn,CREDIT,2113.52,87655.9,General
C7,22-09-2024,UPI/General Txn,DEBIT,4119.74,90588.79,General
C7,22-09-2024,UPI/General Txn,DEBIT,2367.72,58153.17,General
C7,22-09-2024,UPI/General Txn,CREDIT,2061.49,41267.03,General
C7,22-09-2024,UPI/General Txn,DEBIT,1055.4,12036.04,General
C7,23-09-2024,UPI/General Txn,DEBIT,3263.96,92575.04,General
C7,23-09-2024,UPI/General Txn,CREDIT,3183.57,81713.82,General
C7,23-09-2024,UPI/General Txn,DEBIT,4086.99,3434.07,General
C7,23-09-2024,UPI/General Txn,CREDIT,4686.65,65258.64,General
C7,23-09-2024,UPI/General Txn,DEBIT,3325.6,4600.29,General
C7,23-09-2024,UPI/General Txn,CREDIT,4611.8,85777.15,General
C7,23-09-2024,UPI/General Txn,DEBIT,973.09,7505.55,General
C7,23-09-2024,UPI/General Txn,CREDIT,1012.91,66594.24,General
C7,24-09-2024,UPI/General Txn,DEBIT,687.58,60817.32,General
C7,24-09-2024,UPI/General Txn,DEBIT,1210.87,77154.7,General
C7,24-09-2024,UPI/General Txn,CREDIT,1166.32,53379.57,General
C7,24-09-2024,UPI/General Txn,DEBIT,3174.98,49943.34,General
C7,24-09-2024,UPI/General Txn,DEBIT,905.94,20647.49,General
C7,24-09-2024,UPI/General Txn,CREDIT,1070.77,35755.38,General
C7,24-09-2024,UPI/General Txn,CREDIT,855.46,18425.02,General
C7,24-09-2024,UPI/General Txn,DEBIT,3632.14,57985.73,General
C7,24-09-2024,UPI/General Txn,CREDIT,3192.72,78625.21,General
C7,25-09-2024,NEFT/INFOSYS SALARY,CREDIT,80000,82897.45,Salary
C7,25-09-2024,UPI/General Txn,DEBIT,4313.05,91044.92,General
C7,25-09-2024,UPI/General Txn,DEBIT,826.96,64353.73,General
C7,25-09-2024,NEFT/WIPRO SALARY,CREDIT,50000,61978.91,Salary
C7,25-09-2024,UPI/General Txn,DEBIT,4478.75,1140.99,General
C7,25-09-2024,NEFT/WIPRO SALARY,CREDIT,80000,83002.25,Salary
C7,25-09-2024,UPI/General Txn,DEBIT,3930.39,78404.01,General
C7,25-09-2024,UPI/General Txn,DEBIT,1204.96,42899.46,General
C7,25-09-2024,NEFT/INFOSYS SALARY,CREDIT,50000,40312.51,Salary
C7,25-09-2024,NEFT/WIPRO SALARY,CREDIT,50000,19556.32,Salary
C7,26-09-2024,UPI/General Txn,DEBIT,2539.39,76684.63,General
C7,26-09-2024,UPI/General Txn,DEBIT,4053.94,38732.17,General
C7,26-09-2024,UPI/General Txn,CREDIT,583.48,13343.45,General
C7,26-09-2024,UPI/General Txn,CREDIT,2042.49,64835.81,General
C7,26-09-2024,UPI/General Txn,DEBIT,4765.54,89401.89,General
C7,26-09-2024,UPI/General Txn,DEBIT,2835.55,70902.61,General
C7,26-09-2024,UPI/General Txn,CREDIT,4821.92,66955.84,General
C7,26-09-2024,UPI/General Txn,CREDIT,4224.89,92381.25,General
C7,26-09-2024,UPI/General Txn,CREDIT,3834.02,78155.72,General
C7,26-09-2024,UPI/General Txn,CREDIT,2444.53,44819.01,General
C7,26-09-2024,UPI/General Txn,DEBIT,1387.01,21772.2,General
C7,26-09-2024,UPI/General Txn,DEBIT,4852.34,98233.08,General
C7,27-09-2024,UPI/General Txn,DEBIT,794.01,92044.62,General
C7,27-09-2024,UPI/General Txn,DEBIT,2590.96,75683.75,General
C7,27-09-2024,UPI/General Txn,DEBIT,1530.98,35264.51,General
C7,27-09-2024,UPI/General Txn,DEBIT,4952.91,72018.14,General
C7,27-09-2024,UPI/General Txn,DEBIT,3358.52,18685.18,General
C7,27-09-2024,UPI/General Txn,CREDIT,4795.94,6658.83,General
C7,27-09-2024,UPI/General Txn,CREDIT,996.9,21895.29,General
C7,27-09-2024,UPI/General Txn,CREDIT,3314.84,24982.07,General
C7,27-09-2024,UPI/General Txn,CREDIT,4495.74,86584.83,General
C7,28-09-2024,UPI/General Txn,DEBIT,426.68,53625.69,General
C7,28-09-2024,UPI/General Txn,CREDIT,1430.62,28302.19,General
C7,28-09-2024,UPI/General Txn,DEBIT,4155.6,49071.12,General
C7,28-09-2024,UPI/General Txn,CREDIT,1644.75,77444.85,General
C7,28-09-2024,UPI/General Txn,CREDIT,3300.69,15701.22,General
C7,28-09-2024,UPI/General Txn,DEBIT,4453.55,22755.4,General
C7,28-09-2024,UPI/General Txn,CREDIT,1988.3,66448.75,General
C7,28-09-2024,UPI/General Txn,CREDIT,2592.72,66733.05,General
C7,28-09-2024,UPI/General Txn,CREDIT,1223.27,66028.25,General
C7,29-09-2024,UPI/General Txn,CREDIT,409.96,79284.66,General
C7,29-09-2024,UPI/General Txn,CREDIT,320.66,25891.28,General
C7,29-09-2024,UPI/General Txn,DEBIT,456.34,93741.57,General
C7,29-09-2024,UPI/General Txn,CREDIT,3332.47,9561.32,General
C7,29-09-2024,UPI/General Txn,CREDIT,4889.03,8130.07,General
C7,29-09-2024,UPI/General Txn,CREDIT,2874.51,33664.88,General
C7,29-09-2024,UPI/General Txn,DEBIT,1430.93,58046.97,General
C7,29-09-2024,UPI/General Txn,DEBIT,1942.28,59502.53,General
C7,29-09-2024,UPI/General Txn,CREDIT,2309.21,36417.52,General
C7,29-09-2024,UPI/General Txn,CREDIT,1005.83,80539.38,General
C7,29-09-2024,UPI/General Txn,DEBIT,4074.9,26108.47,General
C7,30-09-2024,UPI/General Txn,DEBIT,4884.33,8040.94,General
C7,30-09-2024,UPI/General Txn,CREDIT,4347.7,10513.3,General
C7,30-09-2024,UPI/General Txn,DEBIT,3671.92,15817.44,General
C7,30-09-2024,UPI/General Txn,DEBIT,459.13,57585.79,General
C7,30-09-2024,UPI/General Txn,CREDIT,3784.3,90687.76,General
C7,30-09-2024,UPI/General Txn,CREDIT,3139.49,53666.05,General
C7,30-09-2024,UPI/General Txn,CREDIT,3271.6,4597.23,General
C7,30-09-2024,UPI/General Txn,CREDIT,4778.97,22346.32,General
C7,30-09-2024,UPI/General Txn,CREDIT,908.37,89426.44,General
C7,30-09-2024,UPI/General Txn,DEBIT,1233.49,14053.31,General
C7,30-09-2024,UPI/General Txn,DEBIT,3294.97,46577.84,General
C7,01-10-2024,UPI/General Txn,CREDIT,3507.72,65226.09,General
C7,01-10-2024,UPI/General Txn,DEBIT,2159.75,84225.35,General
C7,01-10-2024,UPI/General Txn,CREDIT,4686.25,21098.51,General
C7,01-10-2024,UPI/General Txn,CREDIT,3052.83,33552.75,General
C7,01-10-2024,UPI/General Txn,CREDIT,1023.04,18987.21,General
C7,01-10-2024,UPI/General Txn,DEBIT,710.98,16695.41,General
C7,01-10-2024,UPI/General Txn,CREDIT,2971.86,84374.33,General
C7,01-10-2024,UPI/General Txn,CREDIT,3895.52,80947.87,General
C7,01-10-2024,UPI/General Txn,CREDIT,1434.21,56741,General
C7,01-10-2024,UPI/General Txn,CREDIT,2334.86,48513.86,General
C7,02-10-2024,UPI/General Txn,CREDIT,105.83,96848.79,General
C7,02-10-2024,UPI/General Txn,CREDIT,2374.91,31609.5,General
C7,02-10-2024,UPI/General Txn,CREDIT,3360.37,50144.77,General
C7,02-10-2024,UPI/General Txn,CREDIT,1558.94,59715.5,General
C7,02-10-2024,UPI/General Txn,DEBIT,4624.45,42559.17,General
C7,02-10-2024,UPI/General Txn,CREDIT,1086.4,43236.41,General
C7,02-10-2024,UPI/General Txn,CREDIT,4953.98,85932.19,General
C7,02-10-2024,UPI/General Txn,CREDIT,261.83,25182.13,General
C7,03-10-2024,UPI/General Txn,CREDIT,3525.25,20718.8,General
C7,03-10-2024,UPI/General Txn,CREDIT,2985.43,97530.1,General
C7,03-10-2024,UPI/General Txn,DEBIT,2868.73,96325.72,General
C7,03-10-2024,UPI/General Txn,DEBIT,2262.76,88390.46,General
C7,03-10-2024,UPI/General Txn,CREDIT,2870.62,14597.97,General
C7,03-10-2024,UPI/General Txn,DEBIT,3510.13,32788.53,General
C7,03-10-2024,UPI/General Txn,CREDIT,342.77,59762.88,General
C7,03-10-2024,UPI/General Txn,DEBIT,3623.18,37432.68,General
C7,03-10-2024,UPI/General Txn,DEBIT,639.6,46804.58,General
C7,03-10-2024,UPI/General Txn,CREDIT,3404.66,30671.26,General
C7,04-10-2024,UPI/General Txn,CREDIT,4281.29,91700.35,General
C7,04-10-2024,UPI/General Txn,CREDIT,3141.75,61560.68,General
C7,04-10-2024,UPI/General Txn,CREDIT,1808.54,41980.8,General
C7,04-10-2024,UPI/General Txn,CREDIT,2229.66,97265.09,General
C7,04-10-2024,UPI/General Txn,CREDIT,3793.22,74787.57,General
C7,04-10-2024,UPI/General Txn,CREDIT,1606.22,78770.89,General
C7,04-10-2024,UPI/General Txn,CREDIT,3979.36,61586.68,General
C7,04-10-2024,UPI/General Txn,DEBIT,2038.06,75545.17,General
C7,05-10-2024,UPI/General Txn,CREDIT,4185.54,28303.01,General
C7,05-10-2024,UPI/General Txn,DEBIT,2309.36,57917.07,General
C7,05-10-2024,UPI/General Txn,CREDIT,1421.23,27115.64,General
C7,05-10-2024,UPI/General Txn,DEBIT,2676.54,15464.31,General
C7,05-10-2024,UPI/General Txn,CREDIT,333.95,50549.92,General
C7,05-10-2024,UPI/General Txn,CREDIT,728.69,72631.06,General
C7,05-10-2024,UPI/General Txn,CREDIT,1170.78,10876.14,General
C7,05-10-2024,UPI/General Txn,DEBIT,872.7,99772.93,General
C7,05-10-2024,UPI/General Txn,CREDIT,3825.22,13779.79,General
C7,06-10-2024,UPI/General Txn,CREDIT,664.2,76406.69,General
C7,06-10-2024,UPI/General Txn,CREDIT,2446.76,90024.54,General
C7,06-10-2024,UPI/General Txn,DEBIT,2641,29419.48,General
C7,06-10-2024,UPI/General Txn,CREDIT,3577.8,37683.86,General
C7,06-10-2024,UPI/General Txn,DEBIT,2415.83,86055.21,General
C7,06-10-2024,UPI/General Txn,DEBIT,715.74,2005.9,General
C7,06-10-2024,UPI/General Txn,CREDIT,1578.68,84977.4,General
C7,06-10-2024,UPI/General Txn,DEBIT,1969.36,15689.79,General
C7,06-10-2024,UPI/General Txn,DEBIT,3093.6,82473.09,General
C7,07-10-2024,UPI/General Txn,CREDIT,4496.47,11556.97,General
C7,07-10-2024,UPI/General Txn,DEBIT,3916.05,73650.05,General
C7,07-10-2024,UPI/General Txn,CREDIT,2361.21,86567.6,General
C7,07-10-2024,UPI/General Txn,CREDIT,2690.95,19841.14,General
C7,07-10-2024,UPI/General Txn,CREDIT,2953.52,96420.39,General
C7,07-10-2024,UPI/General Txn,CREDIT,2821.35,97114.38,General
C7,07-10-2024,UPI/General Txn,DEBIT,486.52,94493.8,General
C7,07-10-2024,UPI/General Txn,CREDIT,1379.35,55702.5,General
C7,07-10-2024,UPI/General Txn,CREDIT,1026.85,40258.33,General
C7,08-10-2024,UPI/General Txn,DEBIT,514.75,93520.33,General
C7,08-10-2024,UPI/General Txn,DEBIT,2798.58,88616.78,General
C7,08-10-2024,UPI/General Txn,DEBIT,1553.45,19858.88,General
C7,08-10-2024,UPI/General Txn,DEBIT,2096.24,4315.06,General
C7,08-10-2024,UPI/General Txn,CREDIT,1318.44,46294.41,General
C7,08-10-2024,UPI/General Txn,CREDIT,997.25,21583.32,General
C7,08-10-2024,UPI/General Txn,CREDIT,628.13,23967.08,General
C7,08-10-2024,UPI/General Txn,CREDIT,2308.74,50939.03,General
C7,08-10-2024,UPI/General Txn,CREDIT,3496.42,78361.66,General
C7,09-10-2024,UPI/General Txn,DEBIT,4172.86,55664.72,General
C7,09-10-2024,UPI/General Txn,CREDIT,4517.87,71364.81,General
C7,09-10-2024,UPI/General Txn,CREDIT,4496.21,38761.48,General
C7,09-10-2024,UPI/General Txn,DEBIT,2954.58,16146.07,General
C7,09-10-2024,UPI/General Txn,DEBIT,4043.12,65016.68,General
C7,09-10-2024,UPI/General Txn,CREDIT,4864.17,89037.59,General
C7,09-10-2024,UPI/General Txn,CREDIT,415.62,19644.04,General
C7,09-10-2024,UPI/General Txn,DEBIT,283.95,84305.77,General
C7,09-10-2024,UPI/General Txn,DEBIT,386.38,54119.59,General
C7,09-10-2024,UPI/General Txn,CREDIT,3977.74,94777.67,General
C7,09-10-2024,UPI/General Txn,CREDIT,900.51,42790.31,General
C7,09-10-2024,UPI/General Txn,CREDIT,1757.87,75409.04,General
C7,10-10-2024,UPI/General Txn,DEBIT,1074.95,52511.08,General
C7,10-10-2024,UPI/General Txn,DEBIT,851.26,1922.61,General
C7,10-10-2024,UPI/General Txn,CREDIT,179.58,40725.99,General
C7,10-10-2024,UPI/General Txn,DEBIT,4958.38,21236.71,General
C7,10-10-2024,UPI/General Txn,DEBIT,148.81,22726.5,General
C7,10-10-2024,UPI/General Txn,CREDIT,1342.83,44656.35,General
C7,10-10-2024,UPI/General Txn,DEBIT,3696.91,67362.42,General
C7,10-10-2024,UPI/General Txn,CREDIT,2196.1,37154.81,General
C7,10-10-2024,UPI/General Txn,CREDIT,4097.35,85734.38,General
C7,11-10-2024,UPI/General Txn,CREDIT,3901.94,75339.47,General
C7,11-10-2024,UPI/General Txn,DEBIT,1644.42,18182.52,General
C7,11-10-2024,UPI/General Txn,DEBIT,3244.6,6548.95,General
C7,11-10-2024,UPI/General Txn,DEBIT,4713.65,91113.28,General
C7,11-10-2024,UPI/General Txn,CREDIT,3700.11,81790.41,General
C7,11-10-2024,UPI/General Txn,DEBIT,936.07,22461.7,General
C7,11-10-2024,UPI/General Txn,DEBIT,3612.02,5620,General
C7,11-10-2024,UPI/General Txn,CREDIT,2746.9,7742.04,General
C7,11-10-2024,UPI/General Txn,DEBIT,4863.81,9995.83,General
C7,12-10-2024,UPI/General Txn,DEBIT,4792.3,29974.73,General
C7,12-10-2024,UPI/General Txn,DEBIT,4417.29,44495.31,General
C7,12-10-2024,UPI/General Txn,CREDIT,4405.5,91712.89,General
C7,12-10-2024,UPI/General Txn,CREDIT,1368.82,73235.08,General
C7,12-10-2024,UPI/General Txn,CREDIT,4796.36,64577.12,General
C7,12-10-2024,UPI/General Txn,CREDIT,3485.82,82659.19,General
C7,12-10-2024,UPI/General Txn,DEBIT,2128.21,92640.27,General
C7,12-10-2024,UPI/General Txn,CREDIT,345.23,64342.06,General
C7,12-10-2024,UPI/General Txn,CREDIT,1214.21,16254.53,General
C7,13-10-2024,UPI/General Txn,CREDIT,3181.72,51073.14,General
C7,13-10-2024,UPI/General Txn,DEBIT,4662.56,16399.63,General
C7,13-10-2024,UPI/General Txn,CREDIT,3034.11,39142.46,General
C7,13-10-2024,UPI/General Txn,CREDIT,3815.42,71548.54,General
C7,13-10-2024,UPI/General Txn,DEBIT,4582.8,94768.28,General
C7,13-10-2024,UPI/General Txn,DEBIT,2478.79,45685.58,General
C7,13-10-2024,UPI/General Txn,DEBIT,3870.16,79648.49,General
C7,13-10-2024,UPI/General Txn,DEBIT,588.68,9509.31,General
C7,13-10-2024,UPI/General Txn,CREDIT,331.02,96635.02,General
C7,13-10-2024,UPI/General Txn,CREDIT,305.62,98269.5,General
C7,13-10-2024,UPI/General Txn,DEBIT,2808.71,67291.35,General
C7,14-10-2024,UPI/General Txn,DEBIT,2326.63,86432.43,General
C7,14-10-2024,UPI/General Txn,DEBIT,2475.18,79995.84,General
C7,14-10-2024,UPI/General Txn,DEBIT,4669.41,35899.66,General
C7,14-10-2024,UPI/General Txn,CREDIT,2980.01,69750.05,General
C7,14-10-2024,UPI/General Txn,CREDIT,973.19,73786.65,General
C7,14-10-2024,UPI/General Txn,DEBIT,4497.26,49905.18,General
C7,14-10-2024,UPI/General Txn,DEBIT,946.05,90626.29,General
C7,14-10-2024,UPI/General Txn,CREDIT,4732.2,25727.56,General
C7,15-10-2024,UPI/General Txn,DEBIT,2326.58,3124.94,General
C7,15-10-2024,UPI/General Txn,DEBIT,4300.06,15289.85,General
C7,15-10-2024,UPI/General Txn,CREDIT,1940.83,68233.59,General
C7,15-10-2024,UPI/General Txn,CREDIT,3456.99,59519.16,General
C7,15-10-2024,UPI/General Txn,DEBIT,3265.64,90968.39,General
C7,15-10-2024,UPI/General Txn,DEBIT,3726.19,69543.25,General
C7,15-10-2024,UPI/General Txn,DEBIT,4100.62,97640.04,General
C7,15-10-2024,UPI/General Txn,CREDIT,1542.7,87843.7,General
C7,15-10-2024,UPI/General Txn,CREDIT,4184.22,50718.13,General
C7,15-10-2024,UPI/General Txn,CREDIT,2640.97,2162.61,General
C7,15-10-2024,UPI/General Txn,DEBIT,2376.66,2022.12,General
C7,15-10-2024,UPI/General Txn,CREDIT,1933.54,76829.57,General
C7,16-10-2024,UPI/General Txn,CREDIT,449.72,19757.18,General
C7,16-10-2024,UPI/General Txn,CREDIT,3441.17,26480.49,General
C7,16-10-2024,UPI/General Txn,DEBIT,3539.75,40328.83,General
C7,16-10-2024,UPI/General Txn,DEBIT,3209.84,16835.87,General
C7,16-10-2024,UPI/General Txn,CREDIT,4400.48,41997.37,General
C7,16-10-2024,UPI/General Txn,CREDIT,1413.24,92206.91,General
C7,16-10-2024,UPI/General Txn,DEBIT,2423.41,16841.78,General
C7,16-10-2024,UPI/General Txn,DEBIT,1857.59,2736.15,General
C7,16-10-2024,UPI/General Txn,CREDIT,494.71,35579.68,General
C7,16-10-2024,UPI/General Txn,DEBIT,510.2,3749.92,General
C7,17-10-2024,UPI/General Txn,DEBIT,2906.25,15940.03,General
C7,17-10-2024,UPI/General Txn,DEBIT,1500.6,32935.45,General
C7,17-10-2024,UPI/General Txn,CREDIT,4336.96,22618.26,General
C7,17-10-2024,UPI/General Txn,CREDIT,843.01,32264.66,General
C7,17-10-2024,UPI/General Txn,CREDIT,3357.72,24026.55,General
C7,17-10-2024,UPI/General Txn,DEBIT,1297.38,64929.51,General
C7,17-10-2024,UPI/General Txn,CREDIT,944.57,66743.95,General
C7,17-10-2024,UPI/General Txn,DEBIT,4774.38,43714.98,General
C7,17-10-2024,UPI/General Txn,CREDIT,472.39,62726.74,General
C7,17-10-2024,UPI/General Txn,CREDIT,232.63,10612.51,General
C7,18-10-2024,UPI/General Txn,DEBIT,3646.87,65815.43,General
C7,18-10-2024,UPI/General Txn,DEBIT,3825.39,5317.33,General
C7,18-10-2024,UPI/General Txn,DEBIT,2912.09,70732.88,General
C7,18-10-2024,UPI/General Txn,DEBIT,869.47,18501.24,General
C7,18-10-2024,UPI/General Txn,DEBIT,844.02,78428.99,General
C7,18-10-2024,UPI/General Txn,CREDIT,1923.35,51624.82,General
C7,18-10-2024,UPI/General Txn,DEBIT,4567.31,71411.65,General
C7,18-10-2024,UPI/General Txn,CREDIT,2737.8,54800.55,General
C7,18-10-2024,UPI/General Txn,CREDIT,2725.35,30497.47,General
C7,19-10-2024,UPI/General Txn,DEBIT,609.51,53552.99,General
C7,19-10-2024,UPI/General Txn,DEBIT,1384.5,39556.88,General
C7,19-10-2024,UPI/General Txn,DEBIT,4945.23,83880,General
C7,19-10-2024,UPI/General Txn,DEBIT,3401.22,79666.63,General
C7,19-10-2024,UPI/General Txn,CREDIT,970.54,44782.17,General
C7,19-10-2024,UPI/General Txn,DEBIT,2669.65,83358.92,General
C7,19-10-2024,UPI/General Txn,CREDIT,2651.83,64142.78,General
C7,19-10-2024,UPI/General Txn,CREDIT,1480.67,75144.5,General
C7,20-10-2024,UPI/General Txn,DEBIT,3019.39,22553.44,General
C7,20-10-2024,UPI/General Txn,DEBIT,3326.67,61440.99,General
C7,20-10-2024,UPI/General Txn,CREDIT,3602.81,81057.67,General
C7,20-10-2024,UPI/General Txn,DEBIT,977.32,19119.15,General
C7,20-10-2024,UPI/General Txn,DEBIT,1597.63,5501.74,General
C7,20-10-2024,UPI/General Txn,CREDIT,899.17,53657.86,General
C7,20-10-2024,UPI/General Txn,DEBIT,3999.6,28859.05,General
C7,20-10-2024,UPI/General Txn,DEBIT,2479.43,9914.71,General
C7,21-10-2024,UPI/General Txn,CREDIT,2287.92,59224.62,General
C7,21-10-2024,UPI/General Txn,CREDIT,3010.9,57961.36,General
C7,21-10-2024,UPI/General Txn,DEBIT,2681.55,51855.04,General
C7,21-10-2024,UPI/General Txn,DEBIT,1075.9,6644.29,General
C7,21-10-2024,UPI/General Txn,CREDIT,4388.4,41572.31,General
C7,21-10-2024,UPI/General Txn,DEBIT,3713.75,70916.81,General
C7,21-10-2024,UPI/General Txn,CREDIT,405.7,93688.37,General
C7,21-10-2024,UPI/General Txn,CREDIT,3765.18,20145.79,General
C7,21-10-2024,UPI/General Txn,DEBIT,2040.55,1381.04,General
C7,21-10-2024,UPI/General Txn,CREDIT,3195.86,81151.7,General
C7,21-10-2024,UPI/General Txn,DEBIT,1423.75,55433.5,General
C7,21-10-2024,UPI/General Txn,CREDIT,109.36,55761.92,General
C7,22-10-2024,UPI/General Txn,DEBIT,4632.03,66338.49,General
C7,22-10-2024,UPI/General Txn,DEBIT,2866.32,6904.49,General
C7,22-10-2024,UPI/General Txn,CREDIT,2050.73,17237.4,General
C7,22-10-2024,UPI/General Txn,CREDIT,2341.2,93422.68,General
C7,22-10-2024,UPI/General Txn,DEBIT,4303.19,84539.81,General
C7,22-10-2024,UPI/General Txn,DEBIT,4965.42,88319.4,General
C7,22-10-2024,UPI/General Txn,CREDIT,2557.85,67644.32,General
C7,22-10-2024,UPI/General Txn,DEBIT,4425.54,22234.53,General
C7,22-10-2024,UPI/General Txn,DEBIT,2469.9,51060.16,General
C7,23-10-2024,UPI/General Txn,CREDIT,4428.04,18526.28,General
C7,23-10-2024,UPI/General Txn,DEBIT,2328.89,43971.29,General
C7,23-10-2024,UPI/General Txn,DEBIT,1593.04,1081.23,General
C7,23-10-2024,UPI/General Txn,DEBIT,464.49,66718.58,General
C7,23-10-2024,UPI/General Txn,DEBIT,3976.4,90106.82,General
C7,23-10-2024,UPI/General Txn,DEBIT,3612.79,10815.79,General
C7,23-10-2024,UPI/General Txn,DEBIT,2748.76,35583.43,General
C7,23-10-2024,UPI/General Txn,DEBIT,1015.49,53307.14,General
C7,24-10-2024,UPI/General Txn,DEBIT,3570.41,41200,General
C7,24-10-2024,UPI/General Txn,CREDIT,4488.7,39178.63,General
C7,24-10-2024,UPI/General Txn,CREDIT,3288.15,75796.25,General
C7,24-10-2024,UPI/General Txn,DEBIT,3644.42,1621.12,General
C7,24-10-2024,UPI/General Txn,DEBIT,4504.38,85773.76,General
C7,24-10-2024,UPI/General Txn,DEBIT,4084.77,77262.13,General
C7,24-10-2024,UPI/General Txn,CREDIT,3143.73,61063.18,General
C7,24-10-2024,UPI/General Txn,DEBIT,4786.96,46603.79,General
C7,24-10-2024,UPI/General Txn,DEBIT,2565.52,35881.99,General
C7,24-10-2024,UPI/General Txn,DEBIT,3007.76,54560.76,General
C7,25-10-2024,NEFT/WIPRO SALARY,CREDIT,50000,67880.14,Salary
C7,25-10-2024,UPI/General Txn,DEBIT,4954.31,70448.03,General
C7,25-10-2024,NEFT/INFOSYS SALARY,CREDIT,80000,76608.22,Salary
C7,25-10-2024,NEFT/TCS SALARY,CREDIT,80000,14698.22,Salary
C7,25-10-2024,NEFT/WIPRO SALARY,CREDIT,80000,59724.48,Salary
C7,25-10-2024,UPI/General Txn,DEBIT,4466.43,34999.43,General
C7,25-10-2024,NEFT/INFOSYS SALARY,CREDIT,80000,63199.18,Salary
C7,25-10-2024,NEFT/INFOSYS SALARY,CREDIT,80000,88772.85,Salary
C7,25-10-2024,UPI/General Txn,DEBIT,2938.72,45060.13,General
C7,25-10-2024,UPI/General Txn,DEBIT,3174.27,76718.39,General
C7,26-10-2024,UPI/General Txn,CREDIT,2172.95,7229.98,General
C7,26-10-2024,UPI/General Txn,CREDIT,2245.58,48958.69,General
C7,26-10-2024,UPI/General Txn,CREDIT,2855.94,31392.36,General
C7,26-10-2024,UPI/General Txn,CREDIT,3430.61,56355.85,General
C7,26-10-2024,UPI/General Txn,CREDIT,3459.36,41157.18,General
C7,26-10-2024,UPI/General Txn,DEBIT,468.81,80470.04,General
C7,26-10-2024,UPI/General Txn,CREDIT,4029.72,12141.91,General
C7,26-10-2024,UPI/General Txn,CREDIT,2364.01,84050.67,General
C7,26-10-2024,UPI/General Txn,CREDIT,2643.04,21419.53,General
C7,26-10-2024,UPI/General Txn,DEBIT,3692.07,99726.91,General
C7,26-10-2024,UPI/General Txn,DEBIT,1535.54,27256.89,General
C7,27-10-2024,UPI/General Txn,DEBIT,148.39,66625.25,General
C7,27-10-2024,UPI/General Txn,CREDIT,2622.37,87707.99,General
C7,27-10-2024,UPI/General Txn,DEBIT,1700.67,12708.49,General
C7,27-10-2024,UPI/General Txn,DEBIT,4449.39,17238.61,General
C7,27-10-2024,UPI/General Txn,CREDIT,783.75,4869.37,General
C7,27-10-2024,UPI/General Txn,DEBIT,2061.05,2789.74,General
C7,27-10-2024,UPI/General Txn,CREDIT,2767.38,53929.49,General
C7,27-10-2024,UPI/General Txn,DEBIT,1338.05,77247.07,General
C7,27-10-2024,UPI/General Txn,DEBIT,102.67,87618.47,General
C7,27-10-2024,UPI/General Txn,CREDIT,4042.04,48764.29,General
C7,28-10-2024,UPI/General Txn,CREDIT,2800.22,26929.24,General
C7,28-10-2024,UPI/General Txn,DEBIT,4287.59,55779.89,General
C7,28-10-2024,UPI/General Txn,DEBIT,2138.37,2442.32,General
C7,28-10-2024,UPI/General Txn,CREDIT,4634.73,79041.98,General
C7,28-10-2024,UPI/General Txn,DEBIT,4584.47,1062.56,General
C7,28-10-2024,UPI/General Txn,CREDIT,325.03,72300.18,General
C7,28-10-2024,UPI/General Txn,CREDIT,3822.88,11080.43,General
C7,28-10-2024,UPI/General Txn,CREDIT,4454.16,64859.88,General
C7,28-10-2024,UPI/General Txn,CREDIT,184.71,39352.85,General
C7,28-10-2024,UPI/General Txn,CREDIT,575.75,76958.16,General
C7,28-10-2024,UPI/General Txn,CREDIT,1038.75,97896.04,General
C7,28-10-2024,UPI/General Txn,CREDIT,3358.34,43767.33,General
C7,29-10-2024,UPI/General Txn,CREDIT,353.75,91484.08,General
C7,29-10-2024,UPI/General Txn,DEBIT,4570.1,53551.13,General
C7,29-10-2024,UPI/General Txn,DEBIT,893.78,4091.77,General
C7,29-10-2024,UPI/General Txn,DEBIT,3192.01,43344.95,General
C7,29-10-2024,UPI/General Txn,DEBIT,4453.92,5712.94,General
C7,29-10-2024,UPI/General Txn,CREDIT,1429.78,30998.59,General
C7,29-10-2024,UPI/General Txn,DEBIT,4847.75,60543.85,General
C7,29-10-2024,UPI/General Txn,CREDIT,4696.9,48910.85,General
C7,29-10-2024,UPI/General Txn,CREDIT,3359.8,56303.98,General
C7,29-10-2024,UPI/General Txn,CREDIT,4652.72,17318.63,General
C7,29-10-2024,UPI/General Txn,CREDIT,4705.99,15034.57,General
C7,29-10-2024,UPI/General Txn,DEBIT,3912.78,33037.12,General
C7,30-10-2024,UPI/General Txn,CREDIT,3095.28,87352.03,General
C7,30-10-2024,UPI/General Txn,CREDIT,770.94,77043.72,General
C7,30-10-2024,UPI/General Txn,DEBIT,1002.76,13363.53,General
C7,30-10-2024,UPI/General Txn,DEBIT,138.78,22330.03,General
C7,30-10-2024,UPI/General Txn,CREDIT,3212.49,44518.11,General
C7,30-10-2024,UPI/General Txn,CREDIT,244.06,31423.01,General
C7,30-10-2024,UPI/General Txn,CREDIT,4513.76,54577.2,General
C7,30-10-2024,UPI/General Txn,CREDIT,3455.2,37864.18,General
C7,30-10-2024,UPI/General Txn,CREDIT,1191.9,33299.5,General
C7,30-10-2024,UPI/General Txn,DEBIT,572.31,53903.38,General
C7,31-10-2024,UPI/General Txn,DEBIT,129.92,96975.47,General
C7,31-10-2024,UPI/General Txn,CREDIT,1508.6,22597.97,General
C7,31-10-2024,UPI/General Txn,DEBIT,914.5,1329.11,General
C7,31-10-2024,UPI/General Txn,DEBIT,1320.77,66182.79,General
C7,31-10-2024,UPI/General Txn,DEBIT,4737.87,93000.28,General
C7,31-10-2024,UPI/General Txn,DEBIT,3917.75,92390.44,General
C7,31-10-2024,UPI/General Txn,CREDIT,3236.45,49970.69,General
C7,31-10-2024,UPI/General Txn,CREDIT,2185.43,54071.1,General
C7,31-10-2024,UPI/General Txn,DEBIT,2773.33,62131.06,General
C7,31-10-2024,UPI/General Txn,CREDIT,2822.86,55860.24,General
C7,01-11-2024,UPI/General Txn,CREDIT,986.63,17860.81,General
C7,01-11-2024,UPI/General Txn,DEBIT,4224.32,71567.46,General
C7,01-11-2024,UPI/General Txn,CREDIT,1631.88,12449.96,General
C7,01-11-2024,UPI/General Txn,CREDIT,2561.55,37456.1,General
C7,01-11-2024,UPI/General Txn,DEBIT,511.76,6419.17,General
C7,01-11-2024,UPI/General Txn,DEBIT,4589.56,36964.01,General
C7,01-11-2024,UPI/General Txn,CREDIT,3036.5,45375.45,General
C7,01-11-2024,UPI/General Txn,CREDIT,1605.56,23801.79,General
C7,01-11-2024,UPI/General Txn,DEBIT,1894,36305.58,General
C7,02-11-2024,UPI/General Txn,CREDIT,1558.06,12101.36,General
C7,02-11-2024,UPI/General Txn,CREDIT,3968.41,12789.17,General
C7,02-11-2024,UPI/General Txn,CREDIT,2944.85,20744.44,General
C7,02-11-2024,UPI/General Txn,DEBIT,1517.99,4628.06,General
C7,02-11-2024,UPI/General Txn,DEBIT,1233.7,23002.31,General
C7,02-11-2024,UPI/General Txn,DEBIT,711.58,42707.24,General
C7,02-11-2024,UPI/General Txn,DEBIT,4381.85,69149.7,General
C7,02-11-2024,UPI/General Txn,DEBIT,1274.27,43285.28,General
C7,02-11-2024,UPI/General Txn,CREDIT,283.43,51096.73,General
C7,03-11-2024,UPI/General Txn,DEBIT,4079.22,35910.01,General
C7,03-11-2024,UPI/General Txn,CREDIT,953.03,20433.63,General
C7,03-11-2024,UPI/General Txn,CREDIT,1497.68,19211.49,General
C7,03-11-2024,UPI/General Txn,CREDIT,3452.93,18972.39,General
C7,03-11-2024,UPI/General Txn,CREDIT,2281.33,41450.78,General
C7,03-11-2024,UPI/General Txn,DEBIT,4175.49,92731.64,General
C7,03-11-2024,UPI/General Txn,CREDIT,3671.8,81404.61,General
C7,03-11-2024,UPI/General Txn,DEBIT,3942.82,11051.19,General
C7,03-11-2024,UPI/General Txn,DEBIT,2866.17,36267.8,General
C7,04-11-2024,UPI/General Txn,CREDIT,1021.16,87066.3,General
C7,04-11-2024,UPI/General Txn,CREDIT,2533.16,44826.62,General
C7,04-11-2024,UPI/General Txn,DEBIT,1956.61,59656.5,General
C7,04-11-2024,UPI/General Txn,DEBIT,2047.7,98706.76,General
C7,04-11-2024,UPI/General Txn,CREDIT,1199.97,14518.62,General
C7,04-11-2024,UPI/General Txn,CREDIT,3062.55,88977.22,General
C7,04-11-2024,UPI/General Txn,CREDIT,3182.61,26937.32,General
C7,04-11-2024,UPI/General Txn,DEBIT,4539.57,61349.55,General
C7,04-11-2024,UPI/General Txn,DEBIT,2918.07,69259.88,General
C7,04-11-2024,UPI/General Txn,CREDIT,649.61,48489.37,General
C7,04-11-2024,UPI/General Txn,DEBIT,2929.45,83433.37,General
C7,05-11-2024,UPI/General Txn,DEBIT,902.26,54489.96,General
C7,05-11-2024,UPI/General Txn,CREDIT,2107.03,90555.61,General
C7,05-11-2024,UPI/General Txn,CREDIT,933.99,39596.38,General
C7,05-11-2024,UPI/General Txn,CREDIT,3707,62306.06,General
C7,05-11-2024,UPI/General Txn,CREDIT,4701.9,58701.05,General
C7,05-11-2024,UPI/General Txn,CREDIT,2246.4,82564.64,General
C7,05-11-2024,UPI/General Txn,CREDIT,4460.18,63875.84,General
C7,05-11-2024,UPI/General Txn,DEBIT,2897.97,94599.34,General
C7,05-11-2024,UPI/General Txn,DEBIT,3735.3,18735.86,General
C7,05-11-2024,UPI/General Txn,CREDIT,450.14,73381.68,General
C7,06-11-2024,UPI/General Txn,DEBIT,3335.63,82180.17,General
C7,06-11-2024,UPI/General Txn,DEBIT,1566.27,64290.48,General
C7,06-11-2024,UPI/General Txn,CREDIT,4545.79,89972.65,General
C7,06-11-2024,UPI/General Txn,CREDIT,2364.4,75310.66,General
C7,06-11-2024,UPI/General Txn,CREDIT,2692.69,92618.61,General
C7,06-11-2024,UPI/General Txn,CREDIT,4073.34,79685.7,General
C7,06-11-2024,UPI/General Txn,CREDIT,1109.94,76294.39,General
C7,06-11-2024,UPI/General Txn,CREDIT,883.39,98222.21,General
C7,06-11-2024,UPI/General Txn,DEBIT,613.57,72885.83,General
C7,06-11-2024,UPI/General Txn,DEBIT,3227.16,53288.15,General
C7,06-11-2024,UPI/General Txn,CREDIT,1774.42,85043.21,General
C7,06-11-2024,UPI/General Txn,DEBIT,658.98,58234.1,General
C7,07-11-2024,UPI/General Txn,CREDIT,4931.75,83594.92,General
C7,07-11-2024,UPI/General Txn,CREDIT,490.95,58067.34,General
C7,07-11-2024,UPI/General Txn,DEBIT,4448.79,74050.96,General
C7,07-11-2024,UPI/General Txn,DEBIT,3124.26,83506.06,General
C7,07-11-2024,UPI/General Txn,DEBIT,2281.94,37670.25,General
C7,07-11-2024,UPI/General Txn,CREDIT,824.25,92536.56,General
C7,07-11-2024,UPI/General Txn,DEBIT,2967.49,82488.15,General
C7,07-11-2024,UPI/General Txn,CREDIT,1930.98,74706.84,General
C7,07-11-2024,UPI/General Txn,DEBIT,2738.46,75699.87,General
C7,07-11-2024,UPI/General Txn,DEBIT,2376.93,77111.42,General
C7,07-11-2024,UPI/General Txn,DEBIT,3377.79,13527.12,General
C7,07-11-2024,UPI/General Txn,DEBIT,2033.36,13064.19,General
C7,08-11-2024,UPI/General Txn,DEBIT,3957.6,2033.09,General
C7,08-11-2024,UPI/General Txn,DEBIT,4796.78,85430.3,General
C7,08-11-2024,UPI/General Txn,CREDIT,4925.32,14305.71,General
C7,08-11-2024,UPI/General Txn,CREDIT,4344.08,13005,General
C7,08-11-2024,UPI/General Txn,DEBIT,3645.18,57822.81,General
C7,08-11-2024,UPI/General Txn,CREDIT,3481.41,82808.83,General
C7,08-11-2024,UPI/General Txn,DEBIT,4008.25,5228.93,General
C7,08-11-2024,UPI/General Txn,DEBIT,1705.93,30634.35,General
C7,08-11-2024,UPI/General Txn,DEBIT,3601.7,40645.63,General
C7,09-11-2024,UPI/General Txn,CREDIT,4670.06,21358.52,General
C7,09-11-2024,UPI/General Txn,DEBIT,3811.88,91586.25,General
C7,09-11-2024,UPI/General Txn,CREDIT,486.44,51456.04,General
C7,09-11-2024,UPI/General Txn,DEBIT,3037.96,21689.59,General
C7,09-11-2024,UPI/General Txn,DEBIT,1285.77,70727.14,General
C7,09-11-2024,UPI/General Txn,CREDIT,3170.49,97567.35,General
C7,09-11-2024,UPI/General Txn,CREDIT,4885.2,9944.41,General
C7,09-11-2024,UPI/General Txn,CREDIT,3201.06,45585.91,General
C7,09-11-2024,UPI/General Txn,CREDIT,1306.92,86216.64,General
C7,09-11-2024,UPI/General Txn,DEBIT,4120.02,58893.53,General
C7,10-11-2024,UPI/General Txn,CREDIT,1011.09,79195.54,General
C7,10-11-2024,UPI/General Txn,CREDIT,666.88,29727.55,General
C7,10-11-2024,UPI/General Txn,DEBIT,2025.15,66342.44,General
C7,10-11-2024,UPI/General Txn,DEBIT,4207.76,47682.14,General
C7,10-11-2024,UPI/General Txn,DEBIT,990.38,85670.77,General
C7,10-11-2024,UPI/General Txn,CREDIT,2769.04,99680.08,General
C7,10-11-2024,UPI/General Txn,CREDIT,3285.77,1463.91,General
C7,10-11-2024,UPI/General Txn,CREDIT,4579.15,18531.83,General
C7,10-11-2024,UPI/General Txn,CREDIT,502.81,26386.05,General
C7,10-11-2024,UPI/General Txn,CREDIT,4103.3,8577.8,General
C7,10-11-2024,UPI/General Txn,CREDIT,4477.18,95931.06,General
C7,10-11-2024,UPI/General Txn,DEBIT,1684.32,34141.45,General
C7,11-11-2024,UPI/General Txn,CREDIT,2107.01,5242.52,General
C7,11-11-2024,UPI/General Txn,DEBIT,1929.19,4709.87,General
C7,11-11-2024,UPI/General Txn,DEBIT,3379.47,14401.52,General
C7,11-11-2024,UPI/General Txn,DEBIT,4902.63,27141.82,General
C7,11-11-2024,UPI/General Txn,DEBIT,2484.37,42799.85,General
C7,11-11-2024,UPI/General Txn,DEBIT,4674.77,27066.42,General
C7,11-11-2024,UPI/General Txn,CREDIT,1369.9,45875.48,General
C7,11-11-2024,UPI/General Txn,DEBIT,2691.46,59605.79,General
C7,11-11-2024,UPI/General Txn,DEBIT,3991.81,57959.1,General
C7,11-11-2024,UPI/General Txn,DEBIT,2918.15,42420.52,General
C7,12-11-2024,UPI/General Txn,DEBIT,1374.63,57397.11,General
C7,12-11-2024,UPI/General Txn,CREDIT,948.35,93909.96,General
C7,12-11-2024,UPI/General Txn,CREDIT,2594.82,87245.71,General
C7,12-11-2024,UPI/General Txn,CREDIT,3796.55,12076.7,General
C7,12-11-2024,UPI/General Txn,CREDIT,3563.87,54226.12,General
C7,12-11-2024,UPI/General Txn,DEBIT,4474.51,84739.97,General
C7,12-11-2024,UPI/General Txn,CREDIT,704.1,88938.33,General
C7,12-11-2024,UPI/General Txn,CREDIT,204.24,80798.37,General
C7,12-11-2024,UPI/General Txn,DEBIT,4803.29,79094.78,General
C7,12-11-2024,UPI/General Txn,CREDIT,3812.04,77790.31,General
C7,12-11-2024,UPI/General Txn,DEBIT,3851.77,21106.41,General
C7,13-11-2024,UPI/General Txn,DEBIT,2994.17,51218.46,General
C7,13-11-2024,UPI/General Txn,CREDIT,1107.18,44875.56,General
C7,13-11-2024,UPI/General Txn,DEBIT,3762.32,73497.51,General
C7,13-11-2024,UPI/General Txn,CREDIT,1150.8,76337.11,General
C7,13-11-2024,UPI/General Txn,CREDIT,2302.58,10335.02,General
C7,13-11-2024,UPI/General Txn,DEBIT,3615.55,62646.18,General
C7,13-11-2024,UPI/General Txn,CREDIT,652.31,20107.14,General
C7,13-11-2024,UPI/General Txn,CREDIT,4146.93,96963.14,General
C7,13-11-2024,UPI/General Txn,DEBIT,1012.82,40193.9,General
C7,14-11-2024,UPI/General Txn,DEBIT,1396.09,97018.95,General
C7,14-11-2024,UPI/General Txn,DEBIT,4626.77,65865.67,General
C7,14-11-2024,UPI/General Txn,DEBIT,934.89,89549.43,General
C7,14-11-2024,UPI/General Txn,CREDIT,3094.94,45570.81,General
C7,14-11-2024,UPI/General Txn,CREDIT,756.36,76038.23,General
C7,14-11-2024,UPI/General Txn,DEBIT,424.8,71020.33,General
C7,14-11-2024,UPI/General Txn,CREDIT,2524.26,10870.77,General
C7,14-11-2024,UPI/General Txn,CREDIT,1153.95,37751.91,General
C7,14-11-2024,UPI/General Txn,DEBIT,3925.84,6890.23,General
C7,14-11-2024,UPI/General Txn,CREDIT,2465.33,10780.28,General
C7,15-11-2024,UPI/General Txn,CREDIT,806.57,54854.63,General
C7,15-11-2024,UPI/General Txn,CREDIT,2381.52,15951.31,General
C7,15-11-2024,UPI/General Txn,CREDIT,2009.9,86689.47,General
C7,15-11-2024,UPI/General Txn,DEBIT,2914.25,19149.89,General
C7,15-11-2024,UPI/General Txn,CREDIT,1928.65,84356.21,General
C7,15-11-2024,UPI/General Txn,DEBIT,3987.91,29671.65,General
C7,15-11-2024,UPI/General Txn,DEBIT,1398.57,18066.74,General
C7,15-11-2024,UPI/General Txn,DEBIT,588.43,4509.16,General
C7,15-11-2024,UPI/General Txn,CREDIT,1596.85,10822.46,General
C7,16-11-2024,UPI/General Txn,CREDIT,1154.05,2187.92,General
C7,16-11-2024,UPI/General Txn,CREDIT,2776.16,69751.4,General
C7,16-11-2024,UPI/General Txn,DEBIT,932.19,78124.57,General
C7,16-11-2024,UPI/General Txn,CREDIT,255.81,78163.85,General
C7,16-11-2024,UPI/General Txn,CREDIT,1258.58,72422.73,General
C7,16-11-2024,UPI/General Txn,CREDIT,443.38,20462.79,General
C7,16-11-2024,UPI/General Txn,DEBIT,4796.34,1987.66,General
C7,16-11-2024,UPI/General Txn,CREDIT,2377.75,3972.48,General
C7,16-11-2024,UPI/General Txn,DEBIT,569.32,14519.59,General
C7,16-11-2024,UPI/General Txn,DEBIT,4781.04,3573.69,General
C7,16-11-2024,UPI/General Txn,CREDIT,2360.83,9858.05,General
C7,17-11-2024,UPI/General Txn,DEBIT,3306.31,16864.52,General
C7,17-11-2024,UPI/General Txn,CREDIT,634.87,57070.79,General
C7,17-11-2024,UPI/General Txn,CREDIT,3741.9,88575.35,General
C7,17-11-2024,UPI/General Txn,CREDIT,3309.92,15110.97,General
C7,17-11-2024,UPI/General Txn,CREDIT,687.76,32305.12,General
C7,17-11-2024,UPI/General Txn,CREDIT,4618.04,74604.67,General
C7,17-11-2024,UPI/General Txn,CREDIT,3982.5,11984.97,General
C7,17-11-2024,UPI/General Txn,DEBIT,919.2,47922.14,General
C7,18-11-2024,UPI/General Txn,CREDIT,2328.46,25242.96,General
C7,18-11-2024,UPI/General Txn,DEBIT,363.59,82680.2,General
C7,18-11-2024,UPI/General Txn,CREDIT,3821.92,85826.03,General
C7,18-11-2024,UPI/General Txn,DEBIT,4660.3,19183.05,General
C7,18-11-2024,UPI/General Txn,CREDIT,806.7,2524.28,General
C7,18-11-2024,UPI/General Txn,DEBIT,1777.37,91225.58,General
C7,18-11-2024,UPI/General Txn,DEBIT,1422.4,15049.69,General
C7,18-11-2024,UPI/General Txn,DEBIT,3689.59,58750.76,General
C7,19-11-2024,UPI/General Txn,CREDIT,3735.35,79985.79,General
C7,19-11-2024,UPI/General Txn,DEBIT,2424.86,38206.93,General
C7,19-11-2024,UPI/General Txn,DEBIT,210.76,42645.96,General
C7,19-11-2024,UPI/General Txn,CREDIT,3165,10342.96,General
C7,19-11-2024,UPI/General Txn,CREDIT,4622.45,41488.55,General
C7,19-11-2024,UPI/General Txn,CREDIT,3292.57,72299.81,General
C7,19-11-2024,UPI/General Txn,DEBIT,218.12,27764.49,General
C7,19-11-2024,UPI/General Txn,CREDIT,1790.24,58850.27,General
C7,19-11-2024,UPI/General Txn,CREDIT,1818.7,4668.48,General
C7,19-11-2024,UPI/General Txn,DEBIT,618.27,32647.25,General
C7,20-11-2024,UPI/General Txn,DEBIT,2949.07,17902.22,General
C7,20-11-2024,UPI/General Txn,CREDIT,2206.35,99343.4,General
C7,20-11-2024,UPI/General Txn,CREDIT,3545.28,26274.63,General
C7,20-11-2024,UPI/General Txn,CREDIT,2824.41,13563.27,General
C7,20-11-2024,UPI/General Txn,DEBIT,2371.68,90877.61,General
C7,20-11-2024,UPI/General Txn,CREDIT,2550.98,31884.19,General
C7,20-11-2024,UPI/General Txn,DEBIT,1368.21,44393.88,General
C7,20-11-2024,UPI/General Txn,DEBIT,3321.01,97695.35,General
C7,20-11-2024,UPI/General Txn,DEBIT,636.72,49578.87,General
C7,20-11-2024,UPI/General Txn,DEBIT,3136.59,9489.65,General
C7,20-11-2024,UPI/General Txn,DEBIT,1573.8,40962.73,General
C7,20-11-2024,UPI/General Txn,DEBIT,3711.19,39910.77,General
C7,21-11-2024,UPI/General Txn,CREDIT,4184.67,97985.09,General
C7,21-11-2024,UPI/General Txn,CREDIT,1465.15,51476.29,General
C7,21-11-2024,UPI/General Txn,DEBIT,1425.05,50912.8,General
C7,21-11-2024,UPI/General Txn,CREDIT,674.61,32537.55,General
C7,21-11-2024,UPI/General Txn,DEBIT,2215.3,71727.17,General
C7,21-11-2024,UPI/General Txn,DEBIT,147.67,99789.24,General
C7,21-11-2024,UPI/General Txn,CREDIT,1076.58,68945.6,General
C7,21-11-2024,UPI/General Txn,DEBIT,3738.46,36568.68,General
C7,21-11-2024,UPI/General Txn,DEBIT,1711.38,76374.89,General
C7,22-11-2024,UPI/General Txn,DEBIT,398.7,55305.83,General
C7,22-11-2024,UPI/General Txn,CREDIT,1946.83,74633.9,General
C7,22-11-2024,UPI/General Txn,CREDIT,4970.91,24688,General
C7,22-11-2024,UPI/General Txn,DEBIT,645.03,1332.51,General
C7,22-11-2024,UPI/General Txn,DEBIT,2653.35,13010.49,General
C7,22-11-2024,UPI/General Txn,DEBIT,683.64,3291.12,General
C7,22-11-2024,UPI/General Txn,DEBIT,4779.23,39063.83,General
C7,22-11-2024,UPI/General Txn,DEBIT,3789.55,82219.6,General
C7,23-11-2024,UPI/General Txn,DEBIT,3459,93448.06,General
C7,23-11-2024,UPI/General Txn,CREDIT,3736.61,74261.25,General
C7,23-11-2024,UPI/General Txn,CREDIT,3127.1,1881.73,General
C7,23-11-2024,UPI/General Txn,CREDIT,3996.27,30719.96,General
C7,23-11-2024,UPI/General Txn,DEBIT,4946.06,94337.47,General
C7,23-11-2024,UPI/General Txn,CREDIT,4346.34,48522.86,General
C7,23-11-2024,UPI/General Txn,DEBIT,1364.26,5022.42,General
C7,23-11-2024,UPI/General Txn,CREDIT,212.98,68745.4,General
C7,23-11-2024,UPI/General Txn,DEBIT,1320.3,89141.54,General
C7,24-11-2024,UPI/General Txn,DEBIT,4770.15,93027.34,General
C7,24-11-2024,UPI/General Txn,DEBIT,2664.62,32515.74,General
C7,24-11-2024,UPI/General Txn,CREDIT,3344.55,69735.99,General
C7,24-11-2024,UPI/General Txn,DEBIT,1715.66,76163.73,General
C7,24-11-2024,UPI/General Txn,CREDIT,4817.98,15858.04,General
C7,24-11-2024,UPI/General Txn,CREDIT,189.04,80687.07,General
C7,24-11-2024,UPI/General Txn,DEBIT,3357.18,36938.86,General
C7,24-11-2024,UPI/General Txn,DEBIT,1687.32,28495.67,General
C7,24-11-2024,UPI/General Txn,CREDIT,2114.47,32843.51,General
C7,25-11-2024,NEFT/WIPRO SALARY,CREDIT,60000,89166.51,Salary
C7,25-11-2024,NEFT/INFOSYS SALARY,CREDIT,60000,15678.71,Salary
C7,25-11-2024,UPI/General Txn,DEBIT,362.98,55503.11,General
C7,25-11-2024,UPI/General Txn,DEBIT,1408.28,81201.22,General
C7,25-11-2024,UPI/General Txn,DEBIT,3561.07,69183.11,General
C7,25-11-2024,UPI/General Txn,DEBIT,845.82,65609.21,General
C7,25-11-2024,NEFT/TCS SALARY,CREDIT,50000,96136.27,Salary
C7,25-11-2024,UPI/General Txn,DEBIT,2016.3,53556.97,General
C7,25-11-2024,UPI/General Txn,DEBIT,2553.91,50191.19,General
C7,25-11-2024,UPI/General Txn,DEBIT,3475.25,47289.33,General
C7,25-11-2024,NEFT/TCS SALARY,CREDIT,80000,41747,Salary
C7,25-11-2024,UPI/General Txn,DEBIT,882.87,35099.64,General
C7,26-11-2024,UPI/General Txn,CREDIT,185.24,9631.8,General
C7,26-11-2024,UPI/General Txn,DEBIT,3136.8,55614.39,General
C7,26-11-2024,UPI/General Txn,DEBIT,1726.88,68975.25,General
C7,26-11-2024,UPI/General Txn,DEBIT,4697.51,78843.88,General
C7,26-11-2024,UPI/General Txn,CREDIT,4875.31,56881.62,General
C7,26-11-2024,UPI/General Txn,CREDIT,1505.64,12327.8,General
C7,26-11-2024,UPI/General Txn,CREDIT,255.37,60559.89,General
C7,26-11-2024,UPI/General Txn,CREDIT,1173.41,43220.58,General
C7,26-11-2024,UPI/General Txn,DEBIT,215.3,13650.9,General
C7,26-11-2024,UPI/General Txn,DEBIT,1287.28,46369.84,General
C7,26-11-2024,UPI/General Txn,DEBIT,245.16,20849.88,General
C7,27-11-2024,UPI/General Txn,CREDIT,2882.21,7795.73,General
C7,27-11-2024,UPI/General Txn,DEBIT,538.9,65831.53,General
C7,27-11-2024,UPI/General Txn,CREDIT,1396.01,2141.31,General
C7,27-11-2024,UPI/General Txn,CREDIT,3703.6,75391.58,General
C7,27-11-2024,UPI/General Txn,CREDIT,1199.5,31893.6,General
C7,27-11-2024,UPI/General Txn,CREDIT,3654.49,65854.06,General
C7,27-11-2024,UPI/General Txn,CREDIT,4479.78,42477.23,General
C7,27-11-2024,UPI/General Txn,CREDIT,1171.94,38899.12,General
C7,27-11-2024,UPI/General Txn,DEBIT,4835.33,62581.88,General
C7,28-11-2024,UPI/General Txn,CREDIT,1259.33,50422.84,General
C7,28-11-2024,UPI/General Txn,DEBIT,3743.26,96439.85,General
C7,28-11-2024,UPI/General Txn,DEBIT,1614.73,26687.83,General
C7,28-11-2024,UPI/General Txn,CREDIT,1813.64,9224.34,General
C7,28-11-2024,UPI/General Txn,DEBIT,4995.95,17155.01,General
C7,28-11-2024,UPI/General Txn,DEBIT,1657.47,75195.87,General
C7,28-11-2024,UPI/General Txn,CREDIT,718.47,67149.67,General
C7,28-11-2024,UPI/General Txn,CREDIT,998.04,98699.7,General
C7,28-11-2024,UPI/General Txn,CREDIT,2596,70655.64,General
C7,28-11-2024,UPI/General Txn,CREDIT,1998.39,93256.35,General
C7,29-11-2024,UPI/General Txn,DEBIT,4768.25,28330.13,General
C7,29-11-2024,UPI/General Txn,CREDIT,475.28,88503.54,General
C7,29-11-2024,UPI/General Txn,CREDIT,2102.97,51553.04,General
C7,29-11-2024,UPI/General Txn,CREDIT,4237.11,47857.19,General
C7,29-11-2024,UPI/General Txn,DEBIT,4166.36,58239.93,General
C7,29-11-2024,UPI/General Txn,CREDIT,3231.65,2489.43,General
C7,29-11-2024,UPI/General Txn,DEBIT,2122.63,80821.36,General
C7,29-11-2024,UPI/General Txn,CREDIT,1586.21,99348.75,General
C7,29-11-2024,UPI/General Txn,DEBIT,4870.42,24294.05,General
C7,29-11-2024,UPI/General Txn,DEBIT,4334.06,31452.35,General
C7,29-11-2024,UPI/General Txn,CREDIT,1605.47,87991.81,General
C7,30-11-2024,UPI/General Txn,DEBIT,2783.65,15930.77,General
C7,30-11-2024,UPI/General Txn,CREDIT,1747.76,84504.19,General
C7,30-11-2024,UPI/General Txn,CREDIT,3062.55,17199.07,General
C7,30-11-2024,UPI/General Txn,DEBIT,1358.21,2702,General
C7,30-11-2024,UPI/General Txn,CREDIT,2058.38,80301.95,General
C7,30-11-2024,UPI/General Txn,DEBIT,3249.81,76875.08,General
C7,30-11-2024,UPI/General Txn,CREDIT,595.27,77636.9,General
C7,30-11-2024,UPI/General Txn,DEBIT,2778.84,53588.45,General
C7,30-11-2024,UPI/General Txn,DEBIT,2371.64,85860.28,General
C7,30-11-2024,UPI/General Txn,CREDIT,2202.27,23309.38,General
C7,30-11-2024,UPI/General Txn,CREDIT,3418.12,50543.84,General
C8,01-09-2024,UPI/General Txn,CREDIT,3647.68,59081.96,General
C8,01-09-2024,UPI/General Txn,DEBIT,2156.9,99314.17,General
C8,01-09-2024,UPI/General Txn,DEBIT,2085.24,35384.35,General
C8,01-09-2024,UPI/General Txn,DEBIT,581.86,99303.37,General
C8,01-09-2024,UPI/General Txn,DEBIT,990.55,81702.58,General
C8,01-09-2024,UPI/General Txn,DEBIT,1918.24,65994.64,General
C8,01-09-2024,UPI/General Txn,DEBIT,1466.93,25466.32,General
C8,01-09-2024,UPI/General Txn,CREDIT,243.61,6044.81,General
C8,01-09-2024,UPI/General Txn,CREDIT,3095.37,1414.94,General
C8,02-09-2024,UPI/General Txn,DEBIT,2533.69,71639.47,General
C8,02-09-2024,UPI/General Txn,CREDIT,3245.11,6234.27,General
C8,02-09-2024,UPI/General Txn,DEBIT,386.43,7185.72,General
C8,02-09-2024,UPI/General Txn,DEBIT,3524.45,59872.78,General
C8,02-09-2024,UPI/General Txn,DEBIT,2798.72,8938.01,General
C8,02-09-2024,UPI/General Txn,DEBIT,4057.18,93897.48,General
C8,02-09-2024,UPI/General Txn,CREDIT,1128.3,81515.85,General
C8,02-09-2024,UPI/General Txn,CREDIT,1279.44,75006.32,General
C8,02-09-2024,UPI/General Txn,CREDIT,2989.5,76430.83,General
C8,03-09-2024,UPI/General Txn,DEBIT,2133.21,88577.98,General
C8,03-09-2024,UPI/General Txn,DEBIT,3812.58,76295.4,General
C8,03-09-2024,UPI/General Txn,DEBIT,4705.54,72454.1,General
C8,03-09-2024,UPI/General Txn,CREDIT,1366.02,84694.7,General
C8,03-09-2024,UPI/General Txn,CREDIT,3217.05,86866.23,General
C8,03-09-2024,UPI/General Txn,DEBIT,4614.2,8627.09,General
C8,03-09-2024,UPI/General Txn,CREDIT,4795.2,23122.23,General
C8,03-09-2024,UPI/General Txn,DEBIT,2697.53,3240.75,General
C8,03-09-2024,UPI/General Txn,CREDIT,4620.86,52736.04,General
C8,03-09-2024,UPI/General Txn,DEBIT,116.97,78159.57,General
C8,03-09-2024,UPI/General Txn,DEBIT,3033.85,71790.83,General
C8,03-09-2024,UPI/General Txn,CREDIT,2392.95,11472.58,General
C8,04-09-2024,UPI/General Txn,DEBIT,2807.37,78140.53,General
C8,04-09-2024,UPI/General Txn,DEBIT,2402.91,13848.07,General
C8,04-09-2024,UPI/General Txn,CREDIT,1093.73,25880.11,General
C8,04-09-2024,UPI/General Txn,DEBIT,2503.01,54011.91,General
C8,04-09-2024,UPI/General Txn,DEBIT,2477.31,4991.52,General
C8,04-09-2024,UPI/General Txn,DEBIT,4403.7,90067.36,General
C8,04-09-2024,UPI/General Txn,CREDIT,134.17,55155.96,General
C8,04-09-2024,UPI/General Txn,CREDIT,3401.31,78653.43,General
C8,05-09-2024,UPI/General Txn,DEBIT,4348.94,2458.32,General
C8,05-09-2024,UPI/General Txn,CREDIT,3291.53,20221.31,General
C8,05-09-2024,UPI/General Txn,DEBIT,3863.36,87757.56,General
C8,05-09-2024,UPI/General Txn,DEBIT,4823.64,97057.51,General
C8,05-09-2024,UPI/General Txn,DEBIT,695.55,79144.86,General
C8,05-09-2024,UPI/General Txn,CREDIT,1983.81,55597.12,General
C8,05-09-2024,UPI/General Txn,CREDIT,4249.89,40442.67,General
C8,05-09-2024,UPI/General Txn,CREDIT,2413.58,80283.85,General
C8,05-09-2024,UPI/General Txn,CREDIT,3442.98,7563.03,General
C8,05-09-2024,UPI/General Txn,DEBIT,3136.74,25344.87,General
C8,05-09-2024,UPI/General Txn,CREDIT,4263.55,70001.16,General
C8,06-09-2024,UPI/General Txn,DEBIT,538.27,73844.19,General
C8,06-09-2024,UPI/General Txn,CREDIT,4209.77,82521.69,General
C8,06-09-2024,UPI/General Txn,DEBIT,2003.14,48553.93,General
C8,06-09-2024,UPI/General Txn,DEBIT,147.27,37033.89,General
C8,06-09-2024,UPI/General Txn,CREDIT,4898.2,89386.02,General
C8,06-09-2024,UPI/General Txn,DEBIT,867.05,70578.81,General
C8,06-09-2024,UPI/General Txn,DEBIT,3504.71,58210.84,General
C8,06-09-2024,UPI/General Txn,CREDIT,1513.94,50835.53,General
C8,06-09-2024,UPI/General Txn,DEBIT,1179.91,30841.35,General
C8,07-09-2024,UPI/General Txn,DEBIT,3719.09,81590.7,General
C8,07-09-2024,UPI/General Txn,DEBIT,1650.32,5638.22,General
C8,07-09-2024,UPI/General Txn,DEBIT,594.58,38328.64,General
C8,07-09-2024,UPI/General Txn,CREDIT,3626.51,70130.3,General
C8,07-09-2024,UPI/General Txn,DEBIT,2080.97,23877.75,General
C8,07-09-2024,UPI/General Txn,CREDIT,4351.91,24034.58,General
C8,07-09-2024,UPI/General Txn,DEBIT,2794.76,1310.89,General
C8,07-09-2024,UPI/General Txn,DEBIT,183.67,88165.98,General
C8,08-09-2024,UPI/General Txn,CREDIT,4569.21,26698.09,General
C8,08-09-2024,UPI/General Txn,CREDIT,4968.76,51050.87,General
C8,08-09-2024,UPI/General Txn,CREDIT,4061.09,85696.75,General
C8,08-09-2024,UPI/General Txn,CREDIT,699.17,25431.41,General
C8,08-09-2024,UPI/General Txn,DEBIT,1751.1,14544.76,General
C8,08-09-2024,UPI/General Txn,CREDIT,3875.1,90853.13,General
C8,08-09-2024,UPI/General Txn,DEBIT,1714.63,14264.65,General
C8,08-09-2024,UPI/General Txn,CREDIT,3002.15,51162.28,General
C8,08-09-2024,UPI/General Txn,CREDIT,1772.69,16321.68,General
C8,08-09-2024,UPI/General Txn,DEBIT,4285,76480.3,General
C8,09-09-2024,UPI/General Txn,DEBIT,2363.11,73700.85,General
C8,09-09-2024,UPI/General Txn,CREDIT,192.42,78890.02,General
C8,09-09-2024,UPI/General Txn,CREDIT,2232.15,77398.49,General
C8,09-09-2024,UPI/General Txn,CREDIT,2171.97,47387.82,General
C8,09-09-2024,UPI/General Txn,DEBIT,279.72,44712.75,General
C8,09-09-2024,UPI/General Txn,DEBIT,233.85,7053.47,General
C8,09-09-2024,UPI/General Txn,DEBIT,2550.2,36803.73,General
C8,09-09-2024,UPI/General Txn,CREDIT,4046.99,53624.31,General
C8,09-09-2024,UPI/General Txn,DEBIT,3241.96,48634.29,General
C8,09-09-2024,UPI/General Txn,DEBIT,3641.03,10672.56,General
C8,09-09-2024,UPI/General Txn,DEBIT,1658.45,53477.55,General
C8,09-09-2024,UPI/General Txn,CREDIT,3903.95,30354.18,General
C8,10-09-2024,UPI/General Txn,CREDIT,4218.63,70862.1,General
C8,10-09-2024,UPI/General Txn,CREDIT,3391.42,5931.24,General
C8,10-09-2024,UPI/General Txn,CREDIT,2856.85,26696.46,General
C8,10-09-2024,UPI/General Txn,CREDIT,3783.53,98145.25,General
C8,10-09-2024,UPI/General Txn,DEBIT,4478.16,55945.05,General
C8,10-09-2024,UPI/General Txn,DEBIT,4186.14,45420.79,General
C8,10-09-2024,UPI/General Txn,DEBIT,2200.19,2018.27,General
C8,10-09-2024,UPI/General Txn,CREDIT,3298.24,68636.07,General
C8,11-09-2024,UPI/General Txn,DEBIT,2443.35,86107.01,General
C8,11-09-2024,UPI/General Txn,CREDIT,3561.39,21616.34,General
C8,11-09-2024,UPI/General Txn,CREDIT,2787.6,48112.91,General
C8,11-09-2024,UPI/General Txn,CREDIT,3488.98,60770.46,General
C8,11-09-2024,UPI/General Txn,CREDIT,1167.65,72481.52,General
C8,11-09-2024,UPI/General Txn,DEBIT,4195.89,41237.26,General
C8,11-09-2024,UPI/General Txn,DEBIT,3391.93,79935.78,General
C8,11-09-2024,UPI/General Txn,CREDIT,2633.36,59540.86,General
C8,11-09-2024,UPI/General Txn,DEBIT,1245.4,69698.25,General
C8,12-09-2024,UPI/General Txn,CREDIT,3909.36,1596.62,General
C8,12-09-2024,UPI/General Txn,DEBIT,3962.21,47952.27,General
C8,12-09-2024,UPI/General Txn,DEBIT,2930.78,95742.32,General
C8,12-09-2024,UPI/General Txn,CREDIT,1704.12,43477.37,General
C8,12-09-2024,UPI/General Txn,DEBIT,1361.12,32112.79,General
C8,12-09-2024,UPI/General Txn,CREDIT,3440.88,41737.89,General
C8,12-09-2024,UPI/General Txn,CREDIT,383.09,50518.97,General
C8,12-09-2024,UPI/General Txn,CREDIT,4421,71357.31,General
C8,12-09-2024,UPI/General Txn,DEBIT,1786.88,44197.08,General
C8,12-09-2024,UPI/General Txn,DEBIT,477.17,24882.77,General
C8,13-09-2024,UPI/General Txn,DEBIT,1372.39,48208.83,General
C8,13-09-2024,UPI/General Txn,DEBIT,4315.54,46088.72,General
C8,13-09-2024,UPI/General Txn,DEBIT,1110.59,70910.49,General
C8,13-09-2024,UPI/General Txn,DEBIT,959.66,48732.39,General
C8,13-09-2024,UPI/General Txn,DEBIT,621.44,83755.74,General
C8,13-09-2024,UPI/General Txn,CREDIT,4167.65,43166.71,General
C8,13-09-2024,UPI/General Txn,CREDIT,691.39,11554.19,General
C8,13-09-2024,UPI/General Txn,CREDIT,905.47,16603.85,General
C8,13-09-2024,UPI/General Txn,CREDIT,4426.9,12287.98,General
C8,13-09-2024,UPI/General Txn,CREDIT,1414.2,58135.32,General
C8,13-09-2024,UPI/General Txn,CREDIT,1240.18,18396.42,General
C8,13-09-2024,UPI/General Txn,CREDIT,607.47,95580.04,General
C8,14-09-2024,UPI/General Txn,DEBIT,1115.92,19530.86,General
C8,14-09-2024,UPI/General Txn,CREDIT,4502.59,99495.28,General
C8,14-09-2024,UPI/General Txn,DEBIT,4921.34,10469.88,General
C8,14-09-2024,UPI/General Txn,CREDIT,4898.56,19254.09,General
C8,14-09-2024,UPI/General Txn,CREDIT,2047.85,83053.7,General
C8,14-09-2024,UPI/General Txn,DEBIT,396.7,86966.8,General
C8,14-09-2024,UPI/General Txn,DEBIT,2307.83,92237.52,General
C8,14-09-2024,UPI/General Txn,DEBIT,4050.49,40606.15,General
C8,15-09-2024,UPI/General Txn,DEBIT,2283.68,88929.05,General
C8,15-09-2024,UPI/General Txn,DEBIT,3457.73,29829.32,General
C8,15-09-2024,UPI/General Txn,DEBIT,1071.59,41913.61,General
C8,15-09-2024,UPI/General Txn,CREDIT,2348.31,91765.21,General
C8,15-09-2024,UPI/General Txn,DEBIT,1946,85428.34,General
C8,15-09-2024,UPI/General Txn,CREDIT,4328.82,16831.06,General
C8,15-09-2024,UPI/General Txn,CREDIT,1465.32,43889.89,General
C8,15-09-2024,UPI/General Txn,DEBIT,1284.16,54453.19,General
C8,15-09-2024,UPI/General Txn,DEBIT,4793.72,74401.86,General
C8,16-09-2024,UPI/General Txn,DEBIT,1374.54,88216.66,General
C8,16-09-2024,UPI/General Txn,CREDIT,3117.33,11763.85,General
C8,16-09-2024,UPI/General Txn,DEBIT,3057.75,13594.84,General
C8,16-09-2024,UPI/General Txn,CREDIT,3533.5,18838.05,General
C8,16-09-2024,UPI/General Txn,DEBIT,4319.78,89585.96,General
C8,16-09-2024,UPI/General Txn,CREDIT,677.58,22998.66,General
C8,16-09-2024,UPI/General Txn,CREDIT,3295.87,97519.08,General
C8,16-09-2024,UPI/General Txn,CREDIT,2859.74,6890.47,General
C8,16-09-2024,UPI/General Txn,CREDIT,4169.18,45803.69,General
C8,16-09-2024,UPI/General Txn,DEBIT,3264.82,45908.11,General
C8,17-09-2024,UPI/General Txn,CREDIT,2809.53,36233.87,General
C8,17-09-2024,UPI/General Txn,CREDIT,1106.5,27212.72,General
C8,17-09-2024,UPI/General Txn,CREDIT,3769.7,3316.1,General
C8,17-09-2024,UPI/General Txn,CREDIT,3641.65,30833.91,General
C8,17-09-2024,UPI/General Txn,CREDIT,113.67,99378.01,General
C8,17-09-2024,UPI/General Txn,DEBIT,3792.33,17794.97,General
C8,17-09-2024,UPI/General Txn,DEBIT,2773.64,56939.43,General
C8,17-09-2024,UPI/General Txn,DEBIT,4227.78,59907.16,General
C8,17-09-2024,UPI/General Txn,DEBIT,912.93,90507.72,General
C8,18-09-2024,UPI/General Txn,DEBIT,4422.37,62349.96,General
C8,18-09-2024,UPI/General Txn,DEBIT,1469.51,58893.38,General
C8,18-09-2024,UPI/General Txn,DEBIT,949.43,35501.09,General
C8,18-09-2024,UPI/General Txn,DEBIT,1042.9,18158,General
C8,18-09-2024,UPI/General Txn,DEBIT,4791.28,36394.57,General
C8,18-09-2024,UPI/General Txn,CREDIT,299.61,90680.95,General
C8,18-09-2024,UPI/General Txn,CREDIT,4046.27,85497.19,General
C8,18-09-2024,UPI/General Txn,DEBIT,390.96,98941.75,General
C8,18-09-2024,UPI/General Txn,DEBIT,1490.03,23377.6,General
C8,18-09-2024,UPI/General Txn,CREDIT,2083.62,69819.12,General
C8,19-09-2024,UPI/General Txn,DEBIT,3156.53,20082.06,General
C8,19-09-2024,UPI/General Txn,DEBIT,894.79,40017.31,General
C8,19-09-2024,UPI/General Txn,CREDIT,899.74,14094.01,General
C8,19-09-2024,UPI/General Txn,DEBIT,4078.04,35335.14,General
C8,19-09-2024,UPI/General Txn,DEBIT,3758.44,13122.44,General
C8,19-09-2024,UPI/General Txn,CREDIT,4175.1,75513.2,General
C8,19-09-2024,UPI/General Txn,DEBIT,543.28,44988.77,General
C8,19-09-2024,UPI/General Txn,CREDIT,1733.36,31992.64,General
C8,19-09-2024,UPI/General Txn,DEBIT,4385.37,95186.51,General
C8,20-09-2024,UPI/General Txn,CREDIT,798.95,40747.36,General
C8,20-09-2024,UPI/General Txn,CREDIT,468.74,31590.01,General
C8,20-09-2024,UPI/General Txn,DEBIT,1921.31,7491.09,General
C8,20-09-2024,UPI/General Txn,DEBIT,172.95,59934.46,General
C8,20-09-2024,UPI/General Txn,DEBIT,4348.12,57069.36,General
C8,20-09-2024,UPI/General Txn,CREDIT,4518.27,62591.28,General
C8,20-09-2024,UPI/General Txn,DEBIT,4004.47,18900.34,General
C8,20-09-2024,UPI/General Txn,DEBIT,2287.06,10887.58,General
C8,21-09-2024,UPI/General Txn,CREDIT,1237.38,13682.77,General
C8,21-09-2024,UPI/General Txn,CREDIT,2175.41,47871.8,General
C8,21-09-2024,UPI/General Txn,CREDIT,840.61,25935.58,General
C8,21-09-2024,UPI/General Txn,DEBIT,604.14,70420.73,General
C8,21-09-2024,UPI/General Txn,CREDIT,4462.75,12926.09,General
C8,21-09-2024,UPI/General Txn,DEBIT,4062.39,3618.52,General
C8,21-09-2024,UPI/General Txn,DEBIT,2898.3,66324.63,General
C8,21-09-2024,UPI/General Txn,CREDIT,4408.86,32225.1,General
C8,21-09-2024,UPI/General Txn,DEBIT,773.4,19914.13,General
C8,21-09-2024,UPI/General Txn,DEBIT,3555.24,36029.45,General
C8,22-09-2024,UPI/General Txn,CREDIT,4314.29,1983.38,General
C8,22-09-2024,UPI/General Txn,DEBIT,561.03,72259.74,General
C8,22-09-2024,UPI/General Txn,DEBIT,783.91,30651.76,General
C8,22-09-2024,UPI/General Txn,DEBIT,3364.33,52225.05,General
C8,22-09-2024,UPI/General Txn,CREDIT,2263.92,64133.41,General
C8,22-09-2024,UPI/General Txn,DEBIT,1378.55,38061.81,General
C8,22-09-2024,UPI/General Txn,DEBIT,3732.12,16179.22,General
C8,22-09-2024,UPI/General Txn,DEBIT,557.78,71111.4,General
C8,22-09-2024,UPI/General Txn,CREDIT,1346.42,70340.79,General
C8,23-09-2024,UPI/General Txn,DEBIT,3976.96,73859.42,General
C8,23-09-2024,UPI/General Txn,CREDIT,4848.72,77394.42,General
C8,23-09-2024,UPI/General Txn,DEBIT,2467.2,43710.78,General
C8,23-09-2024,UPI/General Txn,DEBIT,3206.83,96202.6,General
C8,23-09-2024,UPI/General Txn,DEBIT,4415.08,59302.26,General
C8,23-09-2024,UPI/General Txn,CREDIT,4932.27,36074.72,General
C8,23-09-2024,UPI/General Txn,DEBIT,1854.05,17426.99,General
C8,23-09-2024,UPI/General Txn,CREDIT,2389.62,96043.47,General
C8,23-09-2024,UPI/General Txn,CREDIT,1447.19,64017.44,General
C8,23-09-2024,UPI/General Txn,CREDIT,3949.49,73788.85,General
C8,23-09-2024,UPI/General Txn,DEBIT,2698.98,97293.39,General
C8,23-09-2024,UPI/General Txn,CREDIT,1671.13,71349.54,General
C8,24-09-2024,UPI/General Txn,DEBIT,761.38,2780.96,General
C8,24-09-2024,UPI/General Txn,CREDIT,2588.79,48743.25,General
C8,24-09-2024,UPI/General Txn,DEBIT,3326.46,36878.85,General
C8,24-09-2024,UPI/General Txn,CREDIT,4627.49,73974.27,General
C8,24-09-2024,UPI/General Txn,CREDIT,492.75,17708.53,General
C8,24-09-2024,UPI/General Txn,DEBIT,879.22,87088.06,General
C8,24-09-2024,UPI/General Txn,DEBIT,142.25,53795.08,General
C8,24-09-2024,UPI/General Txn,CREDIT,1828.08,17632.26,General
C8,24-09-2024,UPI/General Txn,CREDIT,4426.32,45274.99,General
C8,24-09-2024,UPI/General Txn,DEBIT,2807.11,59309.26,General
C8,24-09-2024,UPI/General Txn,DEBIT,1334.56,64965.79,General
C8,25-09-2024,UPI/General Txn,DEBIT,4270.3,79498.97,General
C8,25-09-2024,NEFT/INFOSYS SALARY,CREDIT,50000,57403.43,Salary
C8,25-09-2024,UPI/General Txn,DEBIT,957.52,79018.04,General
C8,25-09-2024,NEFT/TCS SALARY,CREDIT,60000,83316.05,Salary
C8,25-09-2024,UPI/General Txn,DEBIT,2272.58,41581.02,General
C8,25-09-2024,NEFT/WIPRO SALARY,CREDIT,50000,36769.34,Salary
C8,25-09-2024,UPI/General Txn,DEBIT,1051.61,48244.19,General
C8,25-09-2024,UPI/General Txn,DEBIT,1496.7,2857.54,General
C8,26-09-2024,UPI/General Txn,DEBIT,3111.16,73995.06,General
C8,26-09-2024,UPI/General Txn,DEBIT,513.57,25315.42,General
C8,26-09-2024,UPI/General Txn,DEBIT,3838.78,14312.41,General
C8,26-09-2024,UPI/General Txn,CREDIT,1559.61,10270.97,General
C8,26-09-2024,UPI/General Txn,DEBIT,4753.22,38849.83,General
C8,26-09-2024,UPI/General Txn,DEBIT,128.37,42567.33,General
C8,26-09-2024,UPI/General Txn,DEBIT,204.21,46678.96,General
C8,26-09-2024,UPI/General Txn,CREDIT,3329.47,40597.45,General
C8,26-09-2024,UPI/General Txn,CREDIT,2061.14,83264.39,General
C8,27-09-2024,UPI/General Txn,CREDIT,2422.61,87160.53,General
C8,27-09-2024,UPI/General Txn,DEBIT,2015.52,71162.44,General
C8,27-09-2024,UPI/General Txn,CREDIT,3594.82,2022.01,General
C8,27-09-2024,UPI/General Txn,DEBIT,2904.97,46839.85,General
C8,27-09-2024,UPI/General Txn,CREDIT,1079.44,9923.04,General
C8,27-09-2024,UPI/General Txn,DEBIT,4148.2,85881.58,General
C8,27-09-2024,UPI/General Txn,DEBIT,3399.15,98320.84,General
C8,27-09-2024,UPI/General Txn,CREDIT,4441.69,12351.95,General
C8,28-09-2024,UPI/General Txn,DEBIT,1368.98,96534.76,General
C8,28-09-2024,UPI/General Txn,DEBIT,1568.38,71826.2,General
C8,28-09-2024,UPI/General Txn,CREDIT,2006.54,90092.89,General
C8,28-09-2024,UPI/General Txn,DEBIT,1509.76,46516.9,General
C8,28-09-2024,UPI/General Txn,CREDIT,2373.22,52812.53,General
C8,28-09-2024,UPI/General Txn,CREDIT,2435.38,89535.26,General
C8,28-09-2024,UPI/General Txn,CREDIT,3785.05,86006.65,General
C8,28-09-2024,UPI/General Txn,CREDIT,1121.3,60836.11,General
C8,28-09-2024,UPI/General Txn,DEBIT,982.3,82060.16,General
C8,28-09-2024,UPI/General Txn,DEBIT,4412,47864.77,General
C8,28-09-2024,UPI/General Txn,DEBIT,4305.91,51648.11,General
C8,28-09-2024,UPI/General Txn,DEBIT,2262.76,83753.45,General
C8,29-09-2024,UPI/General Txn,DEBIT,3136.64,18071.12,General
C8,29-09-2024,UPI/General Txn,DEBIT,3516.93,88338.28,General
C8,29-09-2024,UPI/General Txn,DEBIT,1506.45,45084.34,General
C8,29-09-2024,UPI/General Txn,CREDIT,1406.38,8699.17,General
C8,29-09-2024,UPI/General Txn,DEBIT,2531.43,27598.16,General
C8,29-09-2024,UPI/General Txn,CREDIT,2199.16,79816.93,General
C8,29-09-2024,UPI/General Txn,CREDIT,2554.82,57687.35,General
C8,29-09-2024,UPI/General Txn,DEBIT,2298.31,17385.27,General
C8,29-09-2024,UPI/General Txn,CREDIT,4383.32,74790.37,General
C8,29-09-2024,UPI/General Txn,DEBIT,1954.65,42384.14,General
C8,29-09-2024,UPI/General Txn,CREDIT,2882.32,69133.23,General
C8,30-09-2024,UPI/General Txn,CREDIT,1069.51,73660.28,General
C8,30-09-2024,UPI/General Txn,DEBIT,1404.48,97946.03,General
C8,30-09-2024,UPI/General Txn,CREDIT,115.74,23486.52,General
C8,30-09-2024,UPI/General Txn,CREDIT,4384.54,48689.17,General
C8,30-09-2024,UPI/General Txn,DEBIT,4723.67,10045.65,General
C8,30-09-2024,UPI/General Txn,DEBIT,3657.95,32807.42,General
C8,30-09-2024,UPI/General Txn,DEBIT,2990.84,83687.68,General
C8,30-09-2024,UPI/General Txn,DEBIT,259.26,48218.6,General
C8,30-09-2024,UPI/General Txn,CREDIT,480.5,5941.18,General
C8,01-10-2024,UPI/General Txn,CREDIT,4247.51,73966.88,General
C8,01-10-2024,UPI/General Txn,CREDIT,1538.64,51013.69,General
C8,01-10-2024,UPI/General Txn,CREDIT,4541.99,28304.93,General
C8,01-10-2024,UPI/General Txn,CREDIT,2339.48,73046.4,General
C8,01-10-2024,UPI/General Txn,CREDIT,503.54,84480.89,General
C8,01-10-2024,UPI/General Txn,CREDIT,4818.79,87968.56,General
C8,01-10-2024,UPI/General Txn,CREDIT,1356.4,85058.89,General
C8,01-10-2024,UPI/General Txn,CREDIT,743.73,75746.82,General
C8,01-10-2024,UPI/General Txn,DEBIT,2080.25,37406.56,General
C8,01-10-2024,UPI/General Txn,DEBIT,1554.98,52427.25,General
C8,01-10-2024,UPI/General Txn,DEBIT,4100.73,93899.86,General
C8,02-10-2024,UPI/General Txn,DEBIT,2318.78,58109.6,General
C8,02-10-2024,UPI/General Txn,CREDIT,638.98,34117.63,General
C8,02-10-2024,UPI/General Txn,CREDIT,3517.77,3022.95,General
C8,02-10-2024,UPI/General Txn,CREDIT,4883.84,41777.85,General
C8,02-10-2024,UPI/General Txn,DEBIT,4423.28,34408.63,General
C8,02-10-2024,UPI/General Txn,DEBIT,278.87,44976.5,General
C8,02-10-2024,UPI/General Txn,DEBIT,4582.75,21916.13,General
C8,02-10-2024,UPI/General Txn,CREDIT,2042.15,66921.32,General
C8,02-10-2024,UPI/General Txn,CREDIT,209.04,47629.32,General
C8,03-10-2024,UPI/General Txn,DEBIT,2785.17,19120.6,General
C8,03-10-2024,UPI/General Txn,CREDIT,998.71,88897.4,General
C8,03-10-2024,UPI/General Txn,CREDIT,2429.34,77834.05,General
C8,03-10-2024,UPI/General Txn,CREDIT,3110.11,51300.44,General
C8,03-10-2024,UPI/General Txn,CREDIT,2584.63,22584.97,General
C8,03-10-2024,UPI/General Txn,DEBIT,3823.64,39333.87,General
C8,03-10-2024,UPI/General Txn,CREDIT,3782.01,21230.68,General
C8,03-10-2024,UPI/General Txn,DEBIT,3430.71,69941.18,General
C8,04-10-2024,UPI/General Txn,CREDIT,4355.44,98753.73,General
C8,04-10-2024,UPI/General Txn,CREDIT,217.94,80083.18,General
C8,04-10-2024,UPI/General Txn,DEBIT,3224.63,84540.41,General
C8,04-10-2024,UPI/General Txn,DEBIT,3220.32,14760.89,General
C8,04-10-2024,UPI/General Txn,CREDIT,677.95,6809.59,General
C8,04-10-2024,UPI/General Txn,CREDIT,3274.77,76734.43,General
C8,04-10-2024,UPI/General Txn,CREDIT,3847.73,68596.6,General
C8,04-10-2024,UPI/General Txn,CREDIT,2269.63,39684.66,General
C8,04-10-2024,UPI/General Txn,DEBIT,1015.41,76491.12,General
C8,04-10-2024,UPI/General Txn,DEBIT,2070.87,58210.16,General
C8,04-10-2024,UPI/General Txn,DEBIT,4814.57,47982.09,General
C8,04-10-2024,UPI/General Txn,DEBIT,4723.18,76907.03,General
C8,05-10-2024,UPI/General Txn,DEBIT,4212.6,67617.49,General
C8,05-10-2024,UPI/General Txn,DEBIT,2876.59,49563.27,General
C8,05-10-2024,UPI/General Txn,CREDIT,2853.08,70540.36,General
C8,05-10-2024,UPI/General Txn,DEBIT,4832.3,77488.89,General
C8,05-10-2024,UPI/General Txn,DEBIT,1243.56,46296.57,General
C8,05-10-2024,UPI/General Txn,DEBIT,4580.66,53855.45,General
C8,05-10-2024,UPI/General Txn,CREDIT,4129.56,61463.85,General
C8,05-10-2024,UPI/General Txn,CREDIT,940.92,16615.77,General
C8,05-10-2024,UPI/General Txn,DEBIT,1110.61,97275.14,General
C8,05-10-2024,UPI/General Txn,DEBIT,526.78,95806.49,General
C8,05-10-2024,UPI/General Txn,DEBIT,1582.19,12182.52,General
C8,05-10-2024,UPI/General Txn,CREDIT,1858.08,45514.47,General
C8,06-10-2024,UPI/General Txn,DEBIT,3034.19,62076.09,General
C8,06-10-2024,UPI/General Txn,CREDIT,4115.68,19795.24,General
C8,06-10-2024,UPI/General Txn,DEBIT,1902.54,95900.41,General
C8,06-10-2024,UPI/General Txn,CREDIT,1430.62,66210.21,General
C8,06-10-2024,UPI/General Txn,DEBIT,1302.25,70040.1,General
C8,06-10-2024,UPI/General Txn,DEBIT,3935.77,47124.93,General
C8,06-10-2024,UPI/General Txn,CREDIT,2740.01,47676.12,General
C8,06-10-2024,UPI/General Txn,DEBIT,4314.16,39250.1,General
C8,06-10-2024,UPI/General Txn,CREDIT,1946.84,66669.04,General
C8,06-10-2024,UPI/General Txn,CREDIT,3421.22,88419.79,General
C8,06-10-2024,UPI/General Txn,DEBIT,2685.75,11192.66,General
C8,07-10-2024,UPI/General Txn,DEBIT,4424.17,90224,General
C8,07-10-2024,UPI/General Txn,DEBIT,3304.84,33528.19,General
C8,07-10-2024,UPI/General Txn,CREDIT,1078.59,77696.36,General
C8,07-10-2024,UPI/General Txn,DEBIT,660.74,93754.66,General
C8,07-10-2024,UPI/General Txn,CREDIT,4888.9,63450.27,General
C8,07-10-2024,UPI/General Txn,DEBIT,308.4,21155.12,General
C8,07-10-2024,UPI/General Txn,DEBIT,2614.57,52240.56,General
C8,07-10-2024,UPI/General Txn,DEBIT,4501.45,45971.9,General
C8,07-10-2024,UPI/General Txn,DEBIT,2070.34,60463.19,General
C8,07-10-2024,UPI/General Txn,DEBIT,2131.63,65476.92,General
C8,08-10-2024,UPI/General Txn,CREDIT,4181.33,75474.33,General
C8,08-10-2024,UPI/General Txn,DEBIT,247.93,46306.68,General
C8,08-10-2024,UPI/General Txn,CREDIT,2630.07,95189.54,General
C8,08-10-2024,UPI/General Txn,CREDIT,1000.87,63503.24,General
C8,08-10-2024,UPI/General Txn,CREDIT,535.2,54443.85,General
C8,08-10-2024,UPI/General Txn,DEBIT,2172.61,72204,General
C8,08-10-2024,UPI/General Txn,CREDIT,4434.34,85999.38,General
C8,08-10-2024,UPI/General Txn,CREDIT,940.3,41208.31,General
C8,08-10-2024,UPI/General Txn,DEBIT,748.92,53507.99,General
C8,08-10-2024,UPI/General Txn,DEBIT,4219.29,62865.14,General
C8,09-10-2024,UPI/General Txn,DEBIT,378.41,99432.27,General
C8,09-10-2024,UPI/General Txn,CREDIT,2164.27,28780.49,General
C8,09-10-2024,UPI/General Txn,CREDIT,1169.88,63391.19,General
C8,09-10-2024,UPI/General Txn,CREDIT,1001.01,34066.78,General
C8,09-10-2024,UPI/General Txn,CREDIT,2657.41,90099.04,General
C8,09-10-2024,UPI/General Txn,DEBIT,497.99,73842.69,General
C8,09-10-2024,UPI/General Txn,DEBIT,1546.65,30527.4,General
C8,09-10-2024,UPI/General Txn,CREDIT,3322.38,22280.01,General
C8,09-10-2024,UPI/General Txn,DEBIT,3023.69,93940.01,General
C8,09-10-2024,UPI/General Txn,DEBIT,865.43,46394.41,General
C8,09-10-2024,UPI/General Txn,DEBIT,1318.36,55580.65,General
C8,10-10-2024,UPI/General Txn,CREDIT,2892.39,82468.89,General
C8,10-10-2024,UPI/General Txn,DEBIT,4641.54,25742.63,General
C8,10-10-2024,UPI/General Txn,CREDIT,1945.94,1076.15,General
C8,10-10-2024,UPI/General Txn,CREDIT,4599.62,24986.02,General
C8,10-10-2024,UPI/General Txn,CREDIT,1659.4,5160.84,General
C8,10-10-2024,UPI/General Txn,CREDIT,1838.81,26328.38,General
C8,10-10-2024,UPI/General Txn,CREDIT,3794.11,79187.51,General
C8,10-10-2024,UPI/General Txn,CREDIT,3916.53,68287.3,General
C8,10-10-2024,UPI/General Txn,CREDIT,4857.4,82879.84,General
C8,10-10-2024,UPI/General Txn,DEBIT,1432.69,12766.79,General
C8,11-10-2024,UPI/General Txn,CREDIT,2313.67,25628.2,General
C8,11-10-2024,UPI/General Txn,CREDIT,1910.25,41700.27,General
C8,11-10-2024,UPI/General Txn,DEBIT,4995.41,23851.29,General
C8,11-10-2024,UPI/General Txn,CREDIT,288.36,80872.92,General
C8,11-10-2024,UPI/General Txn,CREDIT,3061.16,29086.68,General
C8,11-10-2024,UPI/General Txn,CREDIT,461.08,58566.21,General
C8,11-10-2024,UPI/General Txn,CREDIT,2878.04,96811.27,General
C8,11-10-2024,UPI/General Txn,DEBIT,4291.07,14353.96,General
C8,11-10-2024,UPI/General Txn,CREDIT,347.44,19413.53,General
C8,11-10-2024,UPI/General Txn,DEBIT,2669.73,17412.77,General
C8,11-10-2024,UPI/General Txn,DEBIT,2112.57,2096.88,General
C8,11-10-2024,UPI/General Txn,DEBIT,2143.07,96683.34,General
C8,12-10-2024,UPI/General Txn,DEBIT,2958.69,19725.24,General
C8,12-10-2024,UPI/General Txn,DEBIT,1789.29,59210.78,General
C8,12-10-2024,UPI/General Txn,DEBIT,3712.46,22318.29,General
C8,12-10-2024,UPI/General Txn,CREDIT,3782.33,86650.97,General
C8,12-10-2024,UPI/General Txn,CREDIT,2059.1,71301.44,General
C8,12-10-2024,UPI/General Txn,DEBIT,2309.61,37844.73,General
C8,12-10-2024,UPI/General Txn,DEBIT,3926.85,30809.68,General
C8,12-10-2024,UPI/General Txn,DEBIT,1310.59,5836.72,General
C8,12-10-2024,UPI/General Txn,CREDIT,4742.88,89626.07,General
C8,12-10-2024,UPI/General Txn,DEBIT,4084.18,33409.69,General
C8,12-10-2024,UPI/General Txn,DEBIT,3055.3,97628.78,General
C8,12-10-2024,UPI/General Txn,DEBIT,3037.5,99113.17,General
C8,13-10-2024,UPI/General Txn,DEBIT,148.23,89783.68,General
C8,13-10-2024,UPI/General Txn,DEBIT,1519.01,65584.77,General
C8,13-10-2024,UPI/General Txn,CREDIT,3325.3,93064.68,General
C8,13-10-2024,UPI/General Txn,DEBIT,819.29,95701.82,General
C8,13-10-2024,UPI/General Txn,DEBIT,1594.3,85437.8,General
C8,13-10-2024,UPI/General Txn,DEBIT,4366.5,22554.99,General
C8,13-10-2024,UPI/General Txn,DEBIT,679.22,52142.03,General
C8,13-10-2024,UPI/General Txn,CREDIT,2917.07,16078.27,General
C8,13-10-2024,UPI/General Txn,CREDIT,3214.28,14107.13,General
C8,13-10-2024,UPI/General Txn,CREDIT,2998.04,64798.31,General
C8,13-10-2024,UPI/General Txn,CREDIT,4180.83,30415.15,General
C8,14-10-2024,UPI/General Txn,DEBIT,1554.57,33621.15,General
C8,14-10-2024,UPI/General Txn,DEBIT,4851.14,6505.51,General
C8,14-10-2024,UPI/General Txn,CREDIT,994.99,83333.43,General
C8,14-10-2024,UPI/General Txn,CREDIT,251.8,99339.29,General
C8,14-10-2024,UPI/General Txn,DEBIT,2197.73,62616.14,General
C8,14-10-2024,UPI/General Txn,CREDIT,1378.99,13385.13,General
C8,14-10-2024,UPI/General Txn,DEBIT,4694.69,65254.46,General
C8,14-10-2024,UPI/General Txn,CREDIT,4300.8,53860.86,General
C8,14-10-2024,UPI/General Txn,DEBIT,4408.8,47911.95,General
C8,15-10-2024,UPI/General Txn,DEBIT,1305.42,45408.42,General
C8,15-10-2024,UPI/General Txn,DEBIT,2101.61,93708.28,General
C8,15-10-2024,UPI/General Txn,CREDIT,2210.01,97838.9,General
C8,15-10-2024,UPI/General Txn,CREDIT,849.38,85107.84,General
C8,15-10-2024,UPI/General Txn,DEBIT,132.97,79744.87,General
C8,15-10-2024,UPI/General Txn,CREDIT,1606.03,12931.08,General
C8,15-10-2024,UPI/General Txn,DEBIT,900.5,96472.15,General
C8,15-10-2024,UPI/General Txn,CREDIT,3317.58,66387.14,General
C8,15-10-2024,UPI/General Txn,CREDIT,1647.17,10596.38,General
C8,15-10-2024,UPI/General Txn,CREDIT,353.97,50090.94,General
C8,16-10-2024,UPI/General Txn,CREDIT,459.05,7148.88,General
C8,16-10-2024,UPI/General Txn,DEBIT,2153.31,96633.82,General
C8,16-10-2024,UPI/General Txn,CREDIT,818.4,83499.27,General
C8,16-10-2024,UPI/General Txn,DEBIT,3746.63,59487.84,General
C8,16-10-2024,UPI/General Txn,DEBIT,2626.62,21786.75,General
C8,16-10-2024,UPI/General Txn,CREDIT,297.54,73444.48,General
C8,16-10-2024,UPI/General Txn,CREDIT,4070.79,28231.11,General
C8,16-10-2024,UPI/General Txn,DEBIT,2297.91,78193.34,General
C8,16-10-2024,UPI/General Txn,DEBIT,2517.57,44949.21,General
C8,17-10-2024,UPI/General Txn,DEBIT,2138.32,77672.22,General
C8,17-10-2024,UPI/General Txn,DEBIT,1644.54,92377.49,General
C8,17-10-2024,UPI/General Txn,CREDIT,4435.79,41940.35,General
C8,17-10-2024,UPI/General Txn,DEBIT,473.46,78856.33,General
C8,17-10-2024,UPI/General Txn,CREDIT,3186.39,9893.01,General
C8,17-10-2024,UPI/General Txn,DEBIT,3505.87,86523.92,General
C8,17-10-2024,UPI/General Txn,DEBIT,3006.14,27530.47,General
C8,17-10-2024,UPI/General Txn,CREDIT,1979.28,4666.9,General
C8,17-10-2024,UPI/General Txn,CREDIT,4088.32,51379.46,General
C8,17-10-2024,UPI/General Txn,DEBIT,1787.13,73163.06,General
C8,17-10-2024,UPI/General Txn,CREDIT,4058.03,89624.56,General
C8,17-10-2024,UPI/General Txn,CREDIT,2314.27,72113.01,General
C8,18-10-2024,UPI/General Txn,CREDIT,2022.76,25638.76,General
C8,18-10-2024,UPI/General Txn,CREDIT,3365.39,5642.21,General
C8,18-10-2024,UPI/General Txn,CREDIT,2510.29,1266.59,General
C8,18-10-2024,UPI/General Txn,DEBIT,1496.78,89333.81,General
C8,18-10-2024,UPI/General Txn,CREDIT,4025.68,32574.39,General
C8,18-10-2024,UPI/General Txn,CREDIT,1627.62,98486.49,General
C8,18-10-2024,UPI/General Txn,DEBIT,4972.86,60816.49,General
C8,18-10-2024,UPI/General Txn,DEBIT,3963.46,18642.9,General
C8,18-10-2024,UPI/General Txn,DEBIT,4040.93,68416.29,General
C8,18-10-2024,UPI/General Txn,CREDIT,2983.98,77125.6,General
C8,18-10-2024,UPI/General Txn,DEBIT,3859.18,24616.19,General
C8,18-10-2024,UPI/General Txn,CREDIT,1921.56,68764.78,General
C8,19-10-2024,UPI/General Txn,DEBIT,3178.88,66347.08,General
C8,19-10-2024,UPI/General Txn,DEBIT,2717.47,16003.62,General
C8,19-10-2024,UPI/General Txn,CREDIT,1676.31,9963.76,General
C8,19-10-2024,UPI/General Txn,CREDIT,4516.35,69512.87,General
C8,19-10-2024,UPI/General Txn,DEBIT,3575.54,86828.21,General
C8,19-10-2024,UPI/General Txn,CREDIT,3639.64,72362.46,General
C8,19-10-2024,UPI/General Txn,DEBIT,747.54,93321.52,General
C8,19-10-2024,UPI/General Txn,CREDIT,3064.02,30698.12,General
C8,19-10-2024,UPI/General Txn,DEBIT,4265.02,76446.62,General
C8,19-10-2024,UPI/General Txn,CREDIT,4218.11,5214.58,General
C8,20-10-2024,UPI/General Txn,DEBIT,2836.11,60061.51,General
C8,20-10-2024,UPI/General Txn,DEBIT,301.03,60349.03,General
C8,20-10-2024,UPI/General Txn,CREDIT,3114.15,86699.62,General
C8,20-10-2024,UPI/General Txn,DEBIT,486.42,68394.2,General
C8,20-10-2024,UPI/General Txn,CREDIT,4561.3,38478.66,General
C8,20-10-2024,UPI/General Txn,CREDIT,571.62,55800.94,General
C8,20-10-2024,UPI/General Txn,CREDIT,2848.3,17137.93,General
C8,20-10-2024,UPI/General Txn,DEBIT,2056.77,66155.82,General
C8,20-10-2024,UPI/General Txn,CREDIT,646.05,4202.51,General
C8,20-10-2024,UPI/General Txn,DEBIT,4971.56,15527.27,General
C8,20-10-2024,UPI/General Txn,CREDIT,1636.34,68133.93,General
C8,20-10-2024,UPI/General Txn,CREDIT,2432.64,36972.49,General
C8,21-10-2024,UPI/General Txn,DEBIT,1551.7,86490.78,General
C8,21-10-2024,UPI/General Txn,DEBIT,3426.59,91934.85,General
C8,21-10-2024,UPI/General Txn,DEBIT,4487.46,44935.51,General
C8,21-10-2024,UPI/General Txn,CREDIT,411.26,74843.89,General
C8,21-10-2024,UPI/General Txn,CREDIT,4132.08,73190.27,General
C8,21-10-2024,UPI/General Txn,CREDIT,2925.24,87763.52,General
C8,21-10-2024,UPI/General Txn,CREDIT,2481,99782.41,General
C8,21-10-2024,UPI/General Txn,CREDIT,748.13,18800.4,General
C8,21-10-2024,UPI/General Txn,CREDIT,1700.91,92362.06,General
C8,21-10-2024,UPI/General Txn,DEBIT,1880.18,14648.92,General
C8,22-10-2024,UPI/General Txn,CREDIT,460.99,2627.94,General
C8,22-10-2024,UPI/General Txn,CREDIT,1932.45,1587.83,General
C8,22-10-2024,UPI/General Txn,CREDIT,4543.56,5793.45,General
C8,22-10-2024,UPI/General Txn,DEBIT,4647.82,39943.7,General
C8,22-10-2024,UPI/General Txn,CREDIT,303.5,24631.89,General
C8,22-10-2024,UPI/General Txn,CREDIT,4163.25,5357.66,General
C8,22-10-2024,UPI/General Txn,DEBIT,3681.58,65050.96,General
C8,22-10-2024,UPI/General Txn,DEBIT,2201.78,62760.59,General
C8,22-10-2024,UPI/General Txn,DEBIT,2980.06,86098.53,General
C8,22-10-2024,UPI/General Txn,DEBIT,2974.54,98855.23,General
C8,22-10-2024,UPI/General Txn,DEBIT,387.64,64270.36,General
C8,23-10-2024,UPI/General Txn,DEBIT,1887.7,61222.69,General
C8,23-10-2024,UPI/General Txn,DEBIT,1760.94,76971.87,General
C8,23-10-2024,UPI/General Txn,CREDIT,2354.33,57273.95,General
C8,23-10-2024,UPI/General Txn,CREDIT,3510.96,23895.26,General
C8,23-10-2024,UPI/General Txn,DEBIT,649.36,96948.41,General
C8,23-10-2024,UPI/General Txn,CREDIT,304.13,5256.79,General
C8,23-10-2024,UPI/General Txn,CREDIT,4328.9,35532.87,General
C8,23-10-2024,UPI/General Txn,CREDIT,4092.17,93510.03,General
C8,23-10-2024,UPI/General Txn,CREDIT,3341.77,81320.71,General
C8,24-10-2024,UPI/General Txn,DEBIT,4763.91,32583.25,General
C8,24-10-2024,UPI/General Txn,CREDIT,3761.12,69655.09,General
C8,24-10-2024,UPI/General Txn,DEBIT,4636.07,51865.68,General
C8,24-10-2024,UPI/General Txn,DEBIT,709.34,63431.55,General
C8,24-10-2024,UPI/General Txn,CREDIT,691.8,35438.22,General
C8,24-10-2024,UPI/General Txn,DEBIT,1816.92,29055.96,General
C8,24-10-2024,UPI/General Txn,CREDIT,4210.94,76446.82,General
C8,24-10-2024,UPI/General Txn,CREDIT,2050.87,16533.13,General
C8,24-10-2024,UPI/General Txn,CREDIT,922.58,15791.4,General
C8,24-10-2024,UPI/General Txn,CREDIT,2517.28,6180.96,General
C8,24-10-2024,UPI/General Txn,CREDIT,3527.12,2195.09,General
C8,24-10-2024,UPI/General Txn,CREDIT,4850.59,11152.34,General
C8,25-10-2024,NEFT/INFOSYS SALARY,CREDIT,80000,4017.85,Salary
C8,25-10-2024,NEFT/TCS SALARY,CREDIT,80000,76019.17,Salary
C8,25-10-2024,NEFT/TCS SALARY,CREDIT,50000,20477.29,Salary
C8,25-10-2024,UPI/General Txn,DEBIT,4018.91,37231.28,General
C8,25-10-2024,UPI/General Txn,DEBIT,1889.31,38071.42,General
C8,25-10-2024,UPI/General Txn,DEBIT,1075.33,7717.3,General
C8,25-10-2024,UPI/General Txn,DEBIT,1228.96,42892.88,General
C8,25-10-2024,NEFT/TCS SALARY,CREDIT,60000,35339.24,Salary
C8,25-10-2024,UPI/General Txn,DEBIT,2256.18,37968.55,General
C8,25-10-2024,NEFT/TCS SALARY,CREDIT,50000,25284.2,Salary
C8,25-10-2024,NEFT/INFOSYS SALARY,CREDIT,80000,6604.83,Salary
C8,26-10-2024,UPI/General Txn,CREDIT,4846.28,22165.62,General
C8,26-10-2024,UPI/General Txn,CREDIT,3432.05,69745.26,General
C8,26-10-2024,UPI/General Txn,CREDIT,4938.82,58768.94,General
C8,26-10-2024,UPI/General Txn,CREDIT,1664.66,13187.72,General
C8,26-10-2024,UPI/General Txn,DEBIT,4674.52,76088.66,General
C8,26-10-2024,UPI/General Txn,CREDIT,4668.79,44038,General
C8,26-10-2024,UPI/General Txn,CREDIT,3743.61,84913.63,General
C8,26-10-2024,UPI/General Txn,DEBIT,2082.62,43538.83,General
C8,26-10-2024,UPI/General Txn,DEBIT,2002.88,55819.17,General
C8,26-10-2024,UPI/General Txn,CREDIT,1054.56,71634.82,General
C8,26-10-2024,UPI/General Txn,CREDIT,2524.99,40202.82,General
C8,27-10-2024,UPI/General Txn,CREDIT,1933.85,5868.43,General
C8,27-10-2024,UPI/General Txn,DEBIT,1010.1,99388.21,General
C8,27-10-2024,UPI/General Txn,CREDIT,3500.92,80327.6,General
C8,27-10-2024,UPI/General Txn,CREDIT,534.64,25191.7,General
C8,27-10-2024,UPI/General Txn,DEBIT,129.3,56802.53,General
C8,27-10-2024,UPI/General Txn,CREDIT,903.32,43816.18,General
C8,27-10-2024,UPI/General Txn,DEBIT,1285.29,85180.58,General
C8,27-10-2024,UPI/General Txn,CREDIT,803.92,22057.44,General
C8,28-10-2024,UPI/General Txn,CREDIT,1130.63,29620.49,General
C8,28-10-2024,UPI/General Txn,DEBIT,295.6,32893.84,General
C8,28-10-2024,UPI/General Txn,CREDIT,3839.12,93542.36,General
C8,28-10-2024,UPI/General Txn,CREDIT,4489.27,38230.14,General
C8,28-10-2024,UPI/General Txn,DEBIT,4311.38,26570.44,General
C8,28-10-2024,UPI/General Txn,DEBIT,2252.55,62573,General
C8,28-10-2024,UPI/General Txn,DEBIT,3574.63,72372.08,General
C8,28-10-2024,UPI/General Txn,DEBIT,4350.58,5626.68,General
C8,28-10-2024,UPI/General Txn,DEBIT,1267.66,3147.42,General
C8,29-10-2024,UPI/General Txn,DEBIT,1331.67,7460.61,General
C8,29-10-2024,UPI/General Txn,DEBIT,3122.55,76353.39,General
C8,29-10-2024,UPI/General Txn,CREDIT,958.42,30040.17,General
C8,29-10-2024,UPI/General Txn,CREDIT,1140.85,49969.76,General
C8,29-10-2024,UPI/General Txn,DEBIT,445.95,89056.34,General
C8,29-10-2024,UPI/General Txn,CREDIT,144.55,33808.54,General
C8,29-10-2024,UPI/General Txn,DEBIT,1673.3,33497.31,General
C8,29-10-2024,UPI/General Txn,CREDIT,1416.77,13556.94,General
C8,30-10-2024,UPI/General Txn,CREDIT,382.14,33037.14,General
C8,30-10-2024,UPI/General Txn,DEBIT,2885.13,20972.21,General
C8,30-10-2024,UPI/General Txn,DEBIT,4801.05,3915.99,General
C8,30-10-2024,UPI/General Txn,CREDIT,3611.44,79071.64,General
C8,30-10-2024,UPI/General Txn,DEBIT,4924.94,67670.03,General
C8,30-10-2024,UPI/General Txn,CREDIT,1003.09,99296.63,General
C8,30-10-2024,UPI/General Txn,DEBIT,3651.06,91447.48,General
C8,30-10-2024,UPI/General Txn,CREDIT,2514.54,47219.35,General
C8,30-10-2024,UPI/General Txn,DEBIT,1098.38,42002.58,General
C8,30-10-2024,UPI/General Txn,DEBIT,3657.29,95539.22,General
C8,30-10-2024,UPI/General Txn,CREDIT,2068.86,73281.21,General
C8,31-10-2024,UPI/General Txn,CREDIT,4635.01,1341.45,General
C8,31-10-2024,UPI/General Txn,DEBIT,2836.71,24565.98,General
C8,31-10-2024,UPI/General Txn,CREDIT,4008.1,61821.9,General
C8,31-10-2024,UPI/General Txn,CREDIT,930.38,14391.93,General
C8,31-10-2024,UPI/General Txn,DEBIT,1509.55,64391.01,General
C8,31-10-2024,UPI/General Txn,CREDIT,3976.32,73064.53,General
C8,31-10-2024,UPI/General Txn,CREDIT,748.15,27754.62,General
C8,31-10-2024,UPI/General Txn,CREDIT,3409.45,47851.04,General
C8,01-11-2024,UPI/General Txn,CREDIT,2581.06,45890.87,General
C8,01-11-2024,UPI/General Txn,DEBIT,774.83,84343.88,General
C8,01-11-2024,UPI/General Txn,DEBIT,2205.53,2365.55,General
C8,01-11-2024,UPI/General Txn,CREDIT,296.05,19900.12,General
C8,01-11-2024,UPI/General Txn,CREDIT,2590.95,63794.98,General
C8,01-11-2024,UPI/General Txn,CREDIT,3989.92,88420.78,General
C8,01-11-2024,UPI/General Txn,CREDIT,3997.77,73163.92,General
C8,01-11-2024,UPI/General Txn,CREDIT,1485.35,27459.31,General
C8,01-11-2024,UPI/General Txn,DEBIT,3015.56,11344.23,General
C8,01-11-2024,UPI/General Txn,CREDIT,4634.03,75107.6,General
C8,02-11-2024,UPI/General Txn,DEBIT,3569.53,26511.06,General
C8,02-11-2024,UPI/General Txn,CREDIT,4578.08,4403.79,General
C8,02-11-2024,UPI/General Txn,CREDIT,3726.45,81572.89,General
C8,02-11-2024,UPI/General Txn,CREDIT,169.61,60124.32,General
C8,02-11-2024,UPI/General Txn,DEBIT,4022.13,15149.32,General
C8,02-11-2024,UPI/General Txn,CREDIT,2143.04,30363.29,General
C8,02-11-2024,UPI/General Txn,DEBIT,725.04,97560.61,General
C8,02-11-2024,UPI/General Txn,CREDIT,1360.57,11041.5,General
C8,02-11-2024,UPI/General Txn,DEBIT,594.14,66392.76,General
C8,02-11-2024,UPI/General Txn,CREDIT,4560.12,61975.87,General
C8,02-11-2024,UPI/General Txn,CREDIT,2855.69,23569.86,General
C8,02-11-2024,UPI/General Txn,DEBIT,179.79,19062.8,General
C8,03-11-2024,UPI/General Txn,DEBIT,2240.99,14609.6,General
C8,03-11-2024,UPI/General Txn,CREDIT,1046.23,93965.64,General
C8,03-11-2024,UPI/General Txn,DEBIT,1570.84,34759.79,General
C8,03-11-2024,UPI/General Txn,CREDIT,3604.15,7357.18,General
C8,03-11-2024,UPI/General Txn,DEBIT,2615.62,90990.35,General
C8,03-11-2024,UPI/General Txn,CREDIT,730.96,53060.1,General
C8,03-11-2024,UPI/General Txn,CREDIT,2775.58,6723.05,General
C8,03-11-2024,UPI/General Txn,CREDIT,3320.6,7671.86,General
C8,03-11-2024,UPI/General Txn,CREDIT,2658.57,70055.32,General
C8,03-11-2024,UPI/General Txn,DEBIT,4938.5,70092.88,General
C8,03-11-2024,UPI/General Txn,CREDIT,1351.55,40680.59,General
C8,04-11-2024,UPI/General Txn,CREDIT,3763.21,39750.09,General
C8,04-11-2024,UPI/General Txn,CREDIT,3789.89,52016.08,General
C8,04-11-2024,UPI/General Txn,CREDIT,3464.82,57169.53,General
C8,04-11-2024,UPI/General Txn,DEBIT,4004.22,88475.81,General
C8,04-11-2024,UPI/General Txn,DEBIT,2753.73,85775.29,General
C8,04-11-2024,UPI/General Txn,CREDIT,4304.59,16262.36,General
C8,04-11-2024,UPI/General Txn,DEBIT,2035.36,6018.83,General
C8,04-11-2024,UPI/General Txn,DEBIT,2760.72,42300.9,General
C8,04-11-2024,UPI/General Txn,DEBIT,1982.54,1733.49,General
C8,04-11-2024,UPI/General Txn,CREDIT,2151.6,90185.97,General
C8,04-11-2024,UPI/General Txn,CREDIT,3689.03,95157.24,General
C8,05-11-2024,UPI/General Txn,CREDIT,2546.38,32924.9,General
C8,05-11-2024,UPI/General Txn,CREDIT,3782.88,88958.28,General
C8,05-11-2024,UPI/General Txn,DEBIT,1825.12,26221.8,General
C8,05-11-2024,UPI/General Txn,DEBIT,2211.67,1678.01,General
C8,05-11-2024,UPI/General Txn,CREDIT,1993.43,34420.27,General
C8,05-11-2024,UPI/General Txn,CREDIT,3955.79,81027.31,General
C8,05-11-2024,UPI/General Txn,CREDIT,4293.6,68646.04,General
C8,05-11-2024,UPI/General Txn,CREDIT,1851.33,38878.84,General
C8,05-11-2024,UPI/General Txn,DEBIT,1351.23,16236.72,General
C8,05-11-2024,UPI/General Txn,CREDIT,4469.69,26741.2,General
C8,06-11-2024,UPI/General Txn,CREDIT,2984.77,93362.38,General
C8,06-11-2024,UPI/General Txn,DEBIT,124.2,20957.5,General
C8,06-11-2024,UPI/General Txn,CREDIT,2092.03,2681.87,General
C8,06-11-2024,UPI/General Txn,CREDIT,3900.1,82237.64,General
C8,06-11-2024,UPI/General Txn,DEBIT,4349.59,45810.89,General
C8,06-11-2024,UPI/General Txn,CREDIT,4795.82,20204.6,General
C8,06-11-2024,UPI/General Txn,CREDIT,4421.29,81179.14,General
C8,06-11-2024,UPI/General Txn,DEBIT,1412.13,51756.76,General
C8,06-11-2024,UPI/General Txn,DEBIT,2114.94,5476.99,General
C8,06-11-2024,UPI/General Txn,DEBIT,3499.06,54515.18,General
C8,06-11-2024,UPI/General Txn,DEBIT,3705.83,4009.28,General
C8,06-11-2024,UPI/General Txn,CREDIT,3082.7,74924.05,General
C8,07-11-2024,UPI/General Txn,DEBIT,1418.66,58804.3,General
C8,07-11-2024,UPI/General Txn,DEBIT,2222.97,82543.58,General
C8,07-11-2024,UPI/General Txn,CREDIT,2430.59,86932.65,General
C8,07-11-2024,UPI/General Txn,CREDIT,4604.55,14358.02,General
C8,07-11-2024,UPI/General Txn,DEBIT,1436.41,55968.63,General
C8,07-11-2024,UPI/General Txn,CREDIT,636.63,39534.82,General
C8,07-11-2024,UPI/General Txn,DEBIT,1424.48,30583.59,General
C8,07-11-2024,UPI/General Txn,CREDIT,4580.43,21259.75,General
C8,07-11-2024,UPI/General Txn,CREDIT,3792.2,75427.42,General
C8,08-11-2024,UPI/General Txn,DEBIT,1565.86,57730.65,General
C8,08-11-2024,UPI/General Txn,DEBIT,2541.5,57730.68,General
C8,08-11-2024,UPI/General Txn,CREDIT,3416.47,58863.32,General
C8,08-11-2024,UPI/General Txn,DEBIT,3176.89,14895.23,General
C8,08-11-2024,UPI/General Txn,DEBIT,4914.7,17689.99,General
C8,08-11-2024,UPI/General Txn,CREDIT,3123.26,15566.75,General
C8,08-11-2024,UPI/General Txn,DEBIT,4372.37,80341.65,General
C8,08-11-2024,UPI/General Txn,CREDIT,4850.29,91223.41,General
C8,08-11-2024,UPI/General Txn,DEBIT,3042.28,33880.23,General
C8,08-11-2024,UPI/General Txn,DEBIT,1473.8,47395.74,General
C8,08-11-2024,UPI/General Txn,DEBIT,4237.48,5046.03,General
C8,09-11-2024,UPI/General Txn,CREDIT,2861.25,66833.8,General
C8,09-11-2024,UPI/General Txn,CREDIT,2408.71,46567.31,General
C8,09-11-2024,UPI/General Txn,DEBIT,3087.35,65974.3,General
C8,09-11-2024,UPI/General Txn,CREDIT,426.8,74043.59,General
C8,09-11-2024,UPI/General Txn,DEBIT,4967.81,20945.19,General
C8,09-11-2024,UPI/General Txn,DEBIT,2554.22,84070.81,General
C8,09-11-2024,UPI/General Txn,CREDIT,1668,69936.81,General
C8,09-11-2024,UPI/General Txn,CREDIT,4049.31,11496.1,General
C8,10-11-2024,UPI/General Txn,DEBIT,879.95,17663.21,General
C8,10-11-2024,UPI/General Txn,DEBIT,4468.35,73946.04,General
C8,10-11-2024,UPI/General Txn,CREDIT,1866.91,71926.72,General
C8,10-11-2024,UPI/General Txn,DEBIT,3808.05,46465.42,General
C8,10-11-2024,UPI/General Txn,CREDIT,4209.35,92881.09,General
C8,10-11-2024,UPI/General Txn,CREDIT,1127.96,20054.51,General
C8,10-11-2024,UPI/General Txn,CREDIT,112.19,18997.54,General
C8,10-11-2024,UPI/General Txn,DEBIT,2992.74,37781.52,General
C8,10-11-2024,UPI/General Txn,DEBIT,4910.46,47405.16,General
C8,10-11-2024,UPI/General Txn,CREDIT,2553.2,78115,General
C8,10-11-2024,UPI/General Txn,CREDIT,4443.13,82348.53,General
C8,11-11-2024,UPI/General Txn,DEBIT,1630.81,93422.85,General
C8,11-11-2024,UPI/General Txn,DEBIT,4646.47,14218.24,General
C8,11-11-2024,UPI/General Txn,DEBIT,3652.17,65722.57,General
C8,11-11-2024,UPI/General Txn,DEBIT,683.33,98088.91,General
C8,11-11-2024,UPI/General Txn,DEBIT,4431.13,47681.11,General
C8,11-11-2024,UPI/General Txn,DEBIT,4154.87,4555.24,General
C8,11-11-2024,UPI/General Txn,CREDIT,4081.5,32319.48,General
C8,11-11-2024,UPI/General Txn,CREDIT,1436.39,6507.25,General
C8,11-11-2024,UPI/General Txn,CREDIT,4454,81182.06,General
C8,11-11-2024,UPI/General Txn,CREDIT,4923.71,70623.43,General
C8,11-11-2024,UPI/General Txn,CREDIT,445.95,42651.21,General
C8,11-11-2024,UPI/General Txn,DEBIT,1638.4,59741.49,General
C8,12-11-2024,UPI/General Txn,DEBIT,4945.28,84456.3,General
C8,12-11-2024,UPI/General Txn,CREDIT,3769.84,51904.65,General
C8,12-11-2024,UPI/General Txn,DEBIT,1828.44,32720.15,General
C8,12-11-2024,UPI/General Txn,CREDIT,3052.39,37589.79,General
C8,12-11-2024,UPI/General Txn,CREDIT,4939.07,17597.18,General
C8,12-11-2024,UPI/General Txn,DEBIT,4151.19,51047.27,General
C8,12-11-2024,UPI/General Txn,CREDIT,2797.42,41691.47,General
C8,12-11-2024,UPI/General Txn,DEBIT,2673.11,95989,General
C8,13-11-2024,UPI/General Txn,DEBIT,2053.11,24541.74,General
C8,13-11-2024,UPI/General Txn,DEBIT,2055.83,18860.26,General
C8,13-11-2024,UPI/General Txn,DEBIT,4684.71,63571.45,General
C8,13-11-2024,UPI/General Txn,DEBIT,1735.32,55171.02,General
C8,13-11-2024,UPI/General Txn,DEBIT,4055.67,16313.94,General
C8,13-11-2024,UPI/General Txn,CREDIT,2878.65,84886.12,General
C8,13-11-2024,UPI/General Txn,DEBIT,3942.28,51563.61,General
C8,13-11-2024,UPI/General Txn,DEBIT,755.69,65236.74,General
C8,13-11-2024,UPI/General Txn,CREDIT,2493.43,39414.37,General
C8,13-11-2024,UPI/General Txn,DEBIT,3826.08,87434.56,General
C8,13-11-2024,UPI/General Txn,DEBIT,330.67,22725.16,General
C8,14-11-2024,UPI/General Txn,DEBIT,2988.45,39374.6,General
C8,14-11-2024,UPI/General Txn,DEBIT,3072.81,23166.47,General
C8,14-11-2024,UPI/General Txn,CREDIT,4535.92,66473.94,General
C8,14-11-2024,UPI/General Txn,CREDIT,3076.61,92210.7,General
C8,14-11-2024,UPI/General Txn,CREDIT,1288.79,5379.63,General
C8,14-11-2024,UPI/General Txn,CREDIT,2505.07,51592.22,General
C8,14-11-2024,UPI/General Txn,DEBIT,2127.45,99657.83,General
C8,14-11-2024,UPI/General Txn,CREDIT,1035.94,69361.18,General
C8,14-11-2024,UPI/General Txn,CREDIT,165.02,44783.66,General
C8,15-11-2024,UPI/General Txn,DEBIT,3853.12,10914.85,General
C8,15-11-2024,UPI/General Txn,DEBIT,1713.42,68453.21,General
C8,15-11-2024,UPI/General Txn,CREDIT,3861.4,67935.8,General
C8,15-11-2024,UPI/General Txn,DEBIT,260.4,64727.04,General
C8,15-11-2024,UPI/General Txn,DEBIT,2671.51,52141.25,General
C8,15-11-2024,UPI/General Txn,CREDIT,3583.45,27077.34,General
C8,15-11-2024,UPI/General Txn,DEBIT,1624.78,11362.39,General
C8,15-11-2024,UPI/General Txn,DEBIT,474.11,31548.31,General
C8,16-11-2024,UPI/General Txn,DEBIT,4759.77,75501.73,General
C8,16-11-2024,UPI/General Txn,CREDIT,4687.42,85232.35,General
C8,16-11-2024,UPI/General Txn,CREDIT,1072.42,12269.25,General
C8,16-11-2024,UPI/General Txn,CREDIT,3176.15,82094.41,General
C8,16-11-2024,UPI/General Txn,DEBIT,3904.58,74621.8,General
C8,16-11-2024,UPI/General Txn,CREDIT,2955.62,87955.8,General
C8,16-11-2024,UPI/General Txn,CREDIT,2306.64,54234.96,General
C8,16-11-2024,UPI/General Txn,DEBIT,4381.18,23979.96,General
C8,16-11-2024,UPI/General Txn,CREDIT,4870.26,36358.89,General
C8,16-11-2024,UPI/General Txn,CREDIT,2610.65,41789.36,General
C8,16-11-2024,UPI/General Txn,CREDIT,2417.84,3449.23,General
C8,17-11-2024,UPI/General Txn,CREDIT,4115.07,72837.29,General
C8,17-11-2024,UPI/General Txn,CREDIT,2193.64,81625.95,General
C8,17-11-2024,UPI/General Txn,DEBIT,425.33,93825.54,General
C8,17-11-2024,UPI/General Txn,CREDIT,3104.46,22644.35,General
C8,17-11-2024,UPI/General Txn,DEBIT,2543.18,86991.8,General
C8,17-11-2024,UPI/General Txn,CREDIT,1839.83,37239.1,General
C8,17-11-2024,UPI/General Txn,DEBIT,3561.45,60540.58,General
C8,17-11-2024,UPI/General Txn,DEBIT,3546.17,66592.09,General
C8,17-11-2024,UPI/General Txn,CREDIT,1244.25,96211.46,General
C8,18-11-2024,UPI/General Txn,DEBIT,3582.28,56928.55,General
C8,18-11-2024,UPI/General Txn,CREDIT,534.77,92254.9,General
C8,18-11-2024,UPI/General Txn,DEBIT,3343.26,99597.05,General
C8,18-11-2024,UPI/General Txn,DEBIT,1211.17,30708.5,General
C8,18-11-2024,UPI/General Txn,CREDIT,1941.98,7828.28,General
C8,18-11-2024,UPI/General Txn,CREDIT,1800.1,54216.87,General
C8,18-11-2024,UPI/General Txn,CREDIT,2957.08,3372.63,General
C8,18-11-2024,UPI/General Txn,DEBIT,2386.16,30689.22,General
C8,18-11-2024,UPI/General Txn,CREDIT,3994.07,71192.88,General
C8,19-11-2024,UPI/General Txn,DEBIT,965.76,35192.31,General
C8,19-11-2024,UPI/General Txn,CREDIT,3197.73,54932.17,General
C8,19-11-2024,UPI/General Txn,CREDIT,3286.48,27505.74,General
C8,19-11-2024,UPI/General Txn,DEBIT,4666.27,43044.78,General
C8,19-11-2024,UPI/General Txn,CREDIT,2265.57,2299.67,General
C8,19-11-2024,UPI/General Txn,DEBIT,891.65,8615.33,General
C8,19-11-2024,UPI/General Txn,CREDIT,3355.58,56889.86,General
C8,19-11-2024,UPI/General Txn,CREDIT,451.85,89232.79,General
C8,19-11-2024,UPI/General Txn,CREDIT,584.52,83939.94,General
C8,19-11-2024,UPI/General Txn,CREDIT,3371.47,70206,General
C8,19-11-2024,UPI/General Txn,CREDIT,387.01,81912.54,General
C8,20-11-2024,UPI/General Txn,CREDIT,3500.57,29492.35,General
C8,20-11-2024,UPI/General Txn,DEBIT,3706.13,59557.64,General
C8,20-11-2024,UPI/General Txn,DEBIT,3622.93,54065.44,General
C8,20-11-2024,UPI/General Txn,DEBIT,1514.22,97138.25,General
C8,20-11-2024,UPI/General Txn,DEBIT,3876.19,81378.87,General
C8,20-11-2024,UPI/General Txn,CREDIT,2181.29,96955.2,General
C8,20-11-2024,UPI/General Txn,CREDIT,3770.6,71000.94,General
C8,20-11-2024,UPI/General Txn,DEBIT,1017.11,42146,General
C8,20-11-2024,UPI/General Txn,DEBIT,2316.86,60378.54,General
C8,21-11-2024,UPI/General Txn,CREDIT,4950.74,44115.23,General
C8,21-11-2024,UPI/General Txn,DEBIT,482,99740.81,General
C8,21-11-2024,UPI/General Txn,DEBIT,3758.37,28510.6,General
C8,21-11-2024,UPI/General Txn,DEBIT,4075.41,14308.3,General
C8,21-11-2024,UPI/General Txn,DEBIT,4260.25,14230.31,General
C8,21-11-2024,UPI/General Txn,DEBIT,3524.85,27597.82,General
C8,21-11-2024,UPI/General Txn,DEBIT,2983.08,8164.68,General
C8,21-11-2024,UPI/General Txn,CREDIT,4943.98,97222.98,General
C8,21-11-2024,UPI/General Txn,CREDIT,2813.26,49333.99,General
C8,21-11-2024,UPI/General Txn,DEBIT,3124.27,10284.95,General
C8,21-11-2024,UPI/General Txn,DEBIT,4334.8,33412.39,General
C8,22-11-2024,UPI/General Txn,CREDIT,1452.78,12909.47,General
C8,22-11-2024,UPI/General Txn,DEBIT,1539.45,21917.59,General
C8,22-11-2024,UPI/General Txn,CREDIT,3906.63,7204.04,General
C8,22-11-2024,UPI/General Txn,CREDIT,1589.82,90888.6,General
C8,22-11-2024,UPI/General Txn,CREDIT,2227.98,14871.14,General
C8,22-11-2024,UPI/General Txn,DEBIT,4064.12,11894.32,General
C8,22-11-2024,UPI/General Txn,CREDIT,1980.28,75409.18,General
C8,22-11-2024,UPI/General Txn,DEBIT,1960.09,57193.55,General
C8,22-11-2024,UPI/General Txn,CREDIT,3933.24,73771.35,General
C8,22-11-2024,UPI/General Txn,CREDIT,3249.94,36245.49,General
C8,23-11-2024,UPI/General Txn,CREDIT,3232.86,68845.6,General
C8,23-11-2024,UPI/General Txn,CREDIT,1940.58,81377.39,General
C8,23-11-2024,UPI/General Txn,DEBIT,1563.29,3606.26,General
C8,23-11-2024,UPI/General Txn,CREDIT,4643.74,1245.53,General
C8,23-11-2024,UPI/General Txn,CREDIT,976.61,34984.23,General
C8,23-11-2024,UPI/General Txn,DEBIT,3670.18,83342.61,General
C8,23-11-2024,UPI/General Txn,CREDIT,3930.8,78169.27,General
C8,23-11-2024,UPI/General Txn,CREDIT,4634.26,87625.48,General
C8,23-11-2024,UPI/General Txn,DEBIT,2056.72,18876.23,General
C8,24-11-2024,UPI/General Txn,DEBIT,1220.6,30768.32,General
C8,24-11-2024,UPI/General Txn,DEBIT,3799.64,7544.36,General
C8,24-11-2024,UPI/General Txn,CREDIT,4633.24,38419.08,General
C8,24-11-2024,UPI/General Txn,DEBIT,3720.79,38005.35,General
C8,24-11-2024,UPI/General Txn,DEBIT,2462.79,15732.87,General
C8,24-11-2024,UPI/General Txn,CREDIT,554.7,69971.55,General
C8,24-11-2024,UPI/General Txn,CREDIT,2982.97,59374.9,General
C8,24-11-2024,UPI/General Txn,DEBIT,1652.39,14267.3,General
C8,24-11-2024,UPI/General Txn,CREDIT,3472.2,2382.44,General
C8,24-11-2024,UPI/General Txn,DEBIT,1678.93,44640.41,General
C8,24-11-2024,UPI/General Txn,CREDIT,3288.09,10381.1,General
C8,24-11-2024,UPI/General Txn,CREDIT,1052.16,50702.8,General
C8,25-11-2024,NEFT/TCS SALARY,CREDIT,50000,31889.97,Salary
C8,25-11-2024,NEFT/TCS SALARY,CREDIT,50000,25766.89,Salary
C8,25-11-2024,NEFT/WIPRO SALARY,CREDIT,50000,11284.59,Salary
C8,25-11-2024,NEFT/TCS SALARY,CREDIT,80000,55330.47,Salary
C8,25-11-2024,NEFT/WIPRO SALARY,CREDIT,80000,32688.27,Salary
C8,25-11-2024,NEFT/TCS SALARY,CREDIT,60000,41248.07,Salary
C8,25-11-2024,UPI/General Txn,DEBIT,2784.79,15136,General
C8,25-11-2024,UPI/General Txn,DEBIT,2196.29,25194.72,General
C8,26-11-2024,UPI/General Txn,CREDIT,1924.21,18741.38,General
C8,26-11-2024,UPI/General Txn,DEBIT,3740.93,41020.19,General
C8,26-11-2024,UPI/General Txn,DEBIT,358.69,6368.75,General
C8,26-11-2024,UPI/General Txn,CREDIT,4798.79,87553.59,General
C8,26-11-2024,UPI/General Txn,CREDIT,4886.35,91085.41,General
C8,26-11-2024,UPI/General Txn,CREDIT,192.45,91635.73,General
C8,26-11-2024,UPI/General Txn,CREDIT,776.72,74349.14,General
C8,26-11-2024,UPI/General Txn,DEBIT,569.6,3703.54,General
C8,27-11-2024,UPI/General Txn,DEBIT,2453.96,32188.67,General
C8,27-11-2024,UPI/General Txn,DEBIT,1354.86,2890.24,General
C8,27-11-2024,UPI/General Txn,CREDIT,4917.21,43017.07,General
C8,27-11-2024,UPI/General Txn,DEBIT,1324.26,13743.77,General
C8,27-11-2024,UPI/General Txn,CREDIT,4279.11,4698.47,General
C8,27-11-2024,UPI/General Txn,DEBIT,4956.95,87037.03,General
C8,27-11-2024,UPI/General Txn,DEBIT,2976.82,66819.08,General
C8,27-11-2024,UPI/General Txn,CREDIT,331.24,14843.98,General
C8,27-11-2024,UPI/General Txn,DEBIT,234.9,85183.3,General
C8,27-11-2024,UPI/General Txn,DEBIT,657.97,26346.57,General
C8,27-11-2024,UPI/General Txn,DEBIT,1603.06,58011.73,General
C8,28-11-2024,UPI/General Txn,DEBIT,1216.34,36998.1,General
C8,28-11-2024,UPI/General Txn,DEBIT,2633.41,79864.1,General
C8,28-11-2024,UPI/General Txn,CREDIT,875.79,34217.97,General
C8,28-11-2024,UPI/General Txn,CREDIT,4313.6,33992.4,General
C8,28-11-2024,UPI/General Txn,DEBIT,1161.23,50559.13,General
C8,28-11-2024,UPI/General Txn,CREDIT,1562.17,61331.78,General
C8,28-11-2024,UPI/General Txn,DEBIT,2198.16,18153,General
C8,28-11-2024,UPI/General Txn,CREDIT,2959.88,43510.48,General
C8,28-11-2024,UPI/General Txn,DEBIT,1411.35,73238.57,General
C8,29-11-2024,UPI/General Txn,DEBIT,4758.7,44289.28,General
C8,29-11-2024,UPI/General Txn,CREDIT,2323.7,62885.14,General
C8,29-11-2024,UPI/General Txn,DEBIT,4348.15,28396.06,General
C8,29-11-2024,UPI/General Txn,CREDIT,2906.96,18557.35,General
C8,29-11-2024,UPI/General Txn,DEBIT,2412.3,36264.93,General
C8,29-11-2024,UPI/General Txn,DEBIT,4190.71,34126.23,General
C8,29-11-2024,UPI/General Txn,CREDIT,970.06,98201.81,General
C8,29-11-2024,UPI/General Txn,CREDIT,2080.99,56709.33,General
C8,29-11-2024,UPI/General Txn,CREDIT,425.04,76639.03,General
C8,29-11-2024,UPI/General Txn,DEBIT,2011.42,37603.46,General
C8,29-11-2024,UPI/General Txn,DEBIT,1306.81,62339.26,General
C8,29-11-2024,UPI/General Txn,CREDIT,2141.12,11417.41,General
C8,30-11-2024,UPI/General Txn,CREDIT,3935.51,22698.37,General
C8,30-11-2024,UPI/General Txn,CREDIT,2081.17,16766.14,General
C8,30-11-2024,UPI/General Txn,CREDIT,4402.97,92456.59,General
C8,30-11-2024,UPI/General Txn,CREDIT,2029.65,67025.41,General
C8,30-11-2024,UPI/General Txn,CREDIT,1756.51,13600.9,General
C8,30-11-2024,UPI/General Txn,CREDIT,3205.57,75045.83,General
C8,30-11-2024,UPI/General Txn,DEBIT,855.07,87865.54,General
C8,30-11-2024,UPI/General Txn,CREDIT,3564.66,49891.56,General
C8,30-11-2024,UPI/General Txn,CREDIT,3002.71,11222.52,General
C8,30-11-2024,UPI/General Txn,DEBIT,2426.62,64454.41,General
C8,30-11-2024,UPI/General Txn,CREDIT,4330.72,95139.31,General
C9,01-09-2024,UPI/General Txn,CREDIT,4662.98,27873.89,General
C9,01-09-2024,UPI/General Txn,CREDIT,4706.91,41671.6,General
C9,01-09-2024,UPI/General Txn,CREDIT,1709.77,25388.75,General
C9,01-09-2024,UPI/General Txn,CREDIT,2930.98,78694.43,General
C9,01-09-2024,UPI/General Txn,DEBIT,2027.15,30307.47,General
C9,01-09-2024,UPI/General Txn,DEBIT,2404.91,61975.2,General
C9,01-09-2024,UPI/General Txn,DEBIT,3785.05,42112.78,General
C9,01-09-2024,UPI/General Txn,DEBIT,1836.97,67707.27,General
C9,01-09-2024,UPI/General Txn,DEBIT,2550.46,39971.49,General
C9,01-09-2024,UPI/General Txn,DEBIT,3929.9,69769.18,General
C9,01-09-2024,UPI/General Txn,DEBIT,533.08,3289.02,General
C9,01-09-2024,UPI/General Txn,CREDIT,4051.37,13949.07,General
C9,02-09-2024,UPI/General Txn,DEBIT,2410.5,77726.54,General
C9,02-09-2024,UPI/General Txn,DEBIT,3889.01,28113.1,General
C9,02-09-2024,UPI/General Txn,CREDIT,3106.37,95933.66,General
C9,02-09-2024,UPI/General Txn,DEBIT,4528.8,56037.26,General
C9,02-09-2024,UPI/General Txn,CREDIT,785.7,57810.24,General
C9,02-09-2024,UPI/General Txn,DEBIT,677.34,97925.53,General
C9,02-09-2024,UPI/General Txn,DEBIT,2051.34,59623.17,General
C9,02-09-2024,UPI/General Txn,CREDIT,1559.47,40289.2,General
C9,03-09-2024,UPI/General Txn,DEBIT,3247.98,75117.86,General
C9,03-09-2024,UPI/General Txn,DEBIT,4958.33,39471.44,General
C9,03-09-2024,UPI/General Txn,CREDIT,3542.4,75314.61,General
C9,03-09-2024,UPI/General Txn,DEBIT,1105.06,60186.94,General
C9,03-09-2024,UPI/General Txn,CREDIT,2354.05,2123.47,General
C9,03-09-2024,UPI/General Txn,CREDIT,2037.52,51057.08,General
C9,03-09-2024,UPI/General Txn,DEBIT,3358.22,18970.68,General
C9,03-09-2024,UPI/General Txn,CREDIT,2126.7,72141.92,General
C9,03-09-2024,UPI/General Txn,DEBIT,2879.07,62421.77,General
C9,03-09-2024,UPI/General Txn,DEBIT,2312.34,41757.7,General
C9,04-09-2024,UPI/General Txn,CREDIT,1198.56,22846.69,General
C9,04-09-2024,UPI/General Txn,DEBIT,643.59,95637.32,General
C9,04-09-2024,UPI/General Txn,CREDIT,626.44,78741.46,General
C9,04-09-2024,UPI/General Txn,DEBIT,2898.97,40733.86,General
C9,04-09-2024,UPI/General Txn,CREDIT,3620.24,73406.78,General
C9,04-09-2024,UPI/General Txn,DEBIT,266.05,20274.05,General
C9,04-09-2024,UPI/General Txn,CREDIT,1234.96,22328.97,General
C9,04-09-2024,UPI/General Txn,CREDIT,4596.45,83489.85,General
C9,04-09-2024,UPI/General Txn,DEBIT,3318.28,95742.75,General
C9,04-09-2024,UPI/General Txn,DEBIT,1440.8,28863.24,General
C9,04-09-2024,UPI/General Txn,CREDIT,4145.07,9772.48,General
C9,04-09-2024,UPI/General Txn,DEBIT,404.17,86632.55,General
C9,05-09-2024,UPI/General Txn,DEBIT,3042.43,8317.43,General
C9,05-09-2024,UPI/General Txn,DEBIT,1330.12,11269.22,General
C9,05-09-2024,UPI/General Txn,CREDIT,151.07,58255.85,General
C9,05-09-2024,UPI/General Txn,DEBIT,3580.85,77394.25,General
C9,05-09-2024,UPI/General Txn,CREDIT,333.05,65959.56,General
C9,05-09-2024,UPI/General Txn,DEBIT,4621.23,15901.69,General
C9,05-09-2024,UPI/General Txn,CREDIT,2852.92,85468.36,General
C9,05-09-2024,UPI/General Txn,CREDIT,4636.57,91681.88,General
C9,05-09-2024,UPI/General Txn,DEBIT,4996.33,87740.93,General
C9,05-09-2024,UPI/General Txn,DEBIT,3050.89,29905.83,General
C9,05-09-2024,UPI/General Txn,DEBIT,697.77,26523.88,General
C9,06-09-2024,UPI/General Txn,CREDIT,1581.58,88927.36,General
C9,06-09-2024,UPI/General Txn,DEBIT,4982.42,32605.9,General
C9,06-09-2024,UPI/General Txn,DEBIT,465.97,69840.54,General
C9,06-09-2024,UPI/General Txn,DEBIT,2870.82,49080.68,General
C9,06-09-2024,UPI/General Txn,DEBIT,4702.14,21335.48,General
C9,06-09-2024,UPI/General Txn,DEBIT,2763.37,8903.91,General
C9,06-09-2024,UPI/General Txn,DEBIT,3957.3,85666.06,General
C9,06-09-2024,UPI/General Txn,CREDIT,4430.42,12484.61,General
C9,06-09-2024,UPI/General Txn,DEBIT,4396.83,58713.71,General
C9,06-09-2024,UPI/General Txn,DEBIT,1616.24,99639.52,General
C9,07-09-2024,UPI/General Txn,DEBIT,4540.44,16995.63,General
C9,07-09-2024,UPI/General Txn,DEBIT,4670.98,29643.49,General
C9,07-09-2024,UPI/General Txn,CREDIT,684.23,85257.35,General
C9,07-09-2024,UPI/General Txn,DEBIT,1565.46,90955.26,General
C9,07-09-2024,UPI/General Txn,DEBIT,4676.04,77488.1,General
C9,07-09-2024,UPI/General Txn,CREDIT,3077.1,48167.25,General
C9,07-09-2024,UPI/General Txn,CREDIT,2599.37,38675.87,General
C9,07-09-2024,UPI/General Txn,DEBIT,4314.91,60914.43,General
C9,07-09-2024,UPI/General Txn,DEBIT,1270.33,4713.41,General
C9,07-09-2024,UPI/General Txn,CREDIT,3222.05,61851.95,General
C9,08-09-2024,UPI/General Txn,CREDIT,3322.34,13089.31,General
C9,08-09-2024,UPI/General Txn,CREDIT,2930.22,17762.61,General
C9,08-09-2024,UPI/General Txn,DEBIT,3242.94,35486.76,General
C9,08-09-2024,UPI/General Txn,DEBIT,4397.19,71288.66,General
C9,08-09-2024,UPI/General Txn,CREDIT,503.77,22561.7,General
C9,08-09-2024,UPI/General Txn,CREDIT,351.86,96615.36,General
C9,08-09-2024,UPI/General Txn,DEBIT,1009.18,41245.48,General
C9,08-09-2024,UPI/General Txn,CREDIT,1341.03,34376.38,General
C9,09-09-2024,UPI/General Txn,CREDIT,959.95,74219.77,General
C9,09-09-2024,UPI/General Txn,DEBIT,4477.76,14754.14,General
C9,09-09-2024,UPI/General Txn,CREDIT,1880.09,72345.73,General
C9,09-09-2024,UPI/General Txn,CREDIT,418.52,58791.2,General
C9,09-09-2024,UPI/General Txn,CREDIT,3026.33,52539.04,General
C9,09-09-2024,UPI/General Txn,CREDIT,4583.02,43165.96,General
C9,09-09-2024,UPI/General Txn,DEBIT,3062.09,98135,General
C9,09-09-2024,UPI/General Txn,DEBIT,250.06,59493.86,General
C9,09-09-2024,UPI/General Txn,CREDIT,3180.47,43835.9,General
C9,09-09-2024,UPI/General Txn,CREDIT,1804.55,21612.51,General
C9,10-09-2024,UPI/General Txn,CREDIT,3913.65,88764.76,General
C9,10-09-2024,UPI/General Txn,DEBIT,4273.52,45377.23,General
C9,10-09-2024,UPI/General Txn,CREDIT,3649.61,16450.17,General
C9,10-09-2024,UPI/General Txn,CREDIT,2080.62,41104.27,General
C9,10-09-2024,UPI/General Txn,CREDIT,226.86,87522.51,General
C9,10-09-2024,UPI/General Txn,DEBIT,2434.41,9217.31,General
C9,10-09-2024,UPI/General Txn,CREDIT,4309.2,12011.93,General
C9,10-09-2024,UPI/General Txn,CREDIT,1190.16,51415.16,General
C9,10-09-2024,UPI/General Txn,CREDIT,4783.03,86253.44,General
C9,10-09-2024,UPI/General Txn,CREDIT,1377.32,78024.91,General
C9,11-09-2024,UPI/General Txn,DEBIT,4397.05,96873.05,General
C9,11-09-2024,UPI/General Txn,CREDIT,4904.28,41508.63,General
C9,11-09-2024,UPI/General Txn,CREDIT,3037.57,98839.27,General
C9,11-09-2024,UPI/General Txn,DEBIT,4040.61,49100.29,General
C9,11-09-2024,UPI/General Txn,DEBIT,2727.86,47699.53,General
C9,11-09-2024,UPI/General Txn,DEBIT,925.65,13049.75,General
C9,11-09-2024,UPI/General Txn,DEBIT,4363.89,14860.69,General
C9,11-09-2024,UPI/General Txn,DEBIT,799.84,18917.15,General
C9,12-09-2024,UPI/General Txn,DEBIT,859.61,54068.95,General
C9,12-09-2024,UPI/General Txn,DEBIT,2408.11,53074.87,General
C9,12-09-2024,UPI/General Txn,CREDIT,1853.79,4163.03,General
C9,12-09-2024,UPI/General Txn,DEBIT,1437.31,72902.7,General
C9,12-09-2024,UPI/General Txn,CREDIT,2815.8,60928.62,General
C9,12-09-2024,UPI/General Txn,CREDIT,667.53,89100.78,General
C9,12-09-2024,UPI/General Txn,DEBIT,598.72,93665.24,General
C9,12-09-2024,UPI/General Txn,DEBIT,1800.44,82778.22,General
C9,12-09-2024,UPI/General Txn,CREDIT,4733.89,20229.75,General
C9,12-09-2024,UPI/General Txn,CREDIT,4839.19,92836.91,General
C9,12-09-2024,UPI/General Txn,DEBIT,907.19,92430.04,General
C9,12-09-2024,UPI/General Txn,CREDIT,137.51,29637.56,General
C9,13-09-2024,UPI/General Txn,DEBIT,4786.86,60280.7,General
C9,13-09-2024,UPI/General Txn,DEBIT,2375.37,3891.85,General
C9,13-09-2024,UPI/General Txn,DEBIT,4640.51,85297.24,General
C9,13-09-2024,UPI/General Txn,CREDIT,216.28,11130.34,General
C9,13-09-2024,UPI/General Txn,CREDIT,1509.72,25015.9,General
C9,13-09-2024,UPI/General Txn,CREDIT,478.29,87287.12,General
C9,13-09-2024,UPI/General Txn,DEBIT,718.61,93053.66,General
C9,13-09-2024,UPI/General Txn,CREDIT,1386.92,56011.35,General
C9,13-09-2024,UPI/General Txn,CREDIT,4019.35,73543.63,General
C9,13-09-2024,UPI/General Txn,DEBIT,3181.16,18353.33,General
C9,14-09-2024,UPI/General Txn,DEBIT,3403.26,3234.71,General
C9,14-09-2024,UPI/General Txn,CREDIT,1187.86,50274.47,General
C9,14-09-2024,UPI/General Txn,DEBIT,4572.36,67695.17,General
C9,14-09-2024,UPI/General Txn,DEBIT,1213.99,67095.8,General
C9,14-09-2024,UPI/General Txn,CREDIT,577,25807.52,General
C9,14-09-2024,UPI/General Txn,DEBIT,4596.79,82379.91,General
C9,14-09-2024,UPI/General Txn,DEBIT,2072.24,32574.71,General
C9,14-09-2024,UPI/General Txn,CREDIT,1726.48,95824.34,General
C9,14-09-2024,UPI/General Txn,CREDIT,4583.34,59643.29,General
C9,14-09-2024,UPI/General Txn,DEBIT,1599.7,54928.39,General
C9,14-09-2024,UPI/General Txn,DEBIT,1463.46,83577.44,General
C9,14-09-2024,UPI/General Txn,CREDIT,3053.44,57077.43,General
C9,15-09-2024,UPI/General Txn,CREDIT,3478.41,89492.45,General
C9,15-09-2024,UPI/General Txn,CREDIT,2647.13,2462.5,General
C9,15-09-2024,UPI/General Txn,DEBIT,426.72,39462.22,General
C9,15-09-2024,UPI/General Txn,DEBIT,2159.86,24119.29,General
C9,15-09-2024,UPI/General Txn,CREDIT,3805.12,44961.17,General
C9,15-09-2024,UPI/General Txn,CREDIT,311.83,32516.39,General
C9,15-09-2024,UPI/General Txn,DEBIT,2276.38,92717.9,General
C9,15-09-2024,UPI/General Txn,DEBIT,2149.45,30585.25,General
C9,16-09-2024,UPI/General Txn,CREDIT,387.07,22775.25,General
C9,16-09-2024,UPI/General Txn,CREDIT,200.43,20250.68,General
C9,16-09-2024,UPI/General Txn,DEBIT,3642.14,64374.63,General
C9,16-09-2024,UPI/General Txn,CREDIT,4259.51,27665.97,General
C9,16-09-2024,UPI/General Txn,CREDIT,2353.18,86108.45,General
C9,16-09-2024,UPI/General Txn,DEBIT,983.72,53618.87,General
C9,16-09-2024,UPI/General Txn,DEBIT,3409.03,74650.72,General
C9,16-09-2024,UPI/General Txn,DEBIT,4514.68,22046.59,General
C9,16-09-2024,UPI/General Txn,DEBIT,2610.19,28116.76,General
C9,16-09-2024,UPI/General Txn,DEBIT,2326.41,31473.61,General
C9,16-09-2024,UPI/General Txn,CREDIT,3628.72,25413.45,General
C9,16-09-2024,UPI/General Txn,DEBIT,4378.22,33435.19,General
C9,17-09-2024,UPI/General Txn,CREDIT,1645.09,84738.61,General
C9,17-09-2024,UPI/General Txn,DEBIT,2966.3,39033.1,General
C9,17-09-2024,UPI/General Txn,CREDIT,4187.07,2479.68,General
C9,17-09-2024,UPI/General Txn,CREDIT,1460,45765.66,General
C9,17-09-2024,UPI/General Txn,DEBIT,1271.89,22940.7,General
C9,17-09-2024,UPI/General Txn,CREDIT,807.55,67890,General
C9,17-09-2024,UPI/General Txn,DEBIT,1526.47,93160.83,General
C9,17-09-2024,UPI/General Txn,CREDIT,4256.79,64363.56,General
C9,17-09-2024,UPI/General Txn,DEBIT,4615.95,53010.71,General
C9,17-09-2024,UPI/General Txn,CREDIT,1209.16,3005.32,General
C9,18-09-2024,UPI/General Txn,CREDIT,3064.99,19198.28,General
C9,18-09-2024,UPI/General Txn,DEBIT,4420.56,44819.56,General
C9,18-09-2024,UPI/General Txn,CREDIT,586.12,95176.57,General
C9,18-09-2024,UPI/General Txn,DEBIT,3041.17,3617.84,General
C9,18-09-2024,UPI/General Txn,CREDIT,526.36,54615.84,General
C9,18-09-2024,UPI/General Txn,DEBIT,3868.58,36559.08,General
C9,18-09-2024,UPI/General Txn,DEBIT,1279.62,90084.87,General
C9,18-09-2024,UPI/General Txn,DEBIT,1974,48009.07,General
C9,18-09-2024,UPI/General Txn,DEBIT,4953.54,40225.29,General
C9,19-09-2024,UPI/General Txn,DEBIT,4115.09,97146.47,General
C9,19-09-2024,UPI/General Txn,DEBIT,693.44,59050.57,General
C9,19-09-2024,UPI/General Txn,CREDIT,2550.55,53632.24,General
C9,19-09-2024,UPI/General Txn,CREDIT,4694.34,1751.4,General
C9,19-09-2024,UPI/General Txn,CREDIT,841,10426.75,General
C9,19-09-2024,UPI/General Txn,DEBIT,2966.69,58068.97,General
C9,19-09-2024,UPI/General Txn,DEBIT,3250.64,37993.51,General
C9,19-09-2024,UPI/General Txn,CREDIT,1205.9,9390.51,General
C9,19-09-2024,UPI/General Txn,DEBIT,402.79,64966.64,General
C9,20-09-2024,UPI/General Txn,CREDIT,3572.79,43598.4,General
C9,20-09-2024,UPI/General Txn,DEBIT,1946.24,84326.95,General
C9,20-09-2024,UPI/General Txn,CREDIT,1945.21,70301.37,General
C9,20-09-2024,UPI/General Txn,CREDIT,413.55,36035.84,General
C9,20-09-2024,UPI/General Txn,DEBIT,3038.54,72982.32,General
C9,20-09-2024,UPI/General Txn,DEBIT,2938.9,23463.55,General
C9,20-09-2024,UPI/General Txn,CREDIT,1499.71,72968.68,General
C9,20-09-2024,UPI/General Txn,DEBIT,4889.34,74547.08,General
C9,20-09-2024,UPI/General Txn,CREDIT,505.93,65438.07,General
C9,21-09-2024,UPI/General Txn,DEBIT,2380.82,29201.52,General
C9,21-09-2024,UPI/General Txn,CREDIT,1946.54,73657.77,General
C9,21-09-2024,UPI/General Txn,CREDIT,4205.55,2272.01,General
C9,21-09-2024,UPI/General Txn,CREDIT,3726.44,94553.11,General
C9,21-09-2024,UPI/General Txn,DEBIT,1828.44,92079.67,General
C9,21-09-2024,UPI/General Txn,CREDIT,3383.39,43362.91,General
C9,21-09-2024,UPI/General Txn,CREDIT,2161.53,34658.15,General
C9,21-09-2024,UPI/General Txn,CREDIT,1788.54,65162.16,General
C9,21-09-2024,UPI/General Txn,DEBIT,3822.36,13377.14,General
C9,21-09-2024,UPI/General Txn,DEBIT,3940.39,55823.66,General
C9,21-09-2024,UPI/General Txn,CREDIT,4124.7,48202.22,General
C9,22-09-2024,UPI/General Txn,DEBIT,2093.22,79918.2,General
C9,22-09-2024,UPI/General Txn,DEBIT,3162.24,14072.5,General
C9,22-09-2024,UPI/General Txn,DEBIT,439.31,39688.37,General
C9,22-09-2024,UPI/General Txn,CREDIT,3167.71,3380,General
C9,22-09-2024,UPI/General Txn,CREDIT,3183.08,63628.5,General
C9,22-09-2024,UPI/General Txn,DEBIT,1102.04,14412.84,General
C9,22-09-2024,UPI/General Txn,CREDIT,1072.27,13187.31,General
C9,22-09-2024,UPI/General Txn,DEBIT,1843.11,8089.62,General
C9,23-09-2024,UPI/General Txn,CREDIT,1954.9,65065.03,General
C9,23-09-2024,UPI/General Txn,DEBIT,1901.41,91249.87,General
C9,23-09-2024,UPI/General Txn,CREDIT,510.56,84734.51,General
C9,23-09-2024,UPI/General Txn,DEBIT,3070.74,3135.77,General
C9,23-09-2024,UPI/General Txn,DEBIT,241.7,45902.03,General
C9,23-09-2024,UPI/General Txn,DEBIT,1749.6,57409.96,General
C9,23-09-2024,UPI/General Txn,DEBIT,2735.58,87496.45,General
C9,23-09-2024,UPI/General Txn,DEBIT,3544.89,21510.73,General
C9,23-09-2024,UPI/General Txn,CREDIT,1372.3,60344.38,General
C9,24-09-2024,UPI/General Txn,CREDIT,4272.14,61647.97,General
C9,24-09-2024,UPI/General Txn,CREDIT,721.37,75741.61,General
C9,24-09-2024,UPI/General Txn,CREDIT,2723.33,11224.87,General
C9,24-09-2024,UPI/General Txn,DEBIT,3329.64,80343.29,General
C9,24-09-2024,UPI/General Txn,CREDIT,2534.97,57442.34,General
C9,24-09-2024,UPI/General Txn,CREDIT,4423.68,89656.16,General
C9,24-09-2024,UPI/General Txn,DEBIT,4604.81,5083.17,General
C9,24-09-2024,UPI/General Txn,CREDIT,581.97,67062.6,General
C9,24-09-2024,UPI/General Txn,CREDIT,248.64,80579.02,General
C9,24-09-2024,UPI/General Txn,CREDIT,901.97,39899.01,General
C9,24-09-2024,UPI/General Txn,CREDIT,1001.55,86714.07,General
C9,24-09-2024,UPI/General Txn,CREDIT,4396.44,7297.75,General
C9,25-09-2024,UPI/General Txn,CREDIT,2490.47,32276.35,General
C9,25-09-2024,UPI/General Txn,DEBIT,1792.59,49411.89,General
C9,25-09-2024,UPI/General Txn,CREDIT,4188.67,32087.52,General
C9,25-09-2024,UPI/General Txn,CREDIT,3781.72,97765.36,General
C9,25-09-2024,UPI/General Txn,CREDIT,1374.87,51619.62,General
C9,25-09-2024,UPI/General Txn,DEBIT,2984.53,17303.99,General
C9,25-09-2024,UPI/General Txn,CREDIT,4089.31,71107.62,General
C9,25-09-2024,UPI/General Txn,DEBIT,4169.26,31375.88,General
C9,25-09-2024,UPI/General Txn,CREDIT,3164.82,1575.54,General
C9,26-09-2024,UPI/General Txn,CREDIT,2935.11,33372.11,General
C9,26-09-2024,UPI/General Txn,CREDIT,2715.78,86016.08,General
C9,26-09-2024,UPI/General Txn,DEBIT,800.67,86770.43,General
C9,26-09-2024,UPI/General Txn,CREDIT,3852.99,87705.79,General
C9,26-09-2024,UPI/General Txn,DEBIT,3583.71,60130.43,General
C9,26-09-2024,UPI/General Txn,CREDIT,1233.93,70513.18,General
C9,26-09-2024,UPI/General Txn,DEBIT,3108.06,26482.66,General
C9,26-09-2024,UPI/General Txn,DEBIT,4398.95,8221.97,General
C9,26-09-2024,UPI/General Txn,CREDIT,2920.09,44271.54,General
C9,26-09-2024,UPI/General Txn,CREDIT,3934.64,90202.4,General
C9,26-09-2024,UPI/General Txn,DEBIT,1011.63,29978.03,General
C9,27-09-2024,UPI/General Txn,DEBIT,2361.2,29400.57,General
C9,27-09-2024,UPI/General Txn,CREDIT,1789.96,72580.92,General
C9,27-09-2024,UPI/General Txn,DEBIT,2371.84,37984.45,General
C9,27-09-2024,UPI/General Txn,CREDIT,4333.69,70113.33,General
C9,27-09-2024,UPI/General Txn,DEBIT,354.5,21157.57,General
C9,27-09-2024,UPI/General Txn,DEBIT,3283.68,10267.12,General
C9,27-09-2024,UPI/General Txn,DEBIT,2318.64,77642.96,General
C9,27-09-2024,UPI/General Txn,DEBIT,1046.03,69648.14,General
C9,27-09-2024,UPI/General Txn,CREDIT,4639.68,32348.96,General
C9,27-09-2024,UPI/General Txn,CREDIT,3617.06,49335.53,General
C9,27-09-2024,UPI/General Txn,CREDIT,3853.09,2163.32,General
C9,28-09-2024,UPI/General Txn,DEBIT,2094.28,67419.33,General
C9,28-09-2024,UPI/General Txn,CREDIT,4258.64,20845.66,General
C9,28-09-2024,UPI/General Txn,DEBIT,652.84,88444.8,General
C9,28-09-2024,UPI/General Txn,DEBIT,4144.66,82348.9,General
C9,28-09-2024,UPI/General Txn,CREDIT,4220.96,50834.6,General
C9,28-09-2024,UPI/General Txn,CREDIT,1415.27,81893.57,General
C9,28-09-2024,UPI/General Txn,DEBIT,3888.85,21254.68,General
C9,28-09-2024,UPI/General Txn,CREDIT,3788.42,85062.41,General
C9,28-09-2024,UPI/General Txn,CREDIT,3410.91,3271.16,General
C9,29-09-2024,UPI/General Txn,CREDIT,915.29,50377.77,General
C9,29-09-2024,UPI/General Txn,DEBIT,3726.32,70033.87,General
C9,29-09-2024,UPI/General Txn,CREDIT,1967.83,64371.38,General
C9,29-09-2024,UPI/General Txn,CREDIT,1340.65,89174.6,General
C9,29-09-2024,UPI/General Txn,DEBIT,4395.87,3378.66,General
C9,29-09-2024,UPI/General Txn,CREDIT,4928.32,28713.24,General
C9,29-09-2024,UPI/General Txn,DEBIT,3604.44,12258.74,General
C9,29-09-2024,UPI/General Txn,CREDIT,1020.21,62541.53,General
C9,29-09-2024,UPI/General Txn,DEBIT,3841.63,90901.58,General
C9,29-09-2024,UPI/General Txn,CREDIT,4659.59,5941.93,General
C9,29-09-2024,UPI/General Txn,DEBIT,3300.11,8667.08,General
C9,29-09-2024,UPI/General Txn,CREDIT,4504.72,39758.94,General
C9,30-09-2024,UPI/General Txn,DEBIT,1790.41,54548.44,General
C9,30-09-2024,UPI/General Txn,DEBIT,339.06,29298.28,General
C9,30-09-2024,UPI/General Txn,DEBIT,3226.48,28902.71,General
C9,30-09-2024,UPI/General Txn,DEBIT,1432.5,35508.52,General
C9,30-09-2024,UPI/General Txn,CREDIT,1986.31,8508.93,General
C9,30-09-2024,UPI/General Txn,CREDIT,1146.53,19902.29,General
C9,30-09-2024,UPI/General Txn,DEBIT,3208.1,28169.61,General
C9,30-09-2024,UPI/General Txn,CREDIT,3264.06,31719.14,General
C9,30-09-2024,UPI/General Txn,DEBIT,1666.62,20511.41,General
C9,30-09-2024,UPI/General Txn,DEBIT,3159.88,11207.82,General
C9,30-09-2024,UPI/General Txn,CREDIT,2076.25,38761.88,General
C9,01-10-2024,UPI/General Txn,CREDIT,638.95,55342.57,General
C9,01-10-2024,UPI/General Txn,DEBIT,276.85,16322.01,General
C9,01-10-2024,UPI/General Txn,DEBIT,2366.69,41075.05,General
C9,01-10-2024,UPI/General Txn,DEBIT,3070.92,48889.55,General
C9,01-10-2024,UPI/General Txn,DEBIT,603.87,11563.61,General
C9,01-10-2024,UPI/General Txn,CREDIT,2628.19,43005.03,General
C9,01-10-2024,UPI/General Txn,CREDIT,4014.28,12169.45,General
C9,01-10-2024,UPI/General Txn,CREDIT,2886.88,82833.57,General
C9,01-10-2024,UPI/General Txn,CREDIT,1988.36,58335.11,General
C9,01-10-2024,UPI/General Txn,DEBIT,3592.75,66735.56,General
C9,01-10-2024,UPI/General Txn,DEBIT,883.17,48172.55,General
C9,02-10-2024,UPI/General Txn,DEBIT,3625.14,33951.11,General
C9,02-10-2024,UPI/General Txn,DEBIT,4897.3,38117.47,General
C9,02-10-2024,UPI/General Txn,DEBIT,1352.36,59218.18,General
C9,02-10-2024,UPI/General Txn,CREDIT,2167.71,70853.34,General
C9,02-10-2024,UPI/General Txn,DEBIT,2772.62,37109.86,General
C9,02-10-2024,UPI/General Txn,DEBIT,1273.14,58271.74,General
C9,02-10-2024,UPI/General Txn,DEBIT,3007.01,28946.58,General
C9,02-10-2024,UPI/General Txn,DEBIT,2000.69,10332.17,General
C9,03-10-2024,UPI/General Txn,DEBIT,1742.24,7587.05,General
C9,03-10-2024,UPI/General Txn,CREDIT,1718.23,92974.02,General
C9,03-10-2024,UPI/General Txn,CREDIT,2196.01,60870.48,General
C9,03-10-2024,UPI/General Txn,DEBIT,1119.29,1639.55,General
C9,03-10-2024,UPI/General Txn,CREDIT,3964.6,21246.35,General
C9,03-10-2024,UPI/General Txn,CREDIT,4514.66,18698.18,General
C9,03-10-2024,UPI/General Txn,CREDIT,3794.35,59660.17,General
C9,03-10-2024,UPI/General Txn,DEBIT,4074.48,26249.58,General
C9,03-10-2024,UPI/General Txn,CREDIT,441.2,81289.61,General
C9,03-10-2024,UPI/General Txn,DEBIT,3579.59,32673.58,General
C9,03-10-2024,UPI/General Txn,CREDIT,4386.46,94395.39,General
C9,04-10-2024,UPI/General Txn,DEBIT,621.83,1437.4,General
C9,04-10-2024,UPI/General Txn,DEBIT,2767.41,94196.31,General
C9,04-10-2024,UPI/General Txn,CREDIT,137.5,13381.1,General
C9,04-10-2024,UPI/General Txn,DEBIT,3638.1,64251.95,General
C9,04-10-2024,UPI/General Txn,DEBIT,3851.08,56001.42,General
C9,04-10-2024,UPI/General Txn,DEBIT,3603.62,95062.97,General
C9,04-10-2024,UPI/General Txn,CREDIT,3987.45,46132.17,General
C9,04-10-2024,UPI/General Txn,DEBIT,3759.79,12966.19,General
C9,04-10-2024,UPI/General Txn,CREDIT,3823.78,14880.65,General
C9,04-10-2024,UPI/General Txn,CREDIT,728.53,65594.85,General
C9,04-10-2024,UPI/General Txn,DEBIT,4615.55,1108.57,General
C9,05-10-2024,UPI/General Txn,CREDIT,401.24,90832.6,General
C9,05-10-2024,UPI/General Txn,DEBIT,817.49,82900.75,General
C9,05-10-2024,UPI/General Txn,CREDIT,3610.01,14940.42,General
C9,05-10-2024,UPI/General Txn,CREDIT,1546.5,49397.12,General
C9,05-10-2024,UPI/General Txn,DEBIT,4453.4,35531.08,General
C9,05-10-2024,UPI/General Txn,CREDIT,3327.37,98560.11,General
C9,05-10-2024,UPI/General Txn,CREDIT,560.28,93532.88,General
C9,05-10-2024,UPI/General Txn,CREDIT,3421.49,11725.31,General
C9,05-10-2024,UPI/General Txn,CREDIT,1887.35,35636.83,General
C9,05-10-2024,UPI/General Txn,CREDIT,2053.93,41265.24,General
C9,05-10-2024,UPI/General Txn,CREDIT,299.39,52877.5,General
C9,05-10-2024,UPI/General Txn,CREDIT,1249.19,78118.89,General
C9,06-10-2024,UPI/General Txn,CREDIT,185.58,16081.57,General
C9,06-10-2024,UPI/General Txn,CREDIT,4687.23,94552.67,General
C9,06-10-2024,UPI/General Txn,CREDIT,4933.43,68532.93,General
C9,06-10-2024,UPI/General Txn,CREDIT,1886.19,62790.16,General
C9,06-10-2024,UPI/General Txn,DEBIT,4790.22,13591.23,General
C9,06-10-2024,UPI/General Txn,DEBIT,532.39,76263.67,General
C9,06-10-2024,UPI/General Txn,DEBIT,1295,46406.81,General
C9,06-10-2024,UPI/General Txn,CREDIT,1873.04,48345.83,General
C9,07-10-2024,UPI/General Txn,DEBIT,2164.53,34122.92,General
C9,07-10-2024,UPI/General Txn,DEBIT,3964.1,9178.99,General
C9,07-10-2024,UPI/General Txn,DEBIT,4728.95,74776.94,General
C9,07-10-2024,UPI/General Txn,DEBIT,571.3,40299.58,General
C9,07-10-2024,UPI/General Txn,DEBIT,4161.14,42486.84,General
C9,07-10-2024,UPI/General Txn,DEBIT,250.58,14320.48,General
C9,07-10-2024,UPI/General Txn,DEBIT,1808.38,67273.04,General
C9,07-10-2024,UPI/General Txn,CREDIT,4239.01,60189.46,General
C9,07-10-2024,UPI/General Txn,DEBIT,4331.23,22845.05,General
C9,08-10-2024,UPI/General Txn,DEBIT,2587.24,36457.51,General
C9,08-10-2024,UPI/General Txn,DEBIT,4482.71,11671.9,General
C9,08-10-2024,UPI/General Txn,CREDIT,2895.23,57443.3,General
C9,08-10-2024,UPI/General Txn,CREDIT,4109.19,25004.13,General
C9,08-10-2024,UPI/General Txn,CREDIT,4491.61,98510.17,General
C9,08-10-2024,UPI/General Txn,CREDIT,1997.96,68199.09,General
C9,08-10-2024,UPI/General Txn,DEBIT,1276.32,3271.63,General
C9,08-10-2024,UPI/General Txn,CREDIT,1117.58,69574.65,General
C9,08-10-2024,UPI/General Txn,CREDIT,4104.71,42904.98,General
C9,08-10-2024,UPI/General Txn,DEBIT,816.64,31727.42,General
C9,09-10-2024,UPI/General Txn,DEBIT,1732.06,98861.63,General
C9,09-10-2024,UPI/General Txn,DEBIT,2540.49,29719.73,General
C9,09-10-2024,UPI/General Txn,DEBIT,293.05,69231.4,General
C9,09-10-2024,UPI/General Txn,DEBIT,3699.72,3058.32,General
C9,09-10-2024,UPI/General Txn,DEBIT,2016.5,9549.71,General
C9,09-10-2024,UPI/General Txn,CREDIT,3366.04,79201.16,General
C9,09-10-2024,UPI/General Txn,DEBIT,1666.18,56388.36,General
C9,09-10-2024,UPI/General Txn,DEBIT,1755.81,82566.25,General
C9,09-10-2024,UPI/General Txn,DEBIT,2527.99,40663.79,General
C9,09-10-2024,UPI/General Txn,DEBIT,3293.34,88031.72,General
C9,09-10-2024,UPI/General Txn,DEBIT,3510.76,98846.84,General
C9,09-10-2024,UPI/General Txn,CREDIT,1669.31,84656.56,General
C9,10-10-2024,UPI/General Txn,DEBIT,1968.81,81370.53,General
C9,10-10-2024,UPI/General Txn,DEBIT,538.1,6629.58,General
C9,10-10-2024,UPI/General Txn,DEBIT,284.81,53106.01,General
C9,10-10-2024,UPI/General Txn,DEBIT,3016.42,7530.68,General
C9,10-10-2024,UPI/General Txn,DEBIT,2272.5,72984.72,General
C9,10-10-2024,UPI/General Txn,CREDIT,4066.76,85507.18,General
C9,10-10-2024,UPI/General Txn,DEBIT,2705.3,18175.53,General
C9,10-10-2024,UPI/General Txn,DEBIT,3254.12,34256.31,General
C9,10-10-2024,UPI/General Txn,DEBIT,4764.01,34175.19,General
C9,11-10-2024,UPI/General Txn,DEBIT,3804.39,62542.12,General
C9,11-10-2024,UPI/General Txn,CREDIT,1227.56,70921.43,General
C9,11-10-2024,UPI/General Txn,CREDIT,3203.45,43045.06,General
C9,11-10-2024,UPI/General Txn,CREDIT,1287.96,39996.9,General
C9,11-10-2024,UPI/General Txn,DEBIT,2715.57,51672.65,General
C9,11-10-2024,UPI/General Txn,DEBIT,4072.8,98519.49,General
C9,11-10-2024,UPI/General Txn,CREDIT,3404.46,52471.37,General
C9,11-10-2024,UPI/General Txn,CREDIT,1809.07,78201.17,General
C9,11-10-2024,UPI/General Txn,CREDIT,4481.23,77141.25,General
C9,11-10-2024,UPI/General Txn,CREDIT,4249.34,91224.7,General
C9,11-10-2024,UPI/General Txn,DEBIT,1179.41,4597.25,General
C9,11-10-2024,UPI/General Txn,DEBIT,1809.37,67759.98,General
C9,12-10-2024,UPI/General Txn,CREDIT,141,50222.27,General
C9,12-10-2024,UPI/General Txn,CREDIT,1093.73,62254.65,General
C9,12-10-2024,UPI/General Txn,DEBIT,1522.06,10371.78,General
C9,12-10-2024,UPI/General Txn,DEBIT,2964.19,74952.61,General
C9,12-10-2024,UPI/General Txn,CREDIT,785.66,61034.01,General
C9,12-10-2024,UPI/General Txn,CREDIT,2424.42,73611.21,General
C9,12-10-2024,UPI/General Txn,DEBIT,1844.29,75989.34,General
C9,12-10-2024,UPI/General Txn,CREDIT,608.84,43286.94,General
C9,12-10-2024,UPI/General Txn,DEBIT,3481.39,51399.62,General
C9,13-10-2024,UPI/General Txn,DEBIT,2050.83,66162,General
C9,13-10-2024,UPI/General Txn,DEBIT,2759.19,41507.54,General
C9,13-10-2024,UPI/General Txn,CREDIT,1257.32,3432.9,General
C9,13-10-2024,UPI/General Txn,CREDIT,3670.68,88030.69,General
C9,13-10-2024,UPI/General Txn,DEBIT,3933.35,46529.13,General
C9,13-10-2024,UPI/General Txn,DEBIT,2067.44,19223.47,General
C9,13-10-2024,UPI/General Txn,CREDIT,2218.05,51957.6,General
C9,13-10-2024,UPI/General Txn,DEBIT,3486.54,57417.72,General
C9,13-10-2024,UPI/General Txn,CREDIT,3470.15,64714.55,General
C9,13-10-2024,UPI/General Txn,CREDIT,519.56,98961.54,General
C9,13-10-2024,UPI/General Txn,DEBIT,1691.84,55479.4,General
C9,14-10-2024,UPI/General Txn,DEBIT,3412.29,46916.16,General
C9,14-10-2024,UPI/General Txn,DEBIT,2945.82,81033.93,General
C9,14-10-2024,UPI/General Txn,DEBIT,2871.44,14422.33,General
C9,14-10-2024,UPI/General Txn,CREDIT,1772.85,48546.95,General
C9,14-10-2024,UPI/General Txn,CREDIT,846.24,97478.62,General
C9,14-10-2024,UPI/General Txn,CREDIT,4196.13,30342.2,General
C9,14-10-2024,UPI/General Txn,DEBIT,2790.32,91301.36,General
C9,14-10-2024,UPI/General Txn,DEBIT,1909.85,32391.69,General
C9,14-10-2024,UPI/General Txn,CREDIT,4628.96,13355.05,General
C9,14-10-2024,UPI/General Txn,CREDIT,2260,33636.48,General
C9,14-10-2024,UPI/General Txn,DEBIT,2802.04,57594.06,General
C9,14-10-2024,UPI/General Txn,DEBIT,4771.65,59432.9,General
C9,15-10-2024,UPI/General Txn,CREDIT,4350.27,80341.81,General
C9,15-10-2024,UPI/General Txn,CREDIT,2718.48,8947.6,General
C9,15-10-2024,UPI/General Txn,CREDIT,659.34,53032.63,General
C9,15-10-2024,UPI/General Txn,CREDIT,292.95,77612.91,General
C9,15-10-2024,UPI/General Txn,DEBIT,121.38,26927.14,General
C9,15-10-2024,UPI/General Txn,DEBIT,3012.39,52762.45,General
C9,15-10-2024,UPI/General Txn,CREDIT,2291.31,35608.5,General
C9,15-10-2024,UPI/General Txn,DEBIT,2368.97,63019.48,General
C9,15-10-2024,UPI/General Txn,DEBIT,3248.55,59375.41,General
C9,15-10-2024,UPI/General Txn,DEBIT,188.29,73377.55,General
C9,16-10-2024,UPI/General Txn,DEBIT,1765.49,7316.98,General
C9,16-10-2024,UPI/General Txn,DEBIT,2585.16,49847.35,General
C9,16-10-2024,UPI/General Txn,DEBIT,937.49,40748.52,General
C9,16-10-2024,UPI/General Txn,CREDIT,3251.33,15774.25,General
C9,16-10-2024,UPI/General Txn,DEBIT,987.67,85247.23,General
C9,16-10-2024,UPI/General Txn,DEBIT,2099.56,82263.14,General
C9,16-10-2024,UPI/General Txn,DEBIT,3206.54,39059.74,General
C9,16-10-2024,UPI/General Txn,DEBIT,4443.53,78463.44,General
C9,16-10-2024,UPI/General Txn,DEBIT,2542.53,2961.48,General
C9,17-10-2024,UPI/General Txn,DEBIT,4080.69,90565.15,General
C9,17-10-2024,UPI/General Txn,CREDIT,3290.92,14750.39,General
C9,17-10-2024,UPI/General Txn,CREDIT,3538.57,36984.52,General
C9,17-10-2024,UPI/General Txn,CREDIT,2400.91,99420.09,General
C9,17-10-2024,UPI/General Txn,CREDIT,3516.7,49987,General
C9,17-10-2024,UPI/General Txn,DEBIT,3931.28,80869.2,General
C9,17-10-2024,UPI/General Txn,CREDIT,3836.94,39711.8,General
C9,17-10-2024,UPI/General Txn,CREDIT,3350.39,90227.85,General
C9,17-10-2024,UPI/General Txn,CREDIT,3423.62,26315.5,General
C9,18-10-2024,UPI/General Txn,CREDIT,2759.48,79109.6,General
C9,18-10-2024,UPI/General Txn,CREDIT,1873.25,26062.05,General
C9,18-10-2024,UPI/General Txn,CREDIT,1926.12,33700.33,General
C9,18-10-2024,UPI/General Txn,CREDIT,421.36,65876.32,General
C9,18-10-2024,UPI/General Txn,CREDIT,4491.98,36039.65,General
C9,18-10-2024,UPI/General Txn,DEBIT,4382.59,66959.45,General
C9,18-10-2024,UPI/General Txn,DEBIT,4375.65,78868.34,General
C9,18-10-2024,UPI/General Txn,DEBIT,2851.67,66473.7,General
C9,18-10-2024,UPI/General Txn,CREDIT,4641.46,63368.12,General
C9,18-10-2024,UPI/General Txn,CREDIT,4287.91,22367.6,General
C9,18-10-2024,UPI/General Txn,CREDIT,4895.32,52240.93,General
C9,19-10-2024,UPI/General Txn,CREDIT,855.86,47803.46,General
C9,19-10-2024,UPI/General Txn,DEBIT,2670.17,92506.85,General
C9,19-10-2024,UPI/General Txn,CREDIT,4515.35,25126.62,General
C9,19-10-2024,UPI/General Txn,CREDIT,3888.38,77373.9,General
C9,19-10-2024,UPI/General Txn,DEBIT,3089.41,66031.83,General
C9,19-10-2024,UPI/General Txn,CREDIT,3279.26,25141.65,General
C9,19-10-2024,UPI/General Txn,CREDIT,4879.44,99684.87,General
C9,19-10-2024,UPI/General Txn,DEBIT,3483.49,36247.08,General
C9,19-10-2024,UPI/General Txn,CREDIT,3839.48,32593.6,General
C9,20-10-2024,UPI/General Txn,DEBIT,1869.77,59992.19,General
C9,20-10-2024,UPI/General Txn,CREDIT,2706.86,46884.63,General
C9,20-10-2024,UPI/General Txn,DEBIT,3690.8,6062.53,General
C9,20-10-2024,UPI/General Txn,DEBIT,1065.66,91858.83,General
C9,20-10-2024,UPI/General Txn,DEBIT,3814.98,57147.31,General
C9,20-10-2024,UPI/General Txn,CREDIT,3515.02,23500.38,General
C9,20-10-2024,UPI/General Txn,DEBIT,3717.69,84609.1,General
C9,20-10-2024,UPI/General Txn,CREDIT,2992.42,63858.69,General
C9,21-10-2024,UPI/General Txn,DEBIT,3368.08,24927.22,General
C9,21-10-2024,UPI/General Txn,DEBIT,4634.34,42749.3,General
C9,21-10-2024,UPI/General Txn,CREDIT,1741.9,11883.93,General
C9,21-10-2024,UPI/General Txn,DEBIT,288.41,69223.64,General
C9,21-10-2024,UPI/General Txn,CREDIT,3216.53,99253.26,General
C9,21-10-2024,UPI/General Txn,DEBIT,213.48,95982.72,General
C9,21-10-2024,UPI/General Txn,DEBIT,561.65,34998.35,General
C9,21-10-2024,UPI/General Txn,DEBIT,4435.12,90976.72,General
C9,21-10-2024,UPI/General Txn,DEBIT,3023.46,82612.05,General
C9,21-10-2024,UPI/General Txn,CREDIT,3777.92,19620.98,General
C9,22-10-2024,UPI/General Txn,DEBIT,647.21,66025.22,General
C9,22-10-2024,UPI/General Txn,CREDIT,2922.91,99382.11,General
C9,22-10-2024,UPI/General Txn,CREDIT,917.66,19280.41,General
C9,22-10-2024,UPI/General Txn,CREDIT,2357.52,15749.73,General
C9,22-10-2024,UPI/General Txn,CREDIT,2227.24,90704.96,General
C9,22-10-2024,UPI/General Txn,CREDIT,4050.01,11989.94,General
C9,22-10-2024,UPI/General Txn,CREDIT,350.45,50095.11,General
C9,22-10-2024,UPI/General Txn,CREDIT,2689.8,35507.6,General
C9,23-10-2024,UPI/General Txn,CREDIT,4777.34,63560.15,General
C9,23-10-2024,UPI/General Txn,DEBIT,2213.81,80020.45,General
C9,23-10-2024,UPI/General Txn,DEBIT,4136.61,58875.43,General
C9,23-10-2024,UPI/General Txn,DEBIT,1688.48,48187.01,General
C9,23-10-2024,UPI/General Txn,CREDIT,4519.2,35057.98,General
C9,23-10-2024,UPI/General Txn,DEBIT,1851.65,69175.14,General
C9,23-10-2024,UPI/General Txn,CREDIT,3522.83,14435.53,General
C9,23-10-2024,UPI/General Txn,DEBIT,1013.74,42157.58,General
C9,23-10-2024,UPI/General Txn,CREDIT,1079,25767.8,General
C9,23-10-2024,UPI/General Txn,DEBIT,567.79,84739.75,General
C9,24-10-2024,UPI/General Txn,CREDIT,4169.23,96368.95,General
C9,24-10-2024,UPI/General Txn,DEBIT,3623.79,76344,General
C9,24-10-2024,UPI/General Txn,DEBIT,1360.91,18206.18,General
C9,24-10-2024,UPI/General Txn,CREDIT,2179.14,53046.19,General
C9,24-10-2024,UPI/General Txn,CREDIT,2604.7,39833.24,General
C9,24-10-2024,UPI/General Txn,DEBIT,169.17,42965.75,General
C9,24-10-2024,UPI/General Txn,CREDIT,1246.8,24809.39,General
C9,24-10-2024,UPI/General Txn,DEBIT,3971.49,92371.77,General
C9,24-10-2024,UPI/General Txn,DEBIT,3028.79,44146.83,General
C9,24-10-2024,UPI/General Txn,DEBIT,2520.95,31765.7,General
C9,25-10-2024,UPI/General Txn,DEBIT,3590.16,91850.84,General
C9,25-10-2024,UPI/General Txn,CREDIT,712.71,44630.61,General
C9,25-10-2024,UPI/General Txn,DEBIT,3415.82,94816.64,General
C9,25-10-2024,UPI/General Txn,DEBIT,4766.11,28759.3,General
C9,25-10-2024,UPI/General Txn,DEBIT,1222.84,31549.07,General
C9,25-10-2024,UPI/General Txn,DEBIT,1786.37,66099.5,General
C9,25-10-2024,UPI/General Txn,DEBIT,3286.04,15379.72,General
C9,25-10-2024,UPI/General Txn,DEBIT,3078.25,40673.05,General
C9,26-10-2024,UPI/General Txn,DEBIT,326.37,55744.73,General
C9,26-10-2024,UPI/General Txn,DEBIT,3948.62,11599.63,General
C9,26-10-2024,UPI/General Txn,CREDIT,1351.22,36819.38,General
C9,26-10-2024,UPI/General Txn,CREDIT,1918.32,47189.27,General
C9,26-10-2024,UPI/General Txn,DEBIT,3071.25,11909.71,General
C9,26-10-2024,UPI/General Txn,DEBIT,1723.05,75100.21,General
C9,26-10-2024,UPI/General Txn,DEBIT,3180.68,89634.71,General
C9,26-10-2024,UPI/General Txn,DEBIT,2654.55,65042.78,General
C9,26-10-2024,UPI/General Txn,CREDIT,1318.78,23277.36,General
C9,26-10-2024,UPI/General Txn,DEBIT,3998.17,68881.92,General
C9,27-10-2024,UPI/General Txn,CREDIT,3355.91,48880.77,General
C9,27-10-2024,UPI/General Txn,DEBIT,3423.2,32748.63,General
C9,27-10-2024,UPI/General Txn,DEBIT,2099.2,94923.65,General
C9,27-10-2024,UPI/General Txn,DEBIT,4687.03,39592.86,General
C9,27-10-2024,UPI/General Txn,CREDIT,3933.07,81080.89,General
C9,27-10-2024,UPI/General Txn,DEBIT,4557.54,85866.08,General
C9,27-10-2024,UPI/General Txn,CREDIT,2595.24,14984.2,General
C9,27-10-2024,UPI/General Txn,DEBIT,3110.48,73384.27,General
C9,27-10-2024,UPI/General Txn,DEBIT,2496.94,16516.36,General
C9,28-10-2024,UPI/General Txn,CREDIT,2794.73,57152.81,General
C9,28-10-2024,UPI/General Txn,CREDIT,470.03,44822.7,General
C9,28-10-2024,UPI/General Txn,CREDIT,3429.05,78023.39,General
C9,28-10-2024,UPI/General Txn,DEBIT,658.15,36539.5,General
C9,28-10-2024,UPI/General Txn,CREDIT,2867.91,49245.07,General
C9,28-10-2024,UPI/General Txn,CREDIT,2266.15,35279.45,General
C9,28-10-2024,UPI/General Txn,DEBIT,3014.8,37942.85,General
C9,28-10-2024,UPI/General Txn,CREDIT,1062.83,28142.24,General
C9,28-10-2024,UPI/General Txn,DEBIT,350.48,1581.96,General
C9,28-10-2024,UPI/General Txn,CREDIT,3902.96,74497.72,General
C9,28-10-2024,UPI/General Txn,CREDIT,2651.64,55940.2,General
C9,28-10-2024,UPI/General Txn,DEBIT,267.65,74732.83,General
C9,29-10-2024,UPI/General Txn,DEBIT,3225.96,17840,General
C9,29-10-2024,UPI/General Txn,CREDIT,1649.42,45806.32,General
C9,29-10-2024,UPI/General Txn,DEBIT,2043.34,65208.83,General
C9,29-10-2024,UPI/General Txn,DEBIT,332.87,60854.11,General
C9,29-10-2024,UPI/General Txn,DEBIT,3622.25,28041.11,General
C9,29-10-2024,UPI/General Txn,CREDIT,3455.74,68262.58,General
C9,29-10-2024,UPI/General Txn,DEBIT,1558.23,54110.48,General
C9,29-10-2024,UPI/General Txn,DEBIT,3645.65,79091.96,General
C9,29-10-2024,UPI/General Txn,DEBIT,2754.35,5420.7,General
C9,29-10-2024,UPI/General Txn,DEBIT,4454.46,45194.31,General
C9,30-10-2024,UPI/General Txn,CREDIT,337.49,10912.74,General
C9,30-10-2024,UPI/General Txn,CREDIT,1298.38,6950.54,General
C9,30-10-2024,UPI/General Txn,DEBIT,2772.91,15740.83,General
C9,30-10-2024,UPI/General Txn,DEBIT,582.85,36804.54,General
C9,30-10-2024,UPI/General Txn,DEBIT,1256.62,77323.88,General
C9,30-10-2024,UPI/General Txn,DEBIT,3727.14,88266.9,General
C9,30-10-2024,UPI/General Txn,DEBIT,3393.38,72642.82,General
C9,30-10-2024,UPI/General Txn,DEBIT,3222.16,42118.26,General
C9,31-10-2024,UPI/General Txn,DEBIT,1264.04,65202.77,General
C9,31-10-2024,UPI/General Txn,DEBIT,3536.93,74089.66,General
C9,31-10-2024,UPI/General Txn,CREDIT,3041.14,75159.53,General
C9,31-10-2024,UPI/General Txn,CREDIT,3003.3,65153.59,General
C9,31-10-2024,UPI/General Txn,DEBIT,2199.21,5571.12,General
C9,31-10-2024,UPI/General Txn,DEBIT,213.36,8998.46,General
C9,31-10-2024,UPI/General Txn,DEBIT,3523.87,78273.79,General
C9,31-10-2024,UPI/General Txn,DEBIT,4835.97,46218.45,General
C9,01-11-2024,UPI/General Txn,CREDIT,1283.08,87264.79,General
C9,01-11-2024,UPI/General Txn,CREDIT,235.16,11315.76,General
C9,01-11-2024,UPI/General Txn,DEBIT,1161.79,53379.55,General
C9,01-11-2024,UPI/General Txn,DEBIT,496.54,88333.09,General
C9,01-11-2024,UPI/General Txn,DEBIT,2962.29,62599.36,General
C9,01-11-2024,UPI/General Txn,CREDIT,4012.88,36818.9,General
C9,01-11-2024,UPI/General Txn,CREDIT,4680.23,60945.28,General
C9,01-11-2024,UPI/General Txn,CREDIT,794.66,35067.6,General
C9,01-11-2024,UPI/General Txn,DEBIT,2008.48,60403.94,General
C9,01-11-2024,UPI/General Txn,CREDIT,2322.25,8746.49,General
C9,01-11-2024,UPI/General Txn,DEBIT,2252.03,69121.76,General
C9,02-11-2024,UPI/General Txn,DEBIT,2552.33,84799.28,General
C9,02-11-2024,UPI/General Txn,CREDIT,1278.54,40678.41,General
C9,02-11-2024,UPI/General Txn,CREDIT,758.91,76726.33,General
C9,02-11-2024,UPI/General Txn,CREDIT,1970.25,54846.38,General
C9,02-11-2024,UPI/General Txn,CREDIT,4705.78,36982.19,General
C9,02-11-2024,UPI/General Txn,DEBIT,1116.62,20364.12,General
C9,02-11-2024,UPI/General Txn,CREDIT,4245.73,74996.53,General
C9,02-11-2024,UPI/General Txn,DEBIT,4133.51,17421.45,General
C9,02-11-2024,UPI/General Txn,CREDIT,784.97,67054.47,General
C9,02-11-2024,UPI/General Txn,CREDIT,4810.93,30414.82,General
C9,02-11-2024,UPI/General Txn,CREDIT,2015.81,18414.97,General
C9,02-11-2024,UPI/General Txn,DEBIT,2178.89,1084,General
C9,03-11-2024,UPI/General Txn,CREDIT,450.93,42193.5,General
C9,03-11-2024,UPI/General Txn,CREDIT,574.14,18237.46,General
C9,03-11-2024,UPI/General Txn,CREDIT,3387.62,19371.31,General
C9,03-11-2024,UPI/General Txn,DEBIT,2605.66,60495.58,General
C9,03-11-2024,UPI/General Txn,CREDIT,4952.71,21513.69,General
C9,03-11-2024,UPI/General Txn,CREDIT,4623.1,48440.58,General
C9,03-11-2024,UPI/General Txn,CREDIT,4224.42,32006.18,General
C9,03-11-2024,UPI/General Txn,CREDIT,2739.37,59722.37,General
C9,04-11-2024,UPI/General Txn,DEBIT,4642.17,38363.04,General
C9,04-11-2024,UPI/General Txn,DEBIT,2837.79,1296,General
C9,04-11-2024,UPI/General Txn,DEBIT,1463.69,49155.71,General
C9,04-11-2024,UPI/General Txn,DEBIT,3056.42,40754.89,General
C9,04-11-2024,UPI/General Txn,DEBIT,1212.36,76785.28,General
C9,04-11-2024,UPI/General Txn,DEBIT,2925.6,74935.18,General
C9,04-11-2024,UPI/General Txn,DEBIT,810.34,66470.74,General
C9,04-11-2024,UPI/General Txn,DEBIT,921.57,38946.88,General
C9,04-11-2024,UPI/General Txn,CREDIT,3031.72,7376.98,General
C9,04-11-2024,UPI/General Txn,DEBIT,4548.43,38334.92,General
C9,04-11-2024,UPI/General Txn,DEBIT,4689.54,58321.93,General
C9,05-11-2024,UPI/General Txn,DEBIT,2761.76,13699.97,General
C9,05-11-2024,UPI/General Txn,CREDIT,868.7,13283.64,General
C9,05-11-2024,UPI/General Txn,DEBIT,1043.64,54110.88,General
C9,05-11-2024,UPI/General Txn,CREDIT,2287.12,65548.36,General
C9,05-11-2024,UPI/General Txn,CREDIT,4255.11,34131.92,General
C9,05-11-2024,UPI/General Txn,CREDIT,2296.18,83430.45,General
C9,05-11-2024,UPI/General Txn,CREDIT,2437.62,58581.89,General
C9,05-11-2024,UPI/General Txn,DEBIT,2299.1,32256.66,General
C9,06-11-2024,UPI/General Txn,DEBIT,621.63,11927.51,General
C9,06-11-2024,UPI/General Txn,CREDIT,2776.8,79262.22,General
C9,06-11-2024,UPI/General Txn,CREDIT,4940.44,52161.59,General
C9,06-11-2024,UPI/General Txn,DEBIT,565.11,99495.19,General
C9,06-11-2024,UPI/General Txn,DEBIT,4467.79,43834.19,General
C9,06-11-2024,UPI/General Txn,CREDIT,2513.33,41231.85,General
C9,06-11-2024,UPI/General Txn,CREDIT,1291.94,20811.51,General
C9,06-11-2024,UPI/General Txn,CREDIT,561.18,98125.91,General
C9,06-11-2024,UPI/General Txn,CREDIT,1895.96,45414.5,General
C9,07-11-2024,UPI/General Txn,CREDIT,3749.75,11232.22,General
C9,07-11-2024,UPI/General Txn,CREDIT,3023.75,22573.94,General
C9,07-11-2024,UPI/General Txn,DEBIT,4577.89,9779.32,General
C9,07-11-2024,UPI/General Txn,DEBIT,4211.98,53030.02,General
C9,07-11-2024,UPI/General Txn,DEBIT,3479.73,39804.42,General
C9,07-11-2024,UPI/General Txn,DEBIT,4892.35,70072.24,General
C9,07-11-2024,UPI/General Txn,DEBIT,657.76,64657.19,General
C9,07-11-2024,UPI/General Txn,DEBIT,163.54,43175.81,General
C9,07-11-2024,UPI/General Txn,DEBIT,2519.38,79739.12,General
C9,08-11-2024,UPI/General Txn,DEBIT,663.1,80445.1,General
C9,08-11-2024,UPI/General Txn,CREDIT,3486.16,92171.4,General
C9,08-11-2024,UPI/General Txn,DEBIT,4031.42,8611.29,General
C9,08-11-2024,UPI/General Txn,CREDIT,3108.21,27508.33,General
C9,08-11-2024,UPI/General Txn,DEBIT,279.49,31736.76,General
C9,08-11-2024,UPI/General Txn,DEBIT,3050.05,25024.59,General
C9,08-11-2024,UPI/General Txn,CREDIT,3395.52,75223.77,General
C9,08-11-2024,UPI/General Txn,CREDIT,1920.7,50848.69,General
C9,08-11-2024,UPI/General Txn,CREDIT,1774.56,90476.73,General
C9,09-11-2024,UPI/General Txn,DEBIT,3432.4,16161.71,General
C9,09-11-2024,UPI/General Txn,DEBIT,4268,60771.91,General
C9,09-11-2024,UPI/General Txn,CREDIT,855.22,77942.38,General
C9,09-11-2024,UPI/General Txn,DEBIT,4470.68,44356.59,General
C9,09-11-2024,UPI/General Txn,DEBIT,1434.41,32944.45,General
C9,09-11-2024,UPI/General Txn,DEBIT,4414.86,63305.68,General
C9,09-11-2024,UPI/General Txn,CREDIT,4230.91,83375.07,General
C9,09-11-2024,UPI/General Txn,DEBIT,4351.47,90555.76,General
C9,09-11-2024,UPI/General Txn,DEBIT,620.84,70960.17,General
C9,10-11-2024,UPI/General Txn,DEBIT,4074.38,69925.14,General
C9,10-11-2024,UPI/General Txn,CREDIT,2036.31,36442.74,General
C9,10-11-2024,UPI/General Txn,DEBIT,578.57,72609.46,General
C9,10-11-2024,UPI/General Txn,CREDIT,2818.81,24141.66,General
C9,10-11-2024,UPI/General Txn,DEBIT,1638.36,77822.11,General
C9,10-11-2024,UPI/General Txn,DEBIT,3055.23,89580.87,General
C9,10-11-2024,UPI/General Txn,CREDIT,4024.8,52610.33,General
C9,10-11-2024,UPI/General Txn,DEBIT,3710.7,65410.61,General
C9,10-11-2024,UPI/General Txn,CREDIT,2200.38,36873.88,General
C9,10-11-2024,UPI/General Txn,CREDIT,3962.47,14425.52,General
C9,10-11-2024,UPI/General Txn,DEBIT,1460.07,56677.93,General
C9,11-11-2024,UPI/General Txn,DEBIT,3066.22,70559.2,General
C9,11-11-2024,UPI/General Txn,DEBIT,2358.42,33533.58,General
C9,11-11-2024,UPI/General Txn,DEBIT,4733.97,42435.17,General
C9,11-11-2024,UPI/General Txn,DEBIT,2590.29,87857.14,General
C9,11-11-2024,UPI/General Txn,CREDIT,1157.38,20018.84,General
C9,11-11-2024,UPI/General Txn,DEBIT,2201.08,48343.69,General
C9,11-11-2024,UPI/General Txn,CREDIT,766.82,66029.37,General
C9,11-11-2024,UPI/General Txn,DEBIT,3562.4,70928.37,General
C9,11-11-2024,UPI/General Txn,DEBIT,983.27,65395.17,General
C9,11-11-2024,UPI/General Txn,CREDIT,3267.06,10311.7,General
C9,11-11-2024,UPI/General Txn,DEBIT,3121.97,81265.08,General
C9,11-11-2024,UPI/General Txn,DEBIT,400.52,19297.92,General
C9,12-11-2024,UPI/General Txn,CREDIT,2226.01,90276.95,General
C9,12-11-2024,UPI/General Txn,DEBIT,561.31,65232.54,General
C9,12-11-2024,UPI/General Txn,CREDIT,1619.02,17651.39,General
C9,12-11-2024,UPI/General Txn,CREDIT,3827.82,16374.83,General
C9,12-11-2024,UPI/General Txn,DEBIT,4927.72,16576.85,General
C9,12-11-2024,UPI/General Txn,CREDIT,1469.6,1724.96,General
C9,12-11-2024,UPI/General Txn,CREDIT,3044.52,41723.92,General
C9,12-11-2024,UPI/General Txn,DEBIT,3537.6,12683.52,General
C9,12-11-2024,UPI/General Txn,CREDIT,3705.61,66079.63,General
C9,13-11-2024,UPI/General Txn,CREDIT,2140.99,1798.37,General
C9,13-11-2024,UPI/General Txn,CREDIT,4033.26,11201.97,General
C9,13-11-2024,UPI/General Txn,DEBIT,2525.46,62478.72,General
C9,13-11-2024,UPI/General Txn,DEBIT,3138.2,89828.23,General
C9,13-11-2024,UPI/General Txn,CREDIT,2390.54,31793.56,General
C9,13-11-2024,UPI/General Txn,CREDIT,3217.81,84038.3,General
C9,13-11-2024,UPI/General Txn,DEBIT,4951.58,51348.52,General
C9,13-11-2024,UPI/General Txn,CREDIT,4140.79,86147.71,General
C9,13-11-2024,UPI/General Txn,DEBIT,3370.25,3688.98,General
C9,13-11-2024,UPI/General Txn,CREDIT,1078.21,32632.97,General
C9,14-11-2024,UPI/General Txn,DEBIT,988.07,4488.03,General
C9,14-11-2024,UPI/General Txn,DEBIT,4788.37,48548.21,General
C9,14-11-2024,UPI/General Txn,CREDIT,3584.51,58725.52,General
C9,14-11-2024,UPI/General Txn,CREDIT,4689.05,60394.89,General
C9,14-11-2024,UPI/General Txn,CREDIT,3899.3,24139.04,General
C9,14-11-2024,UPI/General Txn,DEBIT,2732.57,57299.43,General
C9,14-11-2024,UPI/General Txn,DEBIT,555.04,62886.14,General
C9,14-11-2024,UPI/General Txn,DEBIT,2754.65,61274.15,General
C9,14-11-2024,UPI/General Txn,DEBIT,179.59,78560.72,General
C9,14-11-2024,UPI/General Txn,CREDIT,1597.16,65716.8,General
C9,15-11-2024,UPI/General Txn,CREDIT,1540.87,43039.35,General
C9,15-11-2024,UPI/General Txn,DEBIT,970.61,27745.73,General
C9,15-11-2024,UPI/General Txn,CREDIT,1037.45,67780.04,General
C9,15-11-2024,UPI/General Txn,DEBIT,2740.11,95274.93,General
C9,15-11-2024,UPI/General Txn,CREDIT,1361.04,37721.77,General
C9,15-11-2024,UPI/General Txn,CREDIT,4701.45,44181.82,General
C9,15-11-2024,UPI/General Txn,DEBIT,3100.24,51265.3,General
C9,15-11-2024,UPI/General Txn,CREDIT,3902.63,81381.6,General
C9,15-11-2024,UPI/General Txn,DEBIT,961.07,73018.38,General
C9,16-11-2024,UPI/General Txn,DEBIT,1980.22,55894.02,General
C9,16-11-2024,UPI/General Txn,CREDIT,1783.27,27629.87,General
C9,16-11-2024,UPI/General Txn,DEBIT,1766.13,58184.16,General
C9,16-11-2024,UPI/General Txn,CREDIT,1802.24,61269.08,General
C9,16-11-2024,UPI/General Txn,CREDIT,4407.78,84509.27,General
C9,16-11-2024,UPI/General Txn,DEBIT,4341.58,57362.5,General
C9,16-11-2024,UPI/General Txn,CREDIT,4052.68,29054.54,General
C9,16-11-2024,UPI/General Txn,DEBIT,1126.69,84111.18,General
C9,16-11-2024,UPI/General Txn,CREDIT,2404.59,5435.36,General
C9,17-11-2024,UPI/General Txn,DEBIT,710.54,1448.49,General
C9,17-11-2024,UPI/General Txn,CREDIT,3833.91,28122.9,General
C9,17-11-2024,UPI/General Txn,CREDIT,2797.35,22014.39,General
C9,17-11-2024,UPI/General Txn,CREDIT,1446.38,74217.62,General
C9,17-11-2024,UPI/General Txn,CREDIT,3091.55,67029.24,General
C9,17-11-2024,UPI/General Txn,CREDIT,2630.09,43540.25,General
C9,17-11-2024,UPI/General Txn,CREDIT,2986.31,46241.53,General
C9,17-11-2024,UPI/General Txn,DEBIT,2102.06,46300.03,General
C9,17-11-2024,UPI/General Txn,DEBIT,4281.43,87346.08,General
C9,17-11-2024,UPI/General Txn,CREDIT,4346.03,58839.96,General
C9,17-11-2024,UPI/General Txn,CREDIT,516.52,62501.32,General
C9,18-11-2024,UPI/General Txn,DEBIT,495.89,80043.66,General
C9,18-11-2024,UPI/General Txn,CREDIT,1377.48,11160.27,General
C9,18-11-2024,UPI/General Txn,CREDIT,2021.73,42464.3,General
C9,18-11-2024,UPI/General Txn,DEBIT,3666.69,65609.3,General
C9,18-11-2024,UPI/General Txn,CREDIT,475.21,94424.6,General
C9,18-11-2024,UPI/General Txn,CREDIT,3462.5,49648.08,General
C9,18-11-2024,UPI/General Txn,DEBIT,1533.4,21236.61,General
C9,18-11-2024,UPI/General Txn,CREDIT,3502.04,61458.93,General
C9,19-11-2024,UPI/General Txn,CREDIT,2919.87,2846.01,General
C9,19-11-2024,UPI/General Txn,CREDIT,4884.38,33096.31,General
C9,19-11-2024,UPI/General Txn,CREDIT,4555.72,78372.44,General
C9,19-11-2024,UPI/General Txn,DEBIT,2101.79,48962.78,General
C9,19-11-2024,UPI/General Txn,DEBIT,1623.25,82657.58,General
C9,19-11-2024,UPI/General Txn,CREDIT,3772.01,90222.86,General
C9,19-11-2024,UPI/General Txn,CREDIT,3997.48,8138,General
C9,19-11-2024,UPI/General Txn,DEBIT,4174.05,90051.36,General
C9,19-11-2024,UPI/General Txn,DEBIT,4027.53,30765.61,General
C9,19-11-2024,UPI/General Txn,DEBIT,263.13,33713.4,General
C9,19-11-2024,UPI/General Txn,DEBIT,4903.65,54352.81,General
C9,20-11-2024,UPI/General Txn,DEBIT,2196.38,75801.42,General
C9,20-11-2024,UPI/General Txn,CREDIT,4385.27,51902.06,General
C9,20-11-2024,UPI/General Txn,CREDIT,3968.97,76298.52,General
C9,20-11-2024,UPI/General Txn,CREDIT,1321.9,57724.05,General
C9,20-11-2024,UPI/General Txn,CREDIT,3817.83,86085.69,General
C9,20-11-2024,UPI/General Txn,CREDIT,4354.04,20390.37,General
C9,20-11-2024,UPI/General Txn,DEBIT,2609.53,2875.59,General
C9,20-11-2024,UPI/General Txn,DEBIT,4215.5,77208.27,General
C9,20-11-2024,UPI/General Txn,DEBIT,4265.75,44488.22,General
C9,20-11-2024,UPI/General Txn,CREDIT,2932.72,9321.86,General
C9,20-11-2024,UPI/General Txn,DEBIT,4051.91,1151.85,General
C9,21-11-2024,UPI/General Txn,CREDIT,3249.23,15595.54,General
C9,21-11-2024,UPI/General Txn,CREDIT,4354.31,46506.98,General
C9,21-11-2024,UPI/General Txn,CREDIT,2668.49,5828.49,General
C9,21-11-2024,UPI/General Txn,CREDIT,1159.55,42080.44,General
C9,21-11-2024,UPI/General Txn,DEBIT,352.87,74988.43,General
C9,21-11-2024,UPI/General Txn,CREDIT,1156.6,68320.28,General
C9,21-11-2024,UPI/General Txn,CREDIT,1135.3,40893.67,General
C9,21-11-2024,UPI/General Txn,CREDIT,3926.33,74973.63,General
C9,21-11-2024,UPI/General Txn,DEBIT,3621.78,11390.21,General
C9,21-11-2024,UPI/General Txn,DEBIT,452.5,20421.45,General
C9,22-11-2024,UPI/General Txn,CREDIT,2254.75,9788.95,General
C9,22-11-2024,UPI/General Txn,DEBIT,3598.92,45400.83,General
C9,22-11-2024,UPI/General Txn,DEBIT,1177.22,88704.97,General
C9,22-11-2024,UPI/General Txn,CREDIT,1577.12,46637.42,General
C9,22-11-2024,UPI/General Txn,DEBIT,4442.1,67845,General
C9,22-11-2024,UPI/General Txn,CREDIT,4461.94,25255.3,General
C9,22-11-2024,UPI/General Txn,CREDIT,2022.83,69965.42,General
C9,22-11-2024,UPI/General Txn,CREDIT,2596.26,81558.02,General
C9,22-11-2024,UPI/General Txn,CREDIT,1398.33,96652.66,General
C9,22-11-2024,UPI/General Txn,CREDIT,4307.58,68729.7,General
C9,23-11-2024,UPI/General Txn,CREDIT,4710.65,14695.4,General
C9,23-11-2024,UPI/General Txn,DEBIT,1835.29,45166.39,General
C9,23-11-2024,UPI/General Txn,CREDIT,2352.51,87939.58,General
C9,23-11-2024,UPI/General Txn,DEBIT,4359.14,48143.62,General
C9,23-11-2024,UPI/General Txn,CREDIT,2382.08,28857.86,General
C9,23-11-2024,UPI/General Txn,DEBIT,1399.18,3230.21,General
C9,23-11-2024,UPI/General Txn,CREDIT,4346.22,47257.34,General
C9,23-11-2024,UPI/General Txn,CREDIT,494.53,35722.49,General
C9,23-11-2024,UPI/General Txn,DEBIT,1560.43,32391.92,General
C9,24-11-2024,UPI/General Txn,DEBIT,3856,6880.1,General
C9,24-11-2024,UPI/General Txn,DEBIT,2982.97,64691.62,General
C9,24-11-2024,UPI/General Txn,CREDIT,327.91,74109.01,General
C9,24-11-2024,UPI/General Txn,CREDIT,4001.91,40444.37,General
C9,24-11-2024,UPI/General Txn,DEBIT,3657.27,24974.65,General
C9,24-11-2024,UPI/General Txn,CREDIT,1523.47,34997.12,General
C9,24-11-2024,UPI/General Txn,CREDIT,2674.14,65814.72,General
C9,24-11-2024,UPI/General Txn,DEBIT,2171.07,34853.69,General
C9,24-11-2024,UPI/General Txn,DEBIT,983.44,86627,General
C9,24-11-2024,UPI/General Txn,CREDIT,737.66,43553.89,General
C9,24-11-2024,UPI/General Txn,DEBIT,256.27,86308.39,General
C9,25-11-2024,UPI/General Txn,DEBIT,1375.12,85691.25,General
C9,25-11-2024,UPI/General Txn,DEBIT,2896.04,7943.82,General
C9,25-11-2024,NEFT/FNF SETTLEMENT,CREDIT,150000,58906.52,Salary
C9,25-11-2024,NEFT/FNF SETTLEMENT,CREDIT,150000,82622.71,Salary
C9,25-11-2024,NEFT/FNF SETTLEMENT,CREDIT,150000,83521.26,Salary
C9,25-11-2024,UPI/General Txn,DEBIT,4968.73,55214.24,General
C9,25-11-2024,NEFT/FNF SETTLEMENT,CREDIT,150000,50735.86,Salary
C9,25-11-2024,NEFT/FNF SETTLEMENT,CREDIT,150000,78967.99,Salary
C9,26-11-2024,UPI/General Txn,DEBIT,2068.79,31883.94,General
C9,26-11-2024,UPI/General Txn,CREDIT,1601.42,43079.97,General
C9,26-11-2024,UPI/General Txn,CREDIT,555.75,51601.05,General
C9,26-11-2024,UPI/General Txn,CREDIT,3377.75,72334.17,General
C9,26-11-2024,UPI/General Txn,CREDIT,3692.08,40589.63,General
C9,26-11-2024,UPI/General Txn,CREDIT,3289.4,55208.45,General
C9,26-11-2024,UPI/General Txn,DEBIT,821.58,74297.03,General
C9,26-11-2024,UPI/General Txn,CREDIT,3588.87,41007.49,General
C9,26-11-2024,UPI/General Txn,CREDIT,4891.96,2660.81,General
C9,26-11-2024,UPI/General Txn,DEBIT,3245.33,28346.41,General
C9,27-11-2024,UPI/General Txn,DEBIT,3536.78,1357.28,General
C9,27-11-2024,UPI/General Txn,DEBIT,984.36,50141.58,General
C9,27-11-2024,UPI/General Txn,DEBIT,4550.51,32239.03,General
C9,27-11-2024,UPI/General Txn,DEBIT,4207.06,62691.03,General
C9,27-11-2024,UPI/General Txn,DEBIT,2169.42,7641.45,General
C9,27-11-2024,UPI/General Txn,DEBIT,368.5,22411.86,General
C9,27-11-2024,UPI/General Txn,CREDIT,532.37,38233.55,General
C9,27-11-2024,UPI/General Txn,CREDIT,1610.8,45655.66,General
C9,27-11-2024,UPI/General Txn,DEBIT,1293.82,26079.71,General
C9,28-11-2024,UPI/General Txn,CREDIT,1763.96,46065.51,General
C9,28-11-2024,UPI/General Txn,DEBIT,4337.25,1263.61,General
C9,28-11-2024,UPI/General Txn,CREDIT,1703.84,28920.57,General
C9,28-11-2024,UPI/General Txn,DEBIT,181.77,91716.07,General
C9,28-11-2024,UPI/General Txn,CREDIT,1207.06,64868.83,General
C9,28-11-2024,UPI/General Txn,DEBIT,4207.68,54189.79,General
C9,28-11-2024,UPI/General Txn,CREDIT,3763.82,41948.36,General
C9,28-11-2024,UPI/General Txn,CREDIT,4635.79,48427.53,General
C9,28-11-2024,UPI/General Txn,DEBIT,568.01,96968.08,General
C9,28-11-2024,UPI/General Txn,DEBIT,4601.5,51042.77,General
C9,28-11-2024,UPI/General Txn,DEBIT,1020.7,36178.81,General
C9,28-11-2024,UPI/General Txn,CREDIT,1932.05,90169.5,General
C9,29-11-2024,UPI/General Txn,DEBIT,3884.99,35576.92,General
C9,29-11-2024,UPI/General Txn,CREDIT,4759.24,64131.85,General
C9,29-11-2024,UPI/General Txn,CREDIT,3499.46,55487.36,General
C9,29-11-2024,UPI/General Txn,DEBIT,1706.55,81075.75,General
C9,29-11-2024,UPI/General Txn,DEBIT,2660.32,91750.7,General
C9,29-11-2024,UPI/General Txn,CREDIT,4858.52,33698.92,General
C9,29-11-2024,UPI/General Txn,DEBIT,4057.49,38302.19,General
C9,29-11-2024,UPI/General Txn,DEBIT,1791.29,22298.09,General
C9,29-11-2024,UPI/General Txn,DEBIT,1107.12,59172.07,General
C9,29-11-2024,UPI/General Txn,DEBIT,1624.14,55225.43,General
C9,29-11-2024,UPI/General Txn,DEBIT,3610.74,73501.62,General
C9,30-11-2024,UPI/General Txn,DEBIT,4806.53,82093.3,General
C9,30-11-2024,UPI/General Txn,DEBIT,4344.13,26652.46,General
C9,30-11-2024,UPI/General Txn,DEBIT,3547.53,31863.92,General
C9,30-11-2024,UPI/General Txn,CREDIT,869.23,57849.09,General
C9,30-11-2024,UPI/General Txn,DEBIT,3748.36,97829.42,General
C9,30-11-2024,UPI/General Txn,DEBIT,4250.26,18165.5,General
C9,30-11-2024,UPI/General Txn,DEBIT,2623.55,47746.01,General
C9,30-11-2024,UPI/General Txn,DEBIT,1046.64,99024.48,General
C9,30-11-2024,UPI/General Txn,CREDIT,1549.04,9723.99,General
C10,01-09-2024,UPI/General Txn,CREDIT,1728.47,36881.88,General
C10,01-09-2024,UPI/General Txn,DEBIT,4259.98,32752.05,General
C10,01-09-2024,UPI/General Txn,DEBIT,291.06,81038.27,General
C10,01-09-2024,UPI/General Txn,CREDIT,1554.48,44654.16,General
C10,01-09-2024,UPI/General Txn,DEBIT,530.96,89476.63,General
C10,01-09-2024,UPI/General Txn,CREDIT,3121.53,36695.69,General
C10,01-09-2024,UPI/General Txn,CREDIT,2790.24,32656.9,General
C10,01-09-2024,UPI/General Txn,CREDIT,2093.21,24500.71,General
C10,02-09-2024,UPI/General Txn,CREDIT,1695.13,12848.26,General
C10,02-09-2024,UPI/General Txn,DEBIT,2835.97,60165.95,General
C10,02-09-2024,UPI/General Txn,CREDIT,581.57,93937.2,General
C10,02-09-2024,UPI/General Txn,CREDIT,4302.67,34783.08,General
C10,02-09-2024,UPI/General Txn,CREDIT,369.87,68759.16,General
C10,02-09-2024,UPI/General Txn,DEBIT,4681.18,3267.87,General
C10,02-09-2024,UPI/General Txn,CREDIT,4861.32,98238.03,General
C10,02-09-2024,UPI/General Txn,DEBIT,1964.62,2709.67,General
C10,02-09-2024,UPI/General Txn,DEBIT,4486.34,16843.69,General
C10,02-09-2024,UPI/General Txn,DEBIT,1325.29,41045.29,General
C10,03-09-2024,UPI/General Txn,DEBIT,2145.28,16042.55,General
C10,03-09-2024,UPI/General Txn,CREDIT,510.22,36228.13,General
C10,03-09-2024,UPI/General Txn,DEBIT,3226.38,65387.97,General
C10,03-09-2024,UPI/General Txn,CREDIT,1967.04,95505.74,General
C10,03-09-2024,UPI/General Txn,DEBIT,249.34,63511.29,General
C10,03-09-2024,UPI/General Txn,DEBIT,2533.19,74829.78,General
C10,03-09-2024,UPI/General Txn,DEBIT,154.5,14776.08,General
C10,03-09-2024,UPI/General Txn,CREDIT,4018.3,49735.39,General
C10,03-09-2024,UPI/General Txn,CREDIT,3824.31,5866.48,General
C10,04-09-2024,UPI/General Txn,DEBIT,873.71,5616.02,General
C10,04-09-2024,UPI/General Txn,CREDIT,3262.4,91374.03,General
C10,04-09-2024,UPI/General Txn,CREDIT,1409.92,61952.77,General
C10,04-09-2024,UPI/General Txn,CREDIT,3701.58,80701.09,General
C10,04-09-2024,UPI/General Txn,DEBIT,2826.86,15330.06,General
C10,04-09-2024,UPI/General Txn,CREDIT,1813.28,34133.03,General
C10,04-09-2024,UPI/General Txn,DEBIT,4514.74,33787.08,General
C10,04-09-2024,UPI/General Txn,DEBIT,4979.66,70943.21,General
C10,04-09-2024,UPI/General Txn,CREDIT,822.36,2577.62,General
C10,05-09-2024,UPI/General Txn,DEBIT,315.2,18176.75,General
C10,05-09-2024,UPI/General Txn,DEBIT,4682.98,26952.59,General
C10,05-09-2024,UPI/Friend salary joke,CREDIT,2150.69,84872.64,Other
C10,05-09-2024,UPI/Friend salary joke,CREDIT,4443.4,45664.36,Other
C10,05-09-2024,UPI/Friend salary joke,CREDIT,4042.75,5124.15,Other
C10,05-09-2024,UPI/Friend salary joke,CREDIT,2939.9,87191.84,Other
C10,05-09-2024,UPI/Friend salary joke,CREDIT,3209.37,44129.51,Other
C10,05-09-2024,UPI/Friend salary joke,CREDIT,4818.39,21219.53,Other
C10,05-09-2024,UPI/Friend salary joke,CREDIT,559.46,33593.66,Other
C10,05-09-2024,UPI/Friend salary joke,CREDIT,4220.89,80720.65,Other
C10,05-09-2024,UPI/Friend salary joke,CREDIT,1180.73,53553.47,Other
C10,06-09-2024,UPI/General Txn,CREDIT,2269.71,35411.88,General
C10,06-09-2024,UPI/General Txn,DEBIT,3516.56,8332.82,General
C10,06-09-2024,UPI/General Txn,DEBIT,2007.83,42252.36,General
C10,06-09-2024,UPI/General Txn,DEBIT,727.09,84491.24,General
C10,06-09-2024,UPI/General Txn,DEBIT,212.85,99236.73,General
C10,06-09-2024,UPI/General Txn,DEBIT,4016.89,56045.24,General
C10,06-09-2024,UPI/General Txn,CREDIT,144.7,48717.45,General
C10,06-09-2024,UPI/General Txn,CREDIT,2986.7,90352.53,General
C10,06-09-2024,UPI/General Txn,DEBIT,490.24,22217.59,General
C10,06-09-2024,UPI/General Txn,CREDIT,181.71,13004.07,General
C10,06-09-2024,UPI/General Txn,CREDIT,3633.05,85826.95,General
C10,06-09-2024,UPI/General Txn,CREDIT,2653.17,73255.41,General
C10,07-09-2024,UPI/General Txn,CREDIT,925.59,31495.93,General
C10,07-09-2024,UPI/General Txn,DEBIT,2986.69,26701.93,General
C10,07-09-2024,UPI/General Txn,DEBIT,4063.51,95746.28,General
C10,07-09-2024,UPI/General Txn,CREDIT,1243.46,13686.44,General
C10,07-09-2024,UPI/General Txn,CREDIT,1272.91,88387.79,General
C10,07-09-2024,UPI/General Txn,CREDIT,4790.83,47948.98,General
C10,07-09-2024,UPI/General Txn,CREDIT,3234.06,73142.57,General
C10,07-09-2024,UPI/General Txn,CREDIT,717.86,49849.01,General
C10,07-09-2024,UPI/General Txn,CREDIT,4058.36,86588.62,General
C10,07-09-2024,UPI/General Txn,CREDIT,3819.78,81654.56,General
C10,07-09-2024,UPI/General Txn,CREDIT,2690.73,83636.6,General
C10,07-09-2024,UPI/General Txn,DEBIT,1725.47,59707.12,General
C10,08-09-2024,UPI/General Txn,DEBIT,1901.04,87391.12,General
C10,08-09-2024,UPI/General Txn,DEBIT,878.37,71973.51,General
C10,08-09-2024,UPI/General Txn,DEBIT,4515.24,53167.29,General
C10,08-09-2024,UPI/General Txn,CREDIT,855.89,21757.19,General
C10,08-09-2024,UPI/General Txn,CREDIT,2240.27,43282.3,General
C10,08-09-2024,UPI/General Txn,CREDIT,3664.72,49010.89,General
C10,08-09-2024,UPI/General Txn,CREDIT,2106.57,50735.8,General
C10,08-09-2024,UPI/General Txn,CREDIT,3092.98,28575.65,General
C10,08-09-2024,UPI/General Txn,DEBIT,4028.38,48483.37,General
C10,09-09-2024,UPI/General Txn,CREDIT,3696.92,83264.14,General
C10,09-09-2024,UPI/General Txn,DEBIT,2427.23,8855.59,General
C10,09-09-2024,UPI/General Txn,DEBIT,1851.33,9034.93,General
C10,09-09-2024,UPI/General Txn,CREDIT,2440.12,68684.23,General
C10,09-09-2024,UPI/General Txn,DEBIT,3574.68,92452.81,General
C10,09-09-2024,UPI/General Txn,CREDIT,3530.1,28179.26,General
C10,09-09-2024,UPI/General Txn,CREDIT,3571.83,9611.57,General
C10,09-09-2024,UPI/General Txn,CREDIT,3460.57,97102.52,General
C10,09-09-2024,UPI/General Txn,DEBIT,1990.28,43425.69,General
C10,09-09-2024,UPI/General Txn,DEBIT,1683.83,84064.02,General
C10,10-09-2024,UPI/General Txn,CREDIT,3970.55,43015.68,General
C10,10-09-2024,UPI/General Txn,CREDIT,1739.76,61699.73,General
C10,10-09-2024,UPI/General Txn,CREDIT,1842.4,8122.21,General
C10,10-09-2024,UPI/General Txn,CREDIT,1855.13,31757.37,General
C10,10-09-2024,UPI/General Txn,CREDIT,646.8,44619.37,General
C10,10-09-2024,UPI/General Txn,DEBIT,3034.37,93601.16,General
C10,10-09-2024,UPI/General Txn,DEBIT,138.89,57006.73,General
C10,10-09-2024,UPI/General Txn,DEBIT,1112.07,7041.53,General
C10,11-09-2024,UPI/General Txn,DEBIT,2040.41,83875.24,General
C10,11-09-2024,UPI/General Txn,CREDIT,520.72,57985.11,General
C10,11-09-2024,UPI/General Txn,DEBIT,3295.82,18082.64,General
C10,11-09-2024,UPI/General Txn,DEBIT,1475.83,52908.23,General
C10,11-09-2024,UPI/General Txn,DEBIT,3820.69,31225.66,General
C10,11-09-2024,UPI/General Txn,DEBIT,3347.81,48480.14,General
C10,11-09-2024,UPI/General Txn,DEBIT,2110.03,57204.84,General
C10,11-09-2024,UPI/General Txn,CREDIT,2647.51,44153.5,General
C10,12-09-2024,UPI/General Txn,DEBIT,4779.1,28184.84,General
C10,12-09-2024,UPI/General Txn,DEBIT,3988.81,91088.94,General
C10,12-09-2024,UPI/General Txn,DEBIT,2812.39,84012.03,General
C10,12-09-2024,UPI/General Txn,DEBIT,1734.86,44424.72,General
C10,12-09-2024,UPI/General Txn,CREDIT,1285.85,40624.27,General
C10,12-09-2024,UPI/General Txn,DEBIT,3759.67,92925.84,General
C10,12-09-2024,UPI/General Txn,CREDIT,1698.85,42266.06,General
C10,12-09-2024,UPI/General Txn,DEBIT,177.29,58991.28,General
C10,13-09-2024,UPI/General Txn,CREDIT,300.42,48971.02,General
C10,13-09-2024,UPI/General Txn,CREDIT,1409.89,63666.21,General
C10,13-09-2024,UPI/General Txn,DEBIT,775.15,5759.7,General
C10,13-09-2024,UPI/General Txn,DEBIT,1730.51,40113.69,General
C10,13-09-2024,UPI/General Txn,CREDIT,3514.14,62781.04,General
C10,13-09-2024,UPI/General Txn,DEBIT,408.54,71349.14,General
C10,13-09-2024,UPI/General Txn,CREDIT,4122.96,41468.03,General
C10,13-09-2024,UPI/General Txn,DEBIT,3720.54,80498.94,General
C10,13-09-2024,UPI/General Txn,DEBIT,1885.71,17900.54,General
C10,13-09-2024,UPI/General Txn,CREDIT,518.91,97015.15,General
C10,13-09-2024,UPI/General Txn,DEBIT,3641.01,56151.2,General
C10,14-09-2024,UPI/General Txn,CREDIT,3400.53,34678.23,General
C10,14-09-2024,UPI/General Txn,DEBIT,1668.13,9844.74,General
C10,14-09-2024,UPI/General Txn,DEBIT,877.7,42261.71,General
C10,14-09-2024,UPI/General Txn,CREDIT,1165.97,40368.83,General
C10,14-09-2024,UPI/General Txn,CREDIT,3242.6,29568.56,General
C10,14-09-2024,UPI/General Txn,CREDIT,2037.58,56556.69,General
C10,14-09-2024,UPI/General Txn,DEBIT,3906.13,83287.76,General
C10,14-09-2024,UPI/General Txn,DEBIT,4167.67,66964.07,General
C10,15-09-2024,UPI/General Txn,DEBIT,3515.14,61107.84,General
C10,15-09-2024,UPI/General Txn,CREDIT,416.9,38089.79,General
C10,15-09-2024,UPI/General Txn,CREDIT,435.76,30594.6,General
C10,15-09-2024,UPI/General Txn,DEBIT,3987.98,34566.27,General
C10,15-09-2024,UPI/General Txn,CREDIT,3393.7,91847.63,General
C10,15-09-2024,UPI/General Txn,DEBIT,3137.57,52481.33,General
C10,15-09-2024,UPI/General Txn,DEBIT,3397.52,52217.58,General
C10,15-09-2024,UPI/General Txn,CREDIT,3256.05,27939.22,General
C10,15-09-2024,UPI/General Txn,CREDIT,2280.21,38544.3,General
C10,15-09-2024,UPI/General Txn,DEBIT,1664.27,48659.47,General
C10,15-09-2024,UPI/General Txn,CREDIT,1872.06,72803.14,General
C10,15-09-2024,UPI/General Txn,DEBIT,1390.29,64226.06,General
C10,16-09-2024,UPI/General Txn,CREDIT,1191.01,54167.3,General
C10,16-09-2024,UPI/General Txn,DEBIT,3320.49,34292.28,General
C10,16-09-2024,UPI/General Txn,DEBIT,2111.58,95124.19,General
C10,16-09-2024,UPI/General Txn,CREDIT,3657.03,77000.49,General
C10,16-09-2024,UPI/General Txn,DEBIT,4307.12,49200.81,General
C10,16-09-2024,UPI/General Txn,DEBIT,4738.38,30547.36,General
C10,16-09-2024,UPI/General Txn,DEBIT,651.51,36634.26,General
C10,16-09-2024,UPI/General Txn,DEBIT,2372.68,99416.83,General
C10,16-09-2024,UPI/General Txn,DEBIT,3353.55,13183.86,General
C10,16-09-2024,UPI/General Txn,CREDIT,1731.83,46772.02,General
C10,17-09-2024,UPI/General Txn,CREDIT,3855.85,24798.8,General
C10,17-09-2024,UPI/General Txn,CREDIT,451.61,69729.2,General
C10,17-09-2024,UPI/General Txn,DEBIT,2470.41,35887.36,General
C10,17-09-2024,UPI/General Txn,CREDIT,1889.88,40727.8,General
C10,17-09-2024,UPI/General Txn,CREDIT,608.93,27765.99,General
C10,17-09-2024,UPI/General Txn,CREDIT,4835.38,31593.04,General
C10,17-09-2024,UPI/General Txn,CREDIT,2028.19,87678.09,General
C10,17-09-2024,UPI/General Txn,DEBIT,1933.05,62337.88,General
C10,17-09-2024,UPI/General Txn,DEBIT,1638.96,86209.64,General
C10,18-09-2024,UPI/General Txn,CREDIT,1896.92,35602.29,General
C10,18-09-2024,UPI/General Txn,CREDIT,186.5,49112.46,General
C10,18-09-2024,UPI/General Txn,CREDIT,3029.24,36850.41,General
C10,18-09-2024,UPI/General Txn,CREDIT,2557.77,40842.74,General
C10,18-09-2024,UPI/General Txn,CREDIT,861.38,63178.91,General
C10,18-09-2024,UPI/General Txn,DEBIT,676.03,41643.92,General
C10,18-09-2024,UPI/General Txn,CREDIT,1267.85,44959.92,General
C10,18-09-2024,UPI/General Txn,CREDIT,1572.86,11074.44,General
C10,18-09-2024,UPI/General Txn,CREDIT,2062.19,63726.25,General
C10,18-09-2024,UPI/General Txn,CREDIT,570.48,67274.66,General
C10,18-09-2024,UPI/General Txn,DEBIT,2496.78,97445.15,General
C10,18-09-2024,UPI/General Txn,CREDIT,709.98,71650.8,General
C10,19-09-2024,UPI/General Txn,DEBIT,1766.22,52301.95,General
C10,19-09-2024,UPI/General Txn,CREDIT,1162.09,37913.47,General
C10,19-09-2024,UPI/General Txn,DEBIT,3856.26,13143.46,General
C10,19-09-2024,UPI/General Txn,CREDIT,224.45,10976.52,General
C10,19-09-2024,UPI/General Txn,CREDIT,481.38,61961.69,General
C10,19-09-2024,UPI/General Txn,DEBIT,253.07,76039.87,General
C10,19-09-2024,UPI/General Txn,DEBIT,2247.81,94071.6,General
C10,19-09-2024,UPI/General Txn,CREDIT,2354.06,57887.78,General
C10,19-09-2024,UPI/General Txn,CREDIT,2495.52,70372.18,General
C10,19-09-2024,UPI/General Txn,CREDIT,972.68,32067.79,General
C10,19-09-2024,UPI/General Txn,DEBIT,579.55,11874.35,General
C10,19-09-2024,UPI/General Txn,DEBIT,4010.82,66793.66,General
C10,20-09-2024,UPI/General Txn,CREDIT,2178.68,68008.74,General
C10,20-09-2024,UPI/General Txn,DEBIT,1829.41,79268.08,General
C10,20-09-2024,UPI/General Txn,DEBIT,2485.35,37433.43,General
C10,20-09-2024,UPI/General Txn,CREDIT,3401.65,70619.87,General
C10,20-09-2024,UPI/General Txn,DEBIT,3012.3,49415.93,General
C10,20-09-2024,UPI/General Txn,DEBIT,2326.83,53863.87,General
C10,20-09-2024,UPI/General Txn,DEBIT,1150.55,96736.83,General
C10,20-09-2024,UPI/General Txn,CREDIT,1229.37,82207.01,General
C10,20-09-2024,UPI/General Txn,DEBIT,3791.08,8366.66,General
C10,20-09-2024,UPI/General Txn,CREDIT,1028.85,91166.78,General
C10,20-09-2024,UPI/General Txn,CREDIT,1618.45,63890.04,General
C10,20-09-2024,UPI/General Txn,DEBIT,4880.35,43789.11,General
C10,21-09-2024,UPI/General Txn,CREDIT,1636.88,44721.31,General
C10,21-09-2024,UPI/General Txn,DEBIT,4118.9,95118.71,General
C10,21-09-2024,UPI/General Txn,DEBIT,1413.35,20405.7,General
C10,21-09-2024,UPI/General Txn,DEBIT,3861.46,66755.12,General
C10,21-09-2024,UPI/General Txn,DEBIT,4579.45,80654.68,General
C10,21-09-2024,UPI/General Txn,CREDIT,3893.48,84504.61,General
C10,21-09-2024,UPI/General Txn,DEBIT,2847.53,39593.36,General
C10,21-09-2024,UPI/General Txn,DEBIT,223.43,97456.63,General
C10,21-09-2024,UPI/General Txn,CREDIT,1779.26,24491.17,General
C10,22-09-2024,UPI/General Txn,CREDIT,4067.91,71046.66,General
C10,22-09-2024,UPI/General Txn,DEBIT,4019.6,88749.24,General
C10,22-09-2024,UPI/General Txn,CREDIT,4333.52,43487.26,General
C10,22-09-2024,UPI/General Txn,DEBIT,2958.04,81214.54,General
C10,22-09-2024,UPI/General Txn,DEBIT,3393.87,79879.63,General
C10,22-09-2024,UPI/General Txn,CREDIT,914.61,63035.68,General
C10,22-09-2024,UPI/General Txn,DEBIT,915.32,80705.3,General
C10,22-09-2024,UPI/General Txn,DEBIT,504.78,58972.51,General
C10,22-09-2024,UPI/General Txn,DEBIT,3969.62,84447.29,General
C10,22-09-2024,UPI/General Txn,CREDIT,4069.06,40037.13,General
C10,22-09-2024,UPI/General Txn,CREDIT,3815.29,45698.99,General
C10,23-09-2024,UPI/General Txn,CREDIT,3182.97,38376.7,General
C10,23-09-2024,UPI/General Txn,DEBIT,1924.28,18905.48,General
C10,23-09-2024,UPI/General Txn,CREDIT,3463.56,28736.24,General
C10,23-09-2024,UPI/General Txn,DEBIT,4630.22,52556.42,General
C10,23-09-2024,UPI/General Txn,CREDIT,4006.73,9447.48,General
C10,23-09-2024,UPI/General Txn,CREDIT,1972.03,19570.44,General
C10,23-09-2024,UPI/General Txn,CREDIT,4835.22,15294.06,General
C10,23-09-2024,UPI/General Txn,DEBIT,1109.78,69311.66,General
C10,23-09-2024,UPI/General Txn,CREDIT,1160.3,51786.11,General
C10,23-09-2024,UPI/General Txn,CREDIT,3923.58,86333.58,General
C10,24-09-2024,UPI/General Txn,DEBIT,1374.84,17415.44,General
C10,24-09-2024,UPI/General Txn,CREDIT,4735.98,66525.71,General
C10,24-09-2024,UPI/General Txn,DEBIT,1294.77,33040.68,General
C10,24-09-2024,UPI/General Txn,DEBIT,4876.41,12017.92,General
C10,24-09-2024,UPI/General Txn,DEBIT,2270.29,91230.41,General
C10,24-09-2024,UPI/General Txn,DEBIT,155.95,51307.66,General
C10,24-09-2024,UPI/General Txn,CREDIT,4404.4,92093.29,General
C10,24-09-2024,UPI/General Txn,CREDIT,2396.69,5574.78,General
C10,25-09-2024,UPI/General Txn,CREDIT,151.78,66478.62,General
C10,25-09-2024,UPI/General Txn,DEBIT,2467.53,97161.1,General
C10,25-09-2024,UPI/General Txn,CREDIT,1262.47,38344.43,General
C10,25-09-2024,UPI/General Txn,CREDIT,3728.27,1255.78,General
C10,25-09-2024,UPI/General Txn,CREDIT,2163.23,69215.25,General
C10,25-09-2024,UPI/General Txn,CREDIT,421.83,19368.64,General
C10,25-09-2024,UPI/General Txn,DEBIT,559.66,5137.87,General
C10,25-09-2024,UPI/General Txn,CREDIT,2773.44,56530.5,General
C10,25-09-2024,UPI/General Txn,DEBIT,3318.18,50599.38,General
C10,25-09-2024,UPI/General Txn,DEBIT,4088.22,5426.89,General
C10,25-09-2024,UPI/General Txn,DEBIT,4441.64,39325.14,General
C10,25-09-2024,UPI/General Txn,CREDIT,1557.13,79788.68,General
C10,26-09-2024,UPI/General Txn,CREDIT,3112.32,30552.55,General
C10,26-09-2024,UPI/General Txn,DEBIT,2985.23,40726.53,General
C10,26-09-2024,UPI/General Txn,DEBIT,1682.22,61313.38,General
C10,26-09-2024,UPI/General Txn,CREDIT,200.12,79812.38,General
C10,26-09-2024,UPI/General Txn,CREDIT,2888.73,64872.12,General
C10,26-09-2024,UPI/General Txn,DEBIT,1224.39,34293.01,General
C10,26-09-2024,UPI/General Txn,DEBIT,3343.82,70811.59,General
C10,26-09-2024,UPI/General Txn,DEBIT,3021.3,13214.9,General
C10,26-09-2024,UPI/General Txn,CREDIT,438.84,56306.67,General
C10,26-09-2024,UPI/General Txn,CREDIT,589.22,99353.54,General
C10,27-09-2024,UPI/General Txn,CREDIT,2939.93,95493.98,General
C10,27-09-2024,UPI/General Txn,DEBIT,2365.62,12668.7,General
C10,27-09-2024,UPI/General Txn,DEBIT,1727.36,7631.49,General
C10,27-09-2024,UPI/General Txn,CREDIT,1319.94,73133.92,General
C10,27-09-2024,UPI/General Txn,CREDIT,3926.7,95307.45,General
C10,27-09-2024,UPI/General Txn,DEBIT,2067.49,14918.97,General
C10,27-09-2024,UPI/General Txn,DEBIT,654.1,55489.89,General
C10,27-09-2024,UPI/General Txn,CREDIT,2599.22,79474.06,General
C10,27-09-2024,UPI/General Txn,DEBIT,2620.56,86619.11,General
C10,28-09-2024,UPI/General Txn,CREDIT,1236.33,54978.4,General
C10,28-09-2024,UPI/General Txn,CREDIT,3804.43,20020.29,General
C10,28-09-2024,UPI/General Txn,DEBIT,4212.06,1421.91,General
C10,28-09-2024,UPI/General Txn,DEBIT,1874.23,88653.56,General
C10,28-09-2024,UPI/General Txn,DEBIT,1698.73,48521.78,General
C10,28-09-2024,UPI/General Txn,CREDIT,1756.55,38360.8,General
C10,28-09-2024,UPI/General Txn,CREDIT,1166.59,13089.66,General
C10,28-09-2024,UPI/General Txn,DEBIT,4392.8,31121.56,General
C10,28-09-2024,UPI/General Txn,DEBIT,4546,15903.64,General
C10,28-09-2024,UPI/General Txn,DEBIT,2761.09,9591.27,General
C10,28-09-2024,UPI/General Txn,CREDIT,1719.05,57059.88,General
C10,28-09-2024,UPI/General Txn,DEBIT,158.48,34548.6,General
C10,29-09-2024,UPI/General Txn,CREDIT,2323.6,92965.76,General
C10,29-09-2024,UPI/General Txn,CREDIT,499.08,70226.63,General
C10,29-09-2024,UPI/General Txn,CREDIT,1042,41669.75,General
C10,29-09-2024,UPI/General Txn,DEBIT,2314.32,89431.92,General
C10,29-09-2024,UPI/General Txn,DEBIT,1586.98,26111.27,General
C10,29-09-2024,UPI/General Txn,CREDIT,4671.01,1476.46,General
C10,29-09-2024,UPI/General Txn,CREDIT,556.79,26083.63,General
C10,29-09-2024,UPI/General Txn,CREDIT,4064.84,21674.56,General
C10,29-09-2024,UPI/General Txn,CREDIT,2296.27,12415.03,General
C10,29-09-2024,UPI/General Txn,CREDIT,2831.03,46293,General
C10,29-09-2024,UPI/General Txn,CREDIT,4341.78,85913.16,General
C10,29-09-2024,UPI/General Txn,CREDIT,146.01,23219.63,General
C10,30-09-2024,UPI/General Txn,CREDIT,4714.54,67955.91,General
C10,30-09-2024,UPI/General Txn,DEBIT,3374.65,84433.1,General
C10,30-09-2024,UPI/General Txn,CREDIT,3231.36,76270.12,General
C10,30-09-2024,UPI/General Txn,DEBIT,318.58,18527.66,General
C10,30-09-2024,UPI/General Txn,CREDIT,2942.71,75093.27,General
C10,30-09-2024,UPI/General Txn,CREDIT,3640.56,33999.77,General
C10,30-09-2024,UPI/General Txn,CREDIT,3799.16,89717.56,General
C10,30-09-2024,UPI/General Txn,CREDIT,1393.73,12514.73,General
C10,30-09-2024,UPI/General Txn,CREDIT,101.58,89793.6,General
C10,30-09-2024,UPI/General Txn,CREDIT,4308.05,70390.04,General
C10,01-10-2024,UPI/General Txn,DEBIT,3654.27,84526.03,General
C10,01-10-2024,UPI/General Txn,CREDIT,2752.87,39314.65,General
C10,01-10-2024,UPI/General Txn,CREDIT,4296.58,17057.6,General
C10,01-10-2024,UPI/General Txn,CREDIT,352.18,81945.22,General
C10,01-10-2024,UPI/General Txn,CREDIT,3618.78,80471.88,General
C10,01-10-2024,UPI/General Txn,DEBIT,2126.43,11413.43,General
C10,01-10-2024,UPI/General Txn,CREDIT,351,39828.27,General
C10,01-10-2024,UPI/General Txn,CREDIT,4417.45,29703.07,General
C10,01-10-2024,UPI/General Txn,CREDIT,3741.58,34800.63,General
C10,01-10-2024,UPI/General Txn,CREDIT,834.3,16018.37,General
C10,01-10-2024,UPI/General Txn,DEBIT,1998.27,30308.29,General
C10,02-10-2024,UPI/General Txn,DEBIT,1414.98,76062.97,General
C10,02-10-2024,UPI/General Txn,CREDIT,2941.85,95707.19,General
C10,02-10-2024,UPI/General Txn,CREDIT,1963.11,74422.66,General
C10,02-10-2024,UPI/General Txn,CREDIT,155.9,38516.65,General
C10,02-10-2024,UPI/General Txn,DEBIT,2991.65,92294.72,General
C10,02-10-2024,UPI/General Txn,CREDIT,4773.9,7700.25,General
C10,02-10-2024,UPI/General Txn,CREDIT,2645.07,78396.99,General
C10,02-10-2024,UPI/General Txn,CREDIT,2434.15,88432.04,General
C10,02-10-2024,UPI/General Txn,CREDIT,4462.82,60018.2,General
C10,02-10-2024,UPI/General Txn,DEBIT,2395.1,57380.8,General
C10,03-10-2024,UPI/General Txn,DEBIT,807.14,50203.24,General
C10,03-10-2024,UPI/General Txn,CREDIT,2987.37,7906.15,General
C10,03-10-2024,UPI/General Txn,DEBIT,3948.09,94688.9,General
C10,03-10-2024,UPI/General Txn,CREDIT,3820.52,13197.07,General
C10,03-10-2024,UPI/General Txn,CREDIT,2814.1,18066.74,General
C10,03-10-2024,UPI/General Txn,DEBIT,3337.38,41279.8,General
C10,03-10-2024,UPI/General Txn,DEBIT,4837.5,29454.54,General
C10,03-10-2024,UPI/General Txn,DEBIT,903.42,68756.68,General
C10,03-10-2024,UPI/General Txn,DEBIT,3903.95,78991.56,General
C10,03-10-2024,UPI/General Txn,DEBIT,1156.81,25970.89,General
C10,03-10-2024,UPI/General Txn,CREDIT,1957.52,81625.14,General
C10,04-10-2024,UPI/General Txn,CREDIT,4189.14,57033.88,General
C10,04-10-2024,UPI/General Txn,DEBIT,4874.13,68325.04,General
C10,04-10-2024,UPI/General Txn,CREDIT,111.3,65782.22,General
C10,04-10-2024,UPI/General Txn,CREDIT,1034.57,54230.89,General
C10,04-10-2024,UPI/General Txn,DEBIT,2019.76,60279.78,General
C10,04-10-2024,UPI/General Txn,CREDIT,542.69,25001.57,General
C10,04-10-2024,UPI/General Txn,DEBIT,3605.47,4267.62,General
C10,04-10-2024,UPI/General Txn,CREDIT,1974.45,26127.03,General
C10,05-10-2024,UPI/Friend salary joke,CREDIT,1748.03,78207.37,Other
C10,05-10-2024,UPI/General Txn,DEBIT,1769.15,12528.34,General
C10,05-10-2024,UPI/General Txn,DEBIT,2935.42,26336.58,General
C10,05-10-2024,UPI/Friend salary joke,CREDIT,1874.34,90546.91,Other
C10,05-10-2024,UPI/General Txn,DEBIT,2694.1,33074.36,General
C10,05-10-2024,UPI/Friend salary joke,CREDIT,4874.69,76253.13,Other
C10,05-10-2024,UPI/General Txn,DEBIT,1583.15,37151.19,General
C10,05-10-2024,UPI/Friend salary joke,CREDIT,4023.5,56155.95,Other
C10,05-10-2024,UPI/Friend salary joke,CREDIT,4857.55,55514.21,Other
C10,05-10-2024,UPI/Friend salary joke,CREDIT,3223.95,54891.29,Other
C10,05-10-2024,UPI/General Txn,DEBIT,234.32,5162.28,General
C10,05-10-2024,UPI/General Txn,DEBIT,3638.32,17709.6,General
C10,06-10-2024,UPI/General Txn,CREDIT,4449.8,4384.08,General
C10,06-10-2024,UPI/General Txn,CREDIT,4506.73,56458.08,General
C10,06-10-2024,UPI/General Txn,DEBIT,4825.84,95190.63,General
C10,06-10-2024,UPI/General Txn,DEBIT,3900.86,54454.61,General
C10,06-10-2024,UPI/General Txn,CREDIT,2412.68,16788.48,General
C10,06-10-2024,UPI/General Txn,CREDIT,4439.19,21095.29,General
C10,06-10-2024,UPI/General Txn,DEBIT,4008.15,25908.23,General
C10,06-10-2024,UPI/General Txn,CREDIT,871.78,57171.01,General
C10,06-10-2024,UPI/General Txn,DEBIT,4006.3,58051.45,General
C10,07-10-2024,UPI/General Txn,CREDIT,2422.06,31661.24,General
C10,07-10-2024,UPI/General Txn,DEBIT,662.79,24211.02,General
C10,07-10-2024,UPI/General Txn,DEBIT,3825.18,47629.73,General
C10,07-10-2024,UPI/General Txn,DEBIT,194.99,70456.8,General
C10,07-10-2024,UPI/General Txn,CREDIT,976.11,31909.73,General
C10,07-10-2024,UPI/General Txn,DEBIT,3455.4,93960.67,General
C10,07-10-2024,UPI/General Txn,DEBIT,820.98,73331.63,General
C10,07-10-2024,UPI/General Txn,DEBIT,3314.81,9144.64,General
C10,08-10-2024,UPI/General Txn,CREDIT,1868.18,94764.43,General
C10,08-10-2024,UPI/General Txn,CREDIT,427.43,53452.9,General
C10,08-10-2024,UPI/General Txn,DEBIT,3135.62,6499.81,General
C10,08-10-2024,UPI/General Txn,CREDIT,4451.43,42090.19,General
C10,08-10-2024,UPI/General Txn,CREDIT,4384.79,65373.16,General
C10,08-10-2024,UPI/General Txn,DEBIT,187.74,36195.66,General
C10,08-10-2024,UPI/General Txn,CREDIT,2088.19,26033.37,General
C10,08-10-2024,UPI/General Txn,DEBIT,936.97,23751.37,General
C10,08-10-2024,UPI/General Txn,DEBIT,3634.42,48646.86,General
C10,08-10-2024,UPI/General Txn,CREDIT,4551.88,29943.11,General
C10,08-10-2024,UPI/General Txn,DEBIT,2759.98,20964.66,General
C10,09-10-2024,UPI/General Txn,CREDIT,4841.22,15034.11,General
C10,09-10-2024,UPI/General Txn,DEBIT,1265.75,40391.75,General
C10,09-10-2024,UPI/General Txn,DEBIT,3565.37,43198.22,General
C10,09-10-2024,UPI/General Txn,CREDIT,3998.54,34221.73,General
C10,09-10-2024,UPI/General Txn,DEBIT,4891.33,23682.88,General
C10,09-10-2024,UPI/General Txn,DEBIT,2066.55,27521.22,General
C10,09-10-2024,UPI/General Txn,CREDIT,3351.93,50516.59,General
C10,09-10-2024,UPI/General Txn,CREDIT,588.64,1689.76,General
C10,09-10-2024,UPI/General Txn,DEBIT,1888.41,56984.13,General
C10,09-10-2024,UPI/General Txn,CREDIT,2532.12,67261.63,General
C10,09-10-2024,UPI/General Txn,DEBIT,235.77,35689.36,General
C10,09-10-2024,UPI/General Txn,DEBIT,2900.14,12796.65,General
C10,10-10-2024,UPI/General Txn,CREDIT,858.21,13506.46,General
C10,10-10-2024,UPI/General Txn,DEBIT,1211.54,96983.61,General
C10,10-10-2024,UPI/General Txn,DEBIT,2304.82,83302.73,General
C10,10-10-2024,UPI/General Txn,DEBIT,2919.21,75641.13,General
C10,10-10-2024,UPI/General Txn,DEBIT,2968.9,59745.59,General
C10,10-10-2024,UPI/General Txn,CREDIT,605.39,91534.07,General
C10,10-10-2024,UPI/General Txn,DEBIT,4071.72,43506.27,General
C10,10-10-2024,UPI/General Txn,CREDIT,1133.96,9244.91,General
C10,10-10-2024,UPI/General Txn,DEBIT,3047.56,90499.74,General
C10,10-10-2024,UPI/General Txn,CREDIT,2386.56,30967.69,General
C10,10-10-2024,UPI/General Txn,CREDIT,4310.14,91559.29,General
C10,10-10-2024,UPI/General Txn,CREDIT,1565.23,82845.86,General
C10,11-10-2024,UPI/General Txn,CREDIT,2119.02,13898.32,General
C10,11-10-2024,UPI/General Txn,DEBIT,3046.32,69616.96,General
C10,11-10-2024,UPI/General Txn,CREDIT,971.3,73034.11,General
C10,11-10-2024,UPI/General Txn,CREDIT,1254.61,71119.73,General
C10,11-10-2024,UPI/General Txn,DEBIT,2359.33,88304.98,General
C10,11-10-2024,UPI/General Txn,DEBIT,1363.63,63900.28,General
C10,11-10-2024,UPI/General Txn,CREDIT,1068.01,86132.87,General
C10,11-10-2024,UPI/General Txn,CREDIT,3150.92,52370.31,General
C10,11-10-2024,UPI/General Txn,CREDIT,907.48,36828.41,General
C10,11-10-2024,UPI/General Txn,CREDIT,640.56,75515.65,General
C10,11-10-2024,UPI/General Txn,DEBIT,4271.91,89538.39,General
C10,11-10-2024,UPI/General Txn,DEBIT,4346.09,83656.87,General
C10,12-10-2024,UPI/General Txn,DEBIT,4587.37,76527.02,General
C10,12-10-2024,UPI/General Txn,DEBIT,1209.33,64430.03,General
C10,12-10-2024,UPI/General Txn,CREDIT,714.27,58537.06,General
C10,12-10-2024,UPI/General Txn,DEBIT,2151.93,63021.94,General
C10,12-10-2024,UPI/General Txn,CREDIT,3632.88,1938.89,General
C10,12-10-2024,UPI/General Txn,CREDIT,422.5,48809.99,General
C10,12-10-2024,UPI/General Txn,DEBIT,2441.62,29510.4,General
C10,12-10-2024,UPI/General Txn,CREDIT,922.18,69757.76,General
C10,12-10-2024,UPI/General Txn,DEBIT,4848.13,13463.18,General
C10,12-10-2024,UPI/General Txn,DEBIT,1382.33,92361.43,General
C10,12-10-2024,UPI/General Txn,DEBIT,1182.04,6252.08,General
C10,12-10-2024,UPI/General Txn,CREDIT,3826.33,92372.3,General
C10,13-10-2024,UPI/General Txn,CREDIT,4570.62,15682.54,General
C10,13-10-2024,UPI/General Txn,DEBIT,1284.46,75462.07,General
C10,13-10-2024,UPI/General Txn,DEBIT,1003.3,40204.19,General
C10,13-10-2024,UPI/General Txn,CREDIT,4566.07,49642.89,General
C10,13-10-2024,UPI/General Txn,CREDIT,4344.79,57586.21,General
C10,13-10-2024,UPI/General Txn,DEBIT,3961,63779.31,General
C10,13-10-2024,UPI/General Txn,DEBIT,2656.35,91922.23,General
C10,13-10-2024,UPI/General Txn,DEBIT,4006.21,97910.25,General
C10,14-10-2024,UPI/General Txn,CREDIT,2684.69,45389.14,General
C10,14-10-2024,UPI/General Txn,DEBIT,1600.26,57945.65,General
C10,14-10-2024,UPI/General Txn,CREDIT,3223.12,62029.22,General
C10,14-10-2024,UPI/General Txn,CREDIT,3453.52,78964.15,General
C10,14-10-2024,UPI/General Txn,DEBIT,4006.53,98310.87,General
C10,14-10-2024,UPI/General Txn,DEBIT,1321.06,79174.75,General
C10,14-10-2024,UPI/General Txn,DEBIT,914.2,74433.63,General
C10,14-10-2024,UPI/General Txn,DEBIT,2378.37,40865.72,General
C10,14-10-2024,UPI/General Txn,DEBIT,151.93,15181.7,General
C10,14-10-2024,UPI/General Txn,DEBIT,2857.56,70613.93,General
C10,14-10-2024,UPI/General Txn,CREDIT,3217.16,30760.79,General
C10,14-10-2024,UPI/General Txn,DEBIT,2321.08,86601.86,General
C10,15-10-2024,UPI/General Txn,CREDIT,1575.42,50820.58,General
C10,15-10-2024,UPI/General Txn,CREDIT,1322.16,32491.79,General
C10,15-10-2024,UPI/General Txn,DEBIT,3327.43,71725.46,General
C10,15-10-2024,UPI/General Txn,DEBIT,1492.29,13369.15,General
C10,15-10-2024,UPI/General Txn,DEBIT,3134.29,72687.72,General
C10,15-10-2024,UPI/General Txn,CREDIT,3774.63,44844.59,General
C10,15-10-2024,UPI/General Txn,CREDIT,1882.06,94662.84,General
C10,15-10-2024,UPI/General Txn,DEBIT,1200.71,31271.93,General
C10,15-10-2024,UPI/General Txn,CREDIT,1232.87,59160.73,General
C10,15-10-2024,UPI/General Txn,DEBIT,1458.17,74194.83,General
C10,16-10-2024,UPI/General Txn,CREDIT,4339.12,18277.23,General
C10,16-10-2024,UPI/General Txn,DEBIT,2397.17,34103.01,General
C10,16-10-2024,UPI/General Txn,DEBIT,1070.83,89301.73,General
C10,16-10-2024,UPI/General Txn,CREDIT,1306.74,24011.9,General
C10,16-10-2024,UPI/General Txn,DEBIT,1767.9,5996.89,General
C10,16-10-2024,UPI/General Txn,CREDIT,4930.23,31712.39,General
C10,16-10-2024,UPI/General Txn,DEBIT,4241.16,30018.91,General
C10,16-10-2024,UPI/General Txn,CREDIT,2430.7,3142.24,General
C10,16-10-2024,UPI/General Txn,CREDIT,2893.28,19896.86,General
C10,16-10-2024,UPI/General Txn,DEBIT,4112.77,6441.51,General
C10,16-10-2024,UPI/General Txn,DEBIT,1227.74,33095.47,General
C10,16-10-2024,UPI/General Txn,DEBIT,455.85,13425.84,General
C10,17-10-2024,UPI/General Txn,DEBIT,1700.6,49259.9,General
C10,17-10-2024,UPI/General Txn,CREDIT,539.89,33102.35,General
C10,17-10-2024,UPI/General Txn,DEBIT,4310.08,80593.21,General
C10,17-10-2024,UPI/General Txn,CREDIT,4784.51,63770.94,General
C10,17-10-2024,UPI/General Txn,CREDIT,3521.5,16036.66,General
C10,17-10-2024,UPI/General Txn,CREDIT,4487.27,94684.03,General
C10,17-10-2024,UPI/General Txn,DEBIT,2027.02,8790.93,General
C10,17-10-2024,UPI/General Txn,CREDIT,3141.18,81488.21,General
C10,17-10-2024,UPI/General Txn,DEBIT,4293.67,32753.45,General
C10,18-10-2024,UPI/General Txn,DEBIT,4023.84,94196.65,General
C10,18-10-2024,UPI/General Txn,DEBIT,3876.4,59051.87,General
C10,18-10-2024,UPI/General Txn,CREDIT,4237.95,90438.45,General
C10,18-10-2024,UPI/General Txn,DEBIT,1811.55,73193.37,General
C10,18-10-2024,UPI/General Txn,CREDIT,1619.3,93228.46,General
C10,18-10-2024,UPI/General Txn,CREDIT,4873.12,11897.44,General
C10,18-10-2024,UPI/General Txn,CREDIT,3490.83,36436.29,General
C10,18-10-2024,UPI/General Txn,CREDIT,4752.03,43792.03,General
C10,18-10-2024,UPI/General Txn,DEBIT,1230.01,98085.5,General
C10,18-10-2024,UPI/General Txn,DEBIT,2106.94,84149.66,General
C10,18-10-2024,UPI/General Txn,CREDIT,2209.86,14278.66,General
C10,18-10-2024,UPI/General Txn,CREDIT,4275.16,89285.95,General
C10,19-10-2024,UPI/General Txn,DEBIT,1263.49,1916.56,General
C10,19-10-2024,UPI/General Txn,CREDIT,3917.61,44146.02,General
C10,19-10-2024,UPI/General Txn,DEBIT,458.47,29627.02,General
C10,19-10-2024,UPI/General Txn,CREDIT,368.2,50596.51,General
C10,19-10-2024,UPI/General Txn,CREDIT,1856.65,59969,General
C10,19-10-2024,UPI/General Txn,DEBIT,2356.84,31301.12,General
C10,19-10-2024,UPI/General Txn,CREDIT,3460.61,3373.89,General
C10,19-10-2024,UPI/General Txn,DEBIT,4673.03,74771.13,General
C10,19-10-2024,UPI/General Txn,DEBIT,3005.02,5369,General
C10,19-10-2024,UPI/General Txn,CREDIT,4590.66,73540.68,General
C10,19-10-2024,UPI/General Txn,DEBIT,4262.94,60389.68,General
C10,20-10-2024,UPI/General Txn,DEBIT,4172.18,54256.75,General
C10,20-10-2024,UPI/General Txn,CREDIT,1114.91,80125.62,General
C10,20-10-2024,UPI/General Txn,DEBIT,4489.57,39201.5,General
C10,20-10-2024,UPI/General Txn,DEBIT,1291.06,41355.55,General
C10,20-10-2024,UPI/General Txn,CREDIT,2590.46,9770.9,General
C10,20-10-2024,UPI/General Txn,CREDIT,4104.77,93327.05,General
C10,20-10-2024,UPI/General Txn,DEBIT,4661.72,99308.11,General
C10,20-10-2024,UPI/General Txn,CREDIT,3175.78,34073.07,General
C10,20-10-2024,UPI/General Txn,DEBIT,2061.27,38639.16,General
C10,20-10-2024,UPI/General Txn,DEBIT,962.88,2191.12,General
C10,20-10-2024,UPI/General Txn,CREDIT,4751.31,16502.71,General
C10,21-10-2024,UPI/General Txn,DEBIT,3647.61,67649.73,General
C10,21-10-2024,UPI/General Txn,CREDIT,4723.83,45295.43,General
C10,21-10-2024,UPI/General Txn,CREDIT,3198.14,21867.06,General
C10,21-10-2024,UPI/General Txn,DEBIT,2157.88,47144.89,General
C10,21-10-2024,UPI/General Txn,DEBIT,1194.05,95983.31,General
C10,21-10-2024,UPI/General Txn,CREDIT,1187.53,60762.38,General
C10,21-10-2024,UPI/General Txn,CREDIT,4766.27,11220.78,General
C10,21-10-2024,UPI/General Txn,CREDIT,1350.99,61148.92,General
C10,22-10-2024,UPI/General Txn,DEBIT,2117.11,26761.02,General
C10,22-10-2024,UPI/General Txn,DEBIT,2455.95,94438.11,General
C10,22-10-2024,UPI/General Txn,CREDIT,1956.7,45494.6,General
C10,22-10-2024,UPI/General Txn,CREDIT,435.05,76523.29,General
C10,22-10-2024,UPI/General Txn,DEBIT,4476.76,43073.67,General
C10,22-10-2024,UPI/General Txn,DEBIT,1836.18,35758.33,General
C10,22-10-2024,UPI/General Txn,CREDIT,3077.34,82281.65,General
C10,22-10-2024,UPI/General Txn,CREDIT,1115.42,25645.44,General
C10,22-10-2024,UPI/General Txn,DEBIT,3777.42,91694.4,General
C10,23-10-2024,UPI/General Txn,DEBIT,1126.59,2609.49,General
C10,23-10-2024,UPI/General Txn,CREDIT,258.62,53396.34,General
C10,23-10-2024,UPI/General Txn,CREDIT,4810.49,33796.37,General
C10,23-10-2024,UPI/General Txn,DEBIT,3975.94,77282.51,General
C10,23-10-2024,UPI/General Txn,CREDIT,3547.18,79665.59,General
C10,23-10-2024,UPI/General Txn,DEBIT,190.3,10842.74,General
C10,23-10-2024,UPI/General Txn,CREDIT,2526.13,11718.27,General
C10,23-10-2024,UPI/General Txn,CREDIT,3935.55,11665.39,General
C10,23-10-2024,UPI/General Txn,CREDIT,1487.54,67656.47,General
C10,23-10-2024,UPI/General Txn,DEBIT,161.81,15214.15,General
C10,23-10-2024,UPI/General Txn,DEBIT,3357.45,95439.7,General
C10,24-10-2024,UPI/General Txn,DEBIT,1751.37,66160.24,General
C10,24-10-2024,UPI/General Txn,CREDIT,4984.26,59395.54,General
C10,24-10-2024,UPI/General Txn,DEBIT,253.62,66914.99,General
C10,24-10-2024,UPI/General Txn,DEBIT,2972.13,57234.82,General
C10,24-10-2024,UPI/General Txn,CREDIT,2530.28,24453.25,General
C10,24-10-2024,UPI/General Txn,DEBIT,2599.01,31675.78,General
C10,24-10-2024,UPI/General Txn,DEBIT,577.24,2305.77,General
C10,24-10-2024,UPI/General Txn,CREDIT,4011.84,25624.33,General
C10,24-10-2024,UPI/General Txn,DEBIT,1176.82,3722.21,General
C10,24-10-2024,UPI/General Txn,CREDIT,2943.29,23116.76,General
C10,25-10-2024,UPI/General Txn,DEBIT,3113.93,98605.67,General
C10,25-10-2024,UPI/General Txn,CREDIT,2509.42,11529.3,General
C10,25-10-2024,UPI/General Txn,CREDIT,4958.79,32095.1,General
C10,25-10-2024,UPI/General Txn,CREDIT,1430.2,16107.79,General
C10,25-10-2024,UPI/General Txn,DEBIT,3134.07,36563.4,General
C10,25-10-2024,UPI/General Txn,CREDIT,2657.16,16519.46,General
C10,25-10-2024,UPI/General Txn,CREDIT,1750.44,78020.92,General
C10,25-10-2024,UPI/General Txn,DEBIT,3196,1413.58,General
C10,25-10-2024,UPI/General Txn,DEBIT,724.23,13834.29,General
C10,26-10-2024,UPI/General Txn,CREDIT,290.87,74612.25,General
C10,26-10-2024,UPI/General Txn,DEBIT,2312.88,19260.77,General
C10,26-10-2024,UPI/General Txn,CREDIT,486.18,52347.05,General
C10,26-10-2024,UPI/General Txn,CREDIT,3709.24,11126.61,General
C10,26-10-2024,UPI/General Txn,DEBIT,2631.26,77448.08,General
C10,26-10-2024,UPI/General Txn,DEBIT,2583.52,34344.61,General
C10,26-10-2024,UPI/General Txn,CREDIT,2122.81,5301.01,General
C10,26-10-2024,UPI/General Txn,DEBIT,2757.1,85130.27,General
C10,26-10-2024,UPI/General Txn,DEBIT,1165.8,49291.87,General
C10,26-10-2024,UPI/General Txn,CREDIT,2811.29,49105.5,General
C10,27-10-2024,UPI/General Txn,CREDIT,264.86,80166.08,General
C10,27-10-2024,UPI/General Txn,CREDIT,2139.79,14912.97,General
C10,27-10-2024,UPI/General Txn,CREDIT,2015.45,83083.65,General
C10,27-10-2024,UPI/General Txn,CREDIT,4070.54,30971.87,General
C10,27-10-2024,UPI/General Txn,DEBIT,860.93,16847,General
C10,27-10-2024,UPI/General Txn,DEBIT,4887.7,25855.15,General
C10,27-10-2024,UPI/General Txn,CREDIT,2766.68,19947.89,General
C10,27-10-2024,UPI/General Txn,CREDIT,445.43,24235.84,General
C10,27-10-2024,UPI/General Txn,CREDIT,476.37,5113.69,General
C10,27-10-2024,UPI/General Txn,DEBIT,4720.81,91426.58,General
C10,27-10-2024,UPI/General Txn,DEBIT,254.67,38645.64,General
C10,27-10-2024,UPI/General Txn,DEBIT,1965.18,92088.58,General
C10,28-10-2024,UPI/General Txn,DEBIT,3060.99,67284.08,General
C10,28-10-2024,UPI/General Txn,CREDIT,2102.94,9441.71,General
C10,28-10-2024,UPI/General Txn,DEBIT,1392.1,87462.4,General
C10,28-10-2024,UPI/General Txn,DEBIT,2882.52,83251.11,General
C10,28-10-2024,UPI/General Txn,DEBIT,4091.46,73630.13,General
C10,28-10-2024,UPI/General Txn,CREDIT,4250.29,95684.89,General
C10,28-10-2024,UPI/General Txn,DEBIT,3415.05,88950.69,General
C10,28-10-2024,UPI/General Txn,CREDIT,3658.78,56459.69,General
C10,29-10-2024,UPI/General Txn,DEBIT,1518.38,22824,General
C10,29-10-2024,UPI/General Txn,DEBIT,484.61,20602.41,General
C10,29-10-2024,UPI/General Txn,DEBIT,441.83,11975.57,General
C10,29-10-2024,UPI/General Txn,DEBIT,4303.54,31893,General
C10,29-10-2024,UPI/General Txn,CREDIT,4749.01,92241.35,General
C10,29-10-2024,UPI/General Txn,DEBIT,3517.3,16500.67,General
C10,29-10-2024,UPI/General Txn,CREDIT,3217.29,87513.55,General
C10,29-10-2024,UPI/General Txn,CREDIT,3375.73,31870.09,General
C10,29-10-2024,UPI/General Txn,CREDIT,288.91,41992.98,General
C10,30-10-2024,UPI/General Txn,DEBIT,3749.72,80860.54,General
C10,30-10-2024,UPI/General Txn,CREDIT,4523.4,10908.66,General
C10,30-10-2024,UPI/General Txn,CREDIT,3336.85,53130.14,General
C10,30-10-2024,UPI/General Txn,DEBIT,439.12,11352.08,General
C10,30-10-2024,UPI/General Txn,CREDIT,4065.69,76529.82,General
C10,30-10-2024,UPI/General Txn,CREDIT,2009.65,47906.32,General
C10,30-10-2024,UPI/General Txn,DEBIT,4737.19,46314.74,General
C10,30-10-2024,UPI/General Txn,CREDIT,3340.82,60364.71,General
C10,30-10-2024,UPI/General Txn,CREDIT,3973.74,72838.75,General
C10,30-10-2024,UPI/General Txn,DEBIT,233.87,85927.29,General
C10,30-10-2024,UPI/General Txn,CREDIT,4693.06,26568.85,General
C10,30-10-2024,UPI/General Txn,CREDIT,3174.2,1367.29,General
C10,31-10-2024,UPI/General Txn,DEBIT,1309.97,71093.87,General
C10,31-10-2024,UPI/General Txn,CREDIT,2026.6,9807.2,General
C10,31-10-2024,UPI/General Txn,CREDIT,4097.52,96383.71,General
C10,31-10-2024,UPI/General Txn,CREDIT,446.96,2675.22,General
C10,31-10-2024,UPI/General Txn,CREDIT,922.37,35708.7,General
C10,31-10-2024,UPI/General Txn,DEBIT,4707.49,35420.61,General
C10,31-10-2024,UPI/General Txn,CREDIT,4634.75,24902.15,General
C10,31-10-2024,UPI/General Txn,DEBIT,3458.68,9040.2,General
C10,31-10-2024,UPI/General Txn,CREDIT,4982.61,64756.7,General
C10,01-11-2024,UPI/General Txn,DEBIT,2094.32,17408.62,General
C10,01-11-2024,UPI/General Txn,DEBIT,1206.71,39461.24,General
C10,01-11-2024,UPI/General Txn,DEBIT,1514.24,28808.98,General
C10,01-11-2024,UPI/General Txn,CREDIT,1523.91,46924.04,General
C10,01-11-2024,UPI/General Txn,CREDIT,1571.54,77714.84,General
C10,01-11-2024,UPI/General Txn,CREDIT,3217.13,51367.79,General
C10,01-11-2024,UPI/General Txn,CREDIT,2632.15,2199.59,General
C10,01-11-2024,UPI/General Txn,CREDIT,3283.19,81004.24,General
C10,01-11-2024,UPI/General Txn,DEBIT,224.23,92213.96,General
C10,01-11-2024,UPI/General Txn,CREDIT,2334.38,1388.94,General
C10,02-11-2024,UPI/General Txn,DEBIT,2278.13,65730.37,General
C10,02-11-2024,UPI/General Txn,CREDIT,1634.67,59956.31,General
C10,02-11-2024,UPI/General Txn,DEBIT,4063.83,44970.97,General
C10,02-11-2024,UPI/General Txn,DEBIT,605.99,44792.63,General
C10,02-11-2024,UPI/General Txn,CREDIT,2911.3,83382.59,General
C10,02-11-2024,UPI/General Txn,CREDIT,4964.23,61992.65,General
C10,02-11-2024,UPI/General Txn,DEBIT,934.08,27536.9,General
C10,02-11-2024,UPI/General Txn,CREDIT,1539.25,34084.57,General
C10,03-11-2024,UPI/General Txn,CREDIT,2172.08,23517.51,General
C10,03-11-2024,UPI/General Txn,CREDIT,1243.14,66695.6,General
C10,03-11-2024,UPI/General Txn,CREDIT,3679.02,38028.53,General
C10,03-11-2024,UPI/General Txn,DEBIT,892.62,48524.45,General
C10,03-11-2024,UPI/General Txn,DEBIT,3430.56,72962.38,General
C10,03-11-2024,UPI/General Txn,DEBIT,1864.95,87766.97,General
C10,03-11-2024,UPI/General Txn,CREDIT,3809.94,62101.69,General
C10,03-11-2024,UPI/General Txn,DEBIT,4005.14,39087.95,General
C10,03-11-2024,UPI/General Txn,CREDIT,2080.67,22229.79,General
C10,03-11-2024,UPI/General Txn,DEBIT,1990.99,95767.24,General
C10,03-11-2024,UPI/General Txn,CREDIT,3105.78,24300.45,General
C10,03-11-2024,UPI/General Txn,DEBIT,4972.8,96191.37,General
C10,04-11-2024,UPI/General Txn,DEBIT,3840.41,28031.58,General
C10,04-11-2024,UPI/General Txn,DEBIT,2527.02,92980.35,General
C10,04-11-2024,UPI/General Txn,CREDIT,1060.77,84733.95,General
C10,04-11-2024,UPI/General Txn,CREDIT,1942.97,97005.14,General
C10,04-11-2024,UPI/General Txn,DEBIT,1293.65,86709.92,General
C10,04-11-2024,UPI/General Txn,CREDIT,3328.38,55787.4,General
C10,04-11-2024,UPI/General Txn,CREDIT,3352.53,70428.24,General
C10,04-11-2024,UPI/General Txn,DEBIT,4956.06,28074.48,General
C10,04-11-2024,UPI/General Txn,DEBIT,1083.72,89560.08,General
C10,04-11-2024,UPI/General Txn,CREDIT,2459.86,44591.52,General
C10,05-11-2024,UPI/Friend salary joke,CREDIT,2209.06,37019.91,Other
C10,05-11-2024,UPI/Friend salary joke,CREDIT,3241.31,87398.65,Other
C10,05-11-2024,UPI/Friend salary joke,CREDIT,4141.31,61144.97,Other
C10,05-11-2024,UPI/General Txn,DEBIT,680.37,39469.54,General
C10,05-11-2024,UPI/Friend salary joke,CREDIT,1761.11,70051.11,Other
C10,05-11-2024,UPI/General Txn,DEBIT,2978.49,93511.81,General
C10,05-11-2024,UPI/Friend salary joke,CREDIT,1917.87,39921.35,Other
C10,05-11-2024,UPI/Friend salary joke,CREDIT,2063.16,2541.98,Other
C10,06-11-2024,UPI/General Txn,CREDIT,3346.85,36701.3,General
C10,06-11-2024,UPI/General Txn,DEBIT,124.02,60330.68,General
C10,06-11-2024,UPI/General Txn,DEBIT,1262.95,48068.17,General
C10,06-11-2024,UPI/General Txn,DEBIT,4215.65,72705.56,General
C10,06-11-2024,UPI/General Txn,CREDIT,4929.27,95422.7,General
C10,06-11-2024,UPI/General Txn,DEBIT,2957.64,36849.47,General
C10,06-11-2024,UPI/General Txn,DEBIT,718.1,33597.44,General
C10,06-11-2024,UPI/General Txn,DEBIT,3143.58,39553.58,General
C10,06-11-2024,UPI/General Txn,DEBIT,362.62,67014.11,General
C10,06-11-2024,UPI/General Txn,DEBIT,3940.48,67055.01,General
C10,07-11-2024,UPI/General Txn,CREDIT,507.5,42989.11,General
C10,07-11-2024,UPI/General Txn,CREDIT,2134.86,20060.12,General
C10,07-11-2024,UPI/General Txn,CREDIT,1363.82,96826.34,General
C10,07-11-2024,UPI/General Txn,DEBIT,3760.23,14792.19,General
C10,07-11-2024,UPI/General Txn,DEBIT,529.83,1119.52,General
C10,07-11-2024,UPI/General Txn,DEBIT,3395.67,65859.71,General
C10,07-11-2024,UPI/General Txn,CREDIT,1046.76,66934.93,General
C10,07-11-2024,UPI/General Txn,DEBIT,1939.79,76652.04,General
C10,08-11-2024,UPI/General Txn,CREDIT,4278.22,13657.81,General
C10,08-11-2024,UPI/General Txn,DEBIT,3401.88,8284.06,General
C10,08-11-2024,UPI/General Txn,CREDIT,1392.11,53393.31,General
C10,08-11-2024,UPI/General Txn,CREDIT,2519.57,94920.06,General
C10,08-11-2024,UPI/General Txn,CREDIT,1300.56,85751.75,General
C10,08-11-2024,UPI/General Txn,CREDIT,4699.58,72739.29,General
C10,08-11-2024,UPI/General Txn,DEBIT,444.02,13518.07,General
C10,08-11-2024,UPI/General Txn,DEBIT,451.93,87999.86,General
C10,08-11-2024,UPI/General Txn,DEBIT,202.86,75314.64,General
C10,08-11-2024,UPI/General Txn,CREDIT,2678.72,82372.79,General
C10,08-11-2024,UPI/General Txn,CREDIT,695.66,7249.92,General
C10,08-11-2024,UPI/General Txn,DEBIT,3185.5,83018.53,General
C10,09-11-2024,UPI/General Txn,CREDIT,1028.96,76693.13,General
C10,09-11-2024,UPI/General Txn,CREDIT,3482.36,61147.52,General
C10,09-11-2024,UPI/General Txn,DEBIT,2175.45,32369.55,General
C10,09-11-2024,UPI/General Txn,DEBIT,3165.81,41968.88,General
C10,09-11-2024,UPI/General Txn,CREDIT,2365.96,2480.1,General
C10,09-11-2024,UPI/General Txn,DEBIT,1294.71,78373.68,General
C10,09-11-2024,UPI/General Txn,DEBIT,3365.48,66200.33,General
C10,09-11-2024,UPI/General Txn,DEBIT,4889.8,79051,General
C10,09-11-2024,UPI/General Txn,CREDIT,2714.94,80699.28,General
C10,10-11-2024,UPI/General Txn,DEBIT,956.54,46648.44,General
C10,10-11-2024,UPI/General Txn,CREDIT,1374.18,84720.3,General
C10,10-11-2024,UPI/General Txn,DEBIT,910.54,31989.11,General
C10,10-11-2024,UPI/General Txn,CREDIT,4544.29,76399.42,General
C10,10-11-2024,UPI/General Txn,CREDIT,1364.88,76251.94,General
C10,10-11-2024,UPI/General Txn,CREDIT,1316.73,76907.65,General
C10,10-11-2024,UPI/General Txn,CREDIT,3675.27,51222.27,General
C10,10-11-2024,UPI/General Txn,DEBIT,4373.33,8364.17,General
C10,11-11-2024,UPI/General Txn,CREDIT,1181.85,26492.89,General
C10,11-11-2024,UPI/General Txn,DEBIT,3064.5,32726.98,General
C10,11-11-2024,UPI/General Txn,DEBIT,2548.44,84250.2,General
C10,11-11-2024,UPI/General Txn,CREDIT,1654.59,59789.38,General
C10,11-11-2024,UPI/General Txn,DEBIT,3333.64,77321.42,General
C10,11-11-2024,UPI/General Txn,DEBIT,4558.25,78219.88,General
C10,11-11-2024,UPI/General Txn,DEBIT,2700.17,18001.31,General
C10,11-11-2024,UPI/General Txn,DEBIT,1846.02,69121.45,General
C10,11-11-2024,UPI/General Txn,CREDIT,177.48,95498.44,General
C10,12-11-2024,UPI/General Txn,DEBIT,2393.01,41833.17,General
C10,12-11-2024,UPI/General Txn,CREDIT,4442.99,40131.71,General
C10,12-11-2024,UPI/General Txn,DEBIT,210.19,19835.92,General
C10,12-11-2024,UPI/General Txn,DEBIT,2592.73,53983.55,General
C10,12-11-2024,UPI/General Txn,CREDIT,132.9,35125.35,General
C10,12-11-2024,UPI/General Txn,CREDIT,3134.22,47372.3,General
C10,12-11-2024,UPI/General Txn,CREDIT,1214.15,97046.96,General
C10,12-11-2024,UPI/General Txn,DEBIT,4003.61,60562.79,General
C10,12-11-2024,UPI/General Txn,CREDIT,1859.11,85418.78,General
C10,13-11-2024,UPI/General Txn,DEBIT,3841.84,56868.18,General
C10,13-11-2024,UPI/General Txn,DEBIT,3253.14,26230.73,General
C10,13-11-2024,UPI/General Txn,DEBIT,2312.05,8275.55,General
C10,13-11-2024,UPI/General Txn,DEBIT,2449.47,98776.26,General
C10,13-11-2024,UPI/General Txn,CREDIT,4819.56,2173.1,General
C10,13-11-2024,UPI/General Txn,CREDIT,3581.37,15693.35,General
C10,13-11-2024,UPI/General Txn,CREDIT,1840.22,86421.68,General
C10,13-11-2024,UPI/General Txn,DEBIT,609.96,37112.02,General
C10,13-11-2024,UPI/General Txn,DEBIT,2822.49,21323.34,General
C10,13-11-2024,UPI/General Txn,DEBIT,250.08,54761.01,General
C10,14-11-2024,UPI/General Txn,DEBIT,2049.82,4175.26,General
C10,14-11-2024,UPI/General Txn,DEBIT,4743.89,58225.61,General
C10,14-11-2024,UPI/General Txn,CREDIT,914.03,99428.4,General
C10,14-11-2024,UPI/General Txn,CREDIT,2837.24,23093.99,General
C10,14-11-2024,UPI/General Txn,DEBIT,4554.65,80137.73,General
C10,14-11-2024,UPI/General Txn,CREDIT,292.65,68612.24,General
C10,14-11-2024,UPI/General Txn,DEBIT,2656.34,9239.23,General
C10,14-11-2024,UPI/General Txn,DEBIT,3219.72,71910.64,General
C10,14-11-2024,UPI/General Txn,CREDIT,4909.79,54932.09,General
C10,14-11-2024,UPI/General Txn,DEBIT,831.79,47721.69,General
C10,15-11-2024,UPI/General Txn,CREDIT,413.86,84650.43,General
C10,15-11-2024,UPI/General Txn,DEBIT,2797.02,54932.23,General
C10,15-11-2024,UPI/General Txn,DEBIT,1341.58,44248.5,General
C10,15-11-2024,UPI/General Txn,CREDIT,3610.7,61694.13,General
C10,15-11-2024,UPI/General Txn,DEBIT,2206.42,63293.83,General
C10,15-11-2024,UPI/General Txn,DEBIT,1698.61,62845.86,General
C10,15-11-2024,UPI/General Txn,CREDIT,3680.25,33869.67,General
C10,15-11-2024,UPI/General Txn,DEBIT,3453.71,2813.72,General
C10,16-11-2024,UPI/General Txn,DEBIT,4436.51,51813.49,General
C10,16-11-2024,UPI/General Txn,CREDIT,3130.37,71290.52,General
C10,16-11-2024,UPI/General Txn,DEBIT,731.22,21591.13,General
C10,16-11-2024,UPI/General Txn,DEBIT,333.52,42415.82,General
C10,16-11-2024,UPI/General Txn,DEBIT,4980.56,13771.19,General
C10,16-11-2024,UPI/General Txn,DEBIT,1678.97,74836.4,General
C10,16-11-2024,UPI/General Txn,DEBIT,2691.84,70833.55,General
C10,16-11-2024,UPI/General Txn,CREDIT,1032.96,68597.48,General
C10,16-11-2024,UPI/General Txn,CREDIT,4398.06,20551.65,General
C10,16-11-2024,UPI/General Txn,DEBIT,2338.79,57857.25,General
C10,17-11-2024,UPI/General Txn,DEBIT,3860.85,85092.65,General
C10,17-11-2024,UPI/General Txn,DEBIT,2845.25,87248.81,General
C10,17-11-2024,UPI/General Txn,DEBIT,3576.37,13272.82,General
C10,17-11-2024,UPI/General Txn,CREDIT,4217.15,61609.41,General
C10,17-11-2024,UPI/General Txn,CREDIT,4197.13,72961.44,General
C10,17-11-2024,UPI/General Txn,DEBIT,1597.19,21427.79,General
C10,17-11-2024,UPI/General Txn,CREDIT,107.03,28566.37,General
C10,17-11-2024,UPI/General Txn,DEBIT,1338.33,39563.94,General
C10,17-11-2024,UPI/General Txn,CREDIT,2235.88,58448.2,General
C10,17-11-2024,UPI/General Txn,CREDIT,120.99,29724.84,General
C10,17-11-2024,UPI/General Txn,DEBIT,3698.47,10885.39,General
C10,18-11-2024,UPI/General Txn,CREDIT,2500.03,15127.43,General
C10,18-11-2024,UPI/General Txn,DEBIT,4732.32,52056.71,General
C10,18-11-2024,UPI/General Txn,CREDIT,2973.11,10493.37,General
C10,18-11-2024,UPI/General Txn,CREDIT,1857.46,81993.52,General
C10,18-11-2024,UPI/General Txn,CREDIT,3305.57,61912.11,General
C10,18-11-2024,UPI/General Txn,CREDIT,4893.3,10772.83,General
C10,18-11-2024,UPI/General Txn,DEBIT,3622.3,13094.74,General
C10,18-11-2024,UPI/General Txn,CREDIT,4198.64,37875.31,General
C10,19-11-2024,UPI/General Txn,DEBIT,3511.94,66405.23,General
C10,19-11-2024,UPI/General Txn,DEBIT,4900.13,33113.34,General
C10,19-11-2024,UPI/General Txn,DEBIT,4203.52,98426.5,General
C10,19-11-2024,UPI/General Txn,CREDIT,3274.82,24266.15,General
C10,19-11-2024,UPI/General Txn,DEBIT,4614.05,95510.05,General
C10,19-11-2024,UPI/General Txn,CREDIT,4269.08,50197.46,General
C10,19-11-2024,UPI/General Txn,CREDIT,2082.5,74869.05,General
C10,19-11-2024,UPI/General Txn,CREDIT,3414.17,5625.56,General
C10,19-11-2024,UPI/General Txn,DEBIT,621.88,91548.91,General
C10,20-11-2024,UPI/General Txn,CREDIT,4103.65,51147.69,General
C10,20-11-2024,UPI/General Txn,DEBIT,2233.47,46837.68,General
C10,20-11-2024,UPI/General Txn,DEBIT,3550.21,40784.73,General
C10,20-11-2024,UPI/General Txn,CREDIT,1183.14,28359.68,General
C10,20-11-2024,UPI/General Txn,DEBIT,2979.05,2967.33,General
C10,20-11-2024,UPI/General Txn,CREDIT,4551.53,80431.82,General
C10,20-11-2024,UPI/General Txn,DEBIT,2714.87,70963.17,General
C10,20-11-2024,UPI/General Txn,DEBIT,3005.74,83840.23,General
C10,20-11-2024,UPI/General Txn,CREDIT,2215.66,82854.91,General
C10,21-11-2024,UPI/General Txn,DEBIT,972.65,37429.64,General
C10,21-11-2024,UPI/General Txn,CREDIT,3542.34,66414.34,General
C10,21-11-2024,UPI/General Txn,DEBIT,1885.88,5474.36,General
C10,21-11-2024,UPI/General Txn,CREDIT,3708.62,56789.56,General
C10,21-11-2024,UPI/General Txn,CREDIT,2270.48,50096.61,General
C10,21-11-2024,UPI/General Txn,DEBIT,3075.61,11590.5,General
C10,21-11-2024,UPI/General Txn,CREDIT,1023,98954.46,General
C10,21-11-2024,UPI/General Txn,DEBIT,4007.66,2813.82,General
C10,21-11-2024,UPI/General Txn,CREDIT,1596.71,47305.85,General
C10,22-11-2024,UPI/General Txn,CREDIT,2266.54,33188.71,General
C10,22-11-2024,UPI/General Txn,DEBIT,4353.11,9688.55,General
C10,22-11-2024,UPI/General Txn,CREDIT,2006.37,96830,General
C10,22-11-2024,UPI/General Txn,DEBIT,2895.16,80001.22,General
C10,22-11-2024,UPI/General Txn,CREDIT,634.25,66270.46,General
C10,22-11-2024,UPI/General Txn,DEBIT,4824.88,12512.29,General
C10,22-11-2024,UPI/General Txn,CREDIT,1105.02,71222.67,General
C10,22-11-2024,UPI/General Txn,CREDIT,3016.05,7018,General
C10,22-11-2024,UPI/General Txn,DEBIT,4585.53,27957.17,General
C10,23-11-2024,UPI/General Txn,DEBIT,3435.72,13860.57,General
C10,23-11-2024,UPI/General Txn,DEBIT,2587.18,1696.21,General
C10,23-11-2024,UPI/General Txn,CREDIT,4943.11,28795.56,General
C10,23-11-2024,UPI/General Txn,DEBIT,4522.27,75022.41,General
C10,23-11-2024,UPI/General Txn,CREDIT,3679.56,58154.29,General
C10,23-11-2024,UPI/General Txn,DEBIT,4315.47,47187.69,General
C10,23-11-2024,UPI/General Txn,CREDIT,3203.67,69897.24,General
C10,23-11-2024,UPI/General Txn,DEBIT,4681.7,21913.12,General
C10,23-11-2024,UPI/General Txn,CREDIT,3416.12,88368.97,General
C10,23-11-2024,UPI/General Txn,CREDIT,813.12,73654.16,General
C10,23-11-2024,UPI/General Txn,CREDIT,4819.85,51740.42,General
C10,24-11-2024,UPI/General Txn,CREDIT,2775.88,77818.29,General
C10,24-11-2024,UPI/General Txn,CREDIT,4848.86,40196.65,General
C10,24-11-2024,UPI/General Txn,DEBIT,1289.29,64859.94,General
C10,24-11-2024,UPI/General Txn,CREDIT,2404.29,59151.17,General
C10,24-11-2024,UPI/General Txn,CREDIT,3115.84,78401.54,General
C10,24-11-2024,UPI/General Txn,CREDIT,1631.9,87085.28,General
C10,24-11-2024,UPI/General Txn,DEBIT,1617.56,85149.9,General
C10,24-11-2024,UPI/General Txn,CREDIT,311.75,58571.51,General
C10,25-11-2024,UPI/General Txn,DEBIT,3744.7,39174.54,General
C10,25-11-2024,UPI/General Txn,CREDIT,3878.81,29196.12,General
C10,25-11-2024,UPI/General Txn,CREDIT,1238.07,83204.12,General
C10,25-11-2024,UPI/General Txn,DEBIT,4968.22,69247.56,General
C10,25-11-2024,UPI/General Txn,CREDIT,251.86,25699.08,General
C10,25-11-2024,UPI/General Txn,DEBIT,2940.72,92169.26,General
C10,25-11-2024,UPI/General Txn,DEBIT,2627.05,46744.06,General
C10,25-11-2024,UPI/General Txn,CREDIT,3069.25,37023.55,General
C10,25-11-2024,UPI/General Txn,CREDIT,4289.85,51230.93,General
C10,26-11-2024,UPI/General Txn,CREDIT,4617.47,33656.7,General
C10,26-11-2024,UPI/General Txn,DEBIT,3363.37,38463.25,General
C10,26-11-2024,UPI/General Txn,DEBIT,2678.61,99107.27,General
C10,26-11-2024,UPI/General Txn,CREDIT,3418.23,84259.82,General
C10,26-11-2024,UPI/General Txn,DEBIT,3497.78,99611.79,General
C10,26-11-2024,UPI/General Txn,DEBIT,3295.56,80830.66,General
C10,26-11-2024,UPI/General Txn,CREDIT,4216.97,95772.85,General
C10,26-11-2024,UPI/General Txn,DEBIT,560.21,32313.99,General
C10,26-11-2024,UPI/General Txn,DEBIT,225.15,49701.02,General
C10,27-11-2024,UPI/General Txn,DEBIT,1167.77,15712.61,General
C10,27-11-2024,UPI/General Txn,CREDIT,1067.12,28969.6,General
C10,27-11-2024,UPI/General Txn,DEBIT,1257.85,41471.22,General
C10,27-11-2024,UPI/General Txn,CREDIT,2980.56,13859.69,General
C10,27-11-2024,UPI/General Txn,DEBIT,2816.2,73076.5,General
C10,27-11-2024,UPI/General Txn,DEBIT,1198.62,93039.97,General
C10,27-11-2024,UPI/General Txn,CREDIT,3448.55,32191.04,General
C10,27-11-2024,UPI/General Txn,DEBIT,877.25,32042.64,General
C10,27-11-2024,UPI/General Txn,CREDIT,3387.76,81077.34,General
C10,27-11-2024,UPI/General Txn,CREDIT,1495.24,16431.64,General
C10,27-11-2024,UPI/General Txn,DEBIT,3011.75,19649.08,General
C10,27-11-2024,UPI/General Txn,DEBIT,4846.04,27515.99,General
C10,28-11-2024,UPI/General Txn,CREDIT,466.7,79428.85,General
C10,28-11-2024,UPI/General Txn,DEBIT,1715.72,58930.85,General
C10,28-11-2024,UPI/General Txn,CREDIT,3580.77,37446.3,General
C10,28-11-2024,UPI/General Txn,DEBIT,3504.82,91411.45,General
C10,28-11-2024,UPI/General Txn,DEBIT,829.1,41696.25,General
C10,28-11-2024,UPI/General Txn,DEBIT,2404.29,20261.6,General
C10,28-11-2024,UPI/General Txn,CREDIT,4874.44,93764.76,General
C10,28-11-2024,UPI/General Txn,CREDIT,3985.54,80132.75,General
C10,28-11-2024,UPI/General Txn,DEBIT,4016.06,76831.16,General
C10,28-11-2024,UPI/General Txn,DEBIT,628.09,92789.98,General
C10,28-11-2024,UPI/General Txn,DEBIT,3025.62,48283.3,General
C10,29-11-2024,UPI/General Txn,CREDIT,4229.42,3936.71,General
C10,29-11-2024,UPI/General Txn,DEBIT,3701.22,90706.55,General
C10,29-11-2024,UPI/General Txn,DEBIT,927.41,90728.83,General
C10,29-11-2024,UPI/General Txn,DEBIT,2751,65965.31,General
C10,29-11-2024,UPI/General Txn,CREDIT,3198.37,39234.13,General
C10,29-11-2024,UPI/General Txn,CREDIT,1488.09,25584.91,General
C10,29-11-2024,UPI/General Txn,CREDIT,121.42,37726.86,General
C10,29-11-2024,UPI/General Txn,CREDIT,1686.83,58482.6,General
C10,30-11-2024,UPI/General Txn,CREDIT,717.74,22012.35,General
C10,30-11-2024,UPI/General Txn,DEBIT,1730.87,50472.52,General
C10,30-11-2024,UPI/General Txn,CREDIT,2487.71,92370.26,General
C10,30-11-2024,UPI/General Txn,DEBIT,1160.3,49327.7,General
C10,30-11-2024,UPI/General Txn,DEBIT,4303.35,58079.28,General
C10,30-11-2024,UPI/General Txn,CREDIT,3042.97,68159.05,General
C10,30-11-2024,UPI/General Txn,DEBIT,2114.19,52435.31,General
C10,30-11-2024,UPI/General Txn,DEBIT,3501.98,40630.43,General
